Date,Open,High,Low,Close,Adj Close,Volume
1996-03-18,10.125000,10.125000,10.000000,10.000000,3.283057,35200
1996-03-19,10.125000,10.125000,10.125000,10.125000,3.324095,500
1996-03-20,10.125000,10.125000,10.125000,10.125000,3.324095,500
1996-03-21,10.250000,10.250000,10.250000,10.250000,3.365134,37700
1996-03-22,10.250000,10.250000,10.250000,10.250000,3.365134,600
1996-03-25,10.250000,10.250000,10.250000,10.250000,3.365134,500
1996-03-26,10.250000,10.250000,10.250000,10.250000,3.365134,0
1996-03-27,10.250000,10.250000,10.250000,10.250000,3.365134,400
1996-03-28,10.250000,10.250000,10.250000,10.250000,3.365134,100
1996-03-29,10.125000,10.250000,10.125000,10.250000,3.365134,200200
1996-04-01,10.375000,10.375000,10.375000,10.375000,3.406171,900
1996-04-02,10.375000,10.375000,10.375000,10.375000,3.406171,3700
1996-04-03,10.250000,10.250000,10.187500,10.250000,3.365134,5300
1996-04-04,10.375000,10.375000,10.375000,10.375000,3.406171,100
1996-04-08,10.125000,10.187500,10.125000,10.187500,3.344615,10300
1996-04-09,10.312500,10.312500,10.312500,10.312500,3.385652,10000
1996-04-10,10.312500,10.375000,10.250000,10.250000,3.365134,8600
1996-04-11,10.250000,10.250000,10.250000,10.250000,3.365134,0
1996-04-12,10.250000,10.250000,10.250000,10.250000,3.365134,0
1996-04-15,10.375000,10.500000,10.375000,10.500000,3.447210,65300
1996-04-16,10.500000,10.500000,10.375000,10.437500,3.426691,16000
1996-04-17,10.437500,10.437500,10.437500,10.437500,3.426691,1300
1996-04-18,10.375000,10.500000,10.375000,10.500000,3.447210,19200
1996-04-19,10.500000,10.500000,10.500000,10.500000,3.447210,2200
1996-04-22,10.562500,10.562500,10.500000,10.500000,3.447210,1400
1996-04-23,10.625000,10.687500,10.625000,10.625000,3.488248,246000
1996-04-24,10.687500,10.687500,10.687500,10.687500,3.508767,5400
1996-04-25,10.687500,10.750000,10.687500,10.687500,3.508767,21100
1996-04-26,10.812500,10.875000,10.750000,10.812500,3.549804,51800
1996-04-29,10.875000,10.875000,10.687500,10.750000,3.529287,35900
1996-04-30,10.687500,10.687500,10.687500,10.687500,3.508767,1600
1996-05-01,10.687500,10.687500,10.625000,10.687500,3.508767,3900
1996-05-02,10.750000,10.875000,10.687500,10.812500,3.549804,145600
1996-05-03,10.812500,10.812500,10.750000,10.812500,3.549804,19000
1996-05-06,10.875000,10.875000,10.750000,10.750000,3.529287,51500
1996-05-07,10.812500,10.812500,10.812500,10.812500,3.549804,14600
1996-05-08,10.812500,10.812500,10.687500,10.812500,3.549804,16500
1996-05-09,10.750000,10.750000,10.687500,10.750000,3.529287,4000
1996-05-10,10.750000,10.750000,10.750000,10.750000,3.529287,1000
1996-05-13,10.687500,10.687500,10.562500,10.562500,3.467729,25500
1996-05-14,10.687500,10.750000,10.687500,10.750000,3.529287,2100
1996-05-15,10.625000,10.687500,10.625000,10.687500,3.508767,3100
1996-05-16,10.562500,10.625000,10.437500,10.562500,3.467729,18300
1996-05-17,10.437500,10.562500,10.437500,10.562500,3.467729,5100
1996-05-20,10.500000,10.625000,10.500000,10.625000,3.488248,3500
1996-05-21,10.750000,10.812500,10.437500,10.562500,3.467729,29000
1996-05-22,10.562500,10.562500,10.562500,10.562500,3.467729,700
1996-05-23,10.562500,10.562500,10.562500,10.562500,3.467729,7700
1996-05-24,10.562500,10.562500,10.562500,10.562500,3.467729,900
1996-05-28,10.625000,10.625000,10.562500,10.562500,3.467729,600
1996-05-29,10.625000,10.625000,10.625000,10.625000,3.488248,12000
1996-05-30,10.625000,10.625000,10.562500,10.562500,3.467729,3600
1996-05-31,10.625000,10.625000,10.625000,10.625000,3.488248,7600
1996-06-03,10.500000,10.500000,10.375000,10.375000,3.406171,3400
1996-06-04,10.500000,10.500000,10.500000,10.500000,3.447210,7100
1996-06-05,10.437500,10.437500,10.437500,10.437500,3.426691,2300
1996-06-06,10.375000,10.375000,10.375000,10.375000,3.406171,3100
1996-06-07,10.250000,10.250000,10.250000,10.250000,3.365134,11000
1996-06-10,10.250000,10.312500,10.250000,10.312500,3.385652,16800
1996-06-11,10.312500,10.375000,10.312500,10.375000,3.406171,5800
1996-06-12,10.500000,10.500000,10.437500,10.437500,3.426691,10600
1996-06-13,10.500000,10.500000,10.375000,10.500000,3.447210,38500
1996-06-14,10.500000,10.500000,10.437500,10.500000,3.447210,7300
1996-06-17,10.437500,10.437500,10.437500,10.437500,3.426691,7400
1996-06-18,10.500000,10.500000,10.375000,10.500000,3.447210,5600
1996-06-19,10.500000,10.500000,10.375000,10.375000,3.406171,7200
1996-06-20,10.562500,10.562500,10.500000,10.562500,3.467729,7500
1996-06-21,10.562500,10.625000,10.562500,10.562500,3.467729,9800
1996-06-24,10.625000,10.625000,10.562500,10.562500,3.467729,10700
1996-06-25,10.562500,10.625000,10.562500,10.562500,3.467729,2100
1996-06-26,10.500000,10.562500,10.500000,10.562500,3.467729,4200
1996-06-27,10.500000,10.500000,10.375000,10.375000,3.406171,3200
1996-06-28,10.437500,10.437500,10.437500,10.437500,3.426691,2400
1996-07-01,10.437500,10.437500,10.437500,10.437500,3.426691,4700
1996-07-02,10.437500,10.500000,10.437500,10.500000,3.447210,7000
1996-07-03,10.437500,10.437500,10.250000,10.312500,3.385652,13000
1996-07-05,10.250000,10.375000,10.250000,10.375000,3.406171,7400
1996-07-08,10.562500,10.562500,10.250000,10.250000,3.365134,22500
1996-07-09,10.375000,10.375000,10.375000,10.375000,3.406171,22200
1996-07-10,10.375000,10.375000,10.250000,10.375000,3.406171,11200
1996-07-11,10.250000,10.250000,10.062500,10.062500,3.303576,35000
1996-07-12,10.125000,10.125000,10.000000,10.125000,3.324095,20700
1996-07-15,9.875000,9.875000,9.750000,9.750000,3.200980,3300
1996-07-16,9.750000,9.750000,9.562500,9.562500,3.139424,18700
1996-07-17,9.687500,9.875000,9.562500,9.875000,3.242018,13000
1996-07-18,9.875000,9.875000,9.875000,9.875000,3.242018,300
1996-07-19,10.250000,10.250000,10.000000,10.000000,3.283057,11700
1996-07-22,9.875000,10.000000,9.875000,10.000000,3.283057,9900
1996-07-23,9.875000,10.000000,9.875000,10.000000,3.283057,4600
1996-07-24,9.750000,9.750000,9.500000,9.625000,3.159942,99000
1996-07-25,9.625000,9.750000,9.625000,9.625000,3.159942,21900
1996-07-26,9.750000,9.812500,9.750000,9.812500,3.221498,1200
1996-07-29,9.812500,9.812500,9.812500,9.812500,3.221498,17400
1996-07-30,9.812500,9.812500,9.812500,9.812500,3.221498,600
1996-07-31,9.937500,10.125000,9.937500,10.000000,3.283057,27700
1996-08-01,10.062500,10.062500,9.937500,10.000000,3.283057,3200
1996-08-02,10.000000,10.000000,10.000000,10.000000,3.283057,600
1996-08-05,10.000000,10.000000,10.000000,10.000000,3.283057,600
1996-08-06,10.000000,10.000000,10.000000,10.000000,3.283057,1300
1996-08-07,10.062500,10.125000,10.062500,10.125000,3.324095,2900
1996-08-08,10.125000,10.125000,10.125000,10.125000,3.324095,0
1996-08-09,10.000000,10.000000,10.000000,10.000000,3.283057,10000
1996-08-12,10.000000,10.000000,10.000000,10.000000,3.283057,0
1996-08-13,10.000000,10.000000,10.000000,10.000000,3.283057,0
1996-08-14,10.125000,10.125000,10.125000,10.125000,3.324095,1200
1996-08-15,10.062500,10.125000,10.062500,10.125000,3.324095,700
1996-08-16,10.125000,10.125000,10.125000,10.125000,3.324095,200
1996-08-19,10.375000,10.437500,10.375000,10.437500,3.426691,1500
1996-08-20,10.375000,10.375000,10.375000,10.375000,3.406171,300
1996-08-21,10.500000,10.625000,10.500000,10.500000,3.447210,3200
1996-08-22,10.500000,10.500000,10.375000,10.375000,3.406171,3700
1996-08-23,10.500000,10.500000,10.437500,10.437500,3.426691,9600
1996-08-26,10.375000,10.375000,10.250000,10.250000,3.426523,500
1996-08-27,10.187500,10.187500,10.187500,10.187500,3.405630,300
1996-08-28,10.125000,10.125000,10.125000,10.125000,3.384736,2700
1996-08-29,10.125000,10.125000,10.125000,10.125000,3.384736,300
1996-08-30,10.187500,10.187500,10.187500,10.187500,3.405630,1900
1996-09-03,10.125000,10.125000,10.000000,10.000000,3.342949,1900
1996-09-04,10.062500,10.187500,10.062500,10.187500,3.405630,700
1996-09-05,10.062500,10.062500,10.062500,10.062500,3.363843,300
1996-09-06,10.125000,10.125000,10.125000,10.125000,3.384736,10000
1996-09-09,10.250000,10.250000,10.125000,10.125000,3.384736,2000
1996-09-10,10.250000,10.250000,10.250000,10.250000,3.426523,200
1996-09-11,10.250000,10.250000,10.250000,10.250000,3.426523,900
1996-09-12,10.250000,10.250000,10.250000,10.250000,3.426523,0
1996-09-13,10.250000,10.250000,10.125000,10.125000,3.384736,2100
1996-09-16,10.125000,10.125000,10.125000,10.125000,3.384736,0
1996-09-17,10.125000,10.125000,10.000000,10.125000,3.384736,1400
1996-09-18,9.937500,9.937500,9.812500,9.875000,3.301163,78400
1996-09-19,9.875000,9.937500,9.875000,9.937500,3.322056,700
1996-09-20,10.000000,10.000000,9.875000,9.875000,3.301163,200
1996-09-23,9.750000,9.750000,9.750000,9.750000,3.259376,1700
1996-09-24,9.875000,9.875000,9.875000,9.875000,3.301163,1400
1996-09-25,9.937500,10.125000,9.937500,10.125000,3.384736,4300
1996-09-26,10.125000,10.125000,10.125000,10.125000,3.384736,0
1996-09-27,10.062500,10.062500,10.062500,10.062500,3.363843,600
1996-09-30,10.062500,10.187500,10.062500,10.187500,3.405630,1800
1996-10-01,10.187500,10.187500,10.062500,10.125000,3.384736,1100
1996-10-02,10.250000,10.375000,10.250000,10.375000,3.468310,2100
1996-10-03,10.312500,10.312500,10.250000,10.250000,3.426523,5800
1996-10-04,10.375000,10.375000,10.312500,10.312500,3.447416,1200
1996-10-07,10.250000,10.437500,10.250000,10.437500,3.489204,13600
1996-10-08,10.312500,10.375000,10.312500,10.375000,3.468310,700
1996-10-09,10.375000,10.375000,10.250000,10.312500,3.447416,600
1996-10-10,10.312500,10.375000,10.312500,10.375000,3.468310,700
1996-10-11,10.375000,10.500000,10.375000,10.500000,3.510098,36000
1996-10-14,10.375000,10.625000,10.375000,10.562500,3.530991,6000
1996-10-15,10.687500,10.687500,10.500000,10.500000,3.510098,16800
1996-10-16,10.625000,10.625000,10.500000,10.625000,3.551884,4100
1996-10-17,10.625000,10.625000,10.562500,10.625000,3.551884,9400
1996-10-18,10.562500,10.750000,10.562500,10.687500,3.572778,2200
1996-10-21,10.687500,10.750000,10.687500,10.750000,3.593672,3700
1996-10-22,10.750000,10.750000,10.750000,10.750000,3.593672,1900
1996-10-23,10.750000,10.750000,10.625000,10.750000,3.593672,13400
1996-10-24,10.687500,10.812500,10.687500,10.812500,3.614563,3400
1996-10-25,10.625000,10.625000,10.625000,10.625000,3.551884,8700
1996-10-28,10.562500,10.562500,10.375000,10.375000,3.468310,4300
1996-10-29,10.375000,10.375000,10.312500,10.375000,3.468310,1500
1996-10-30,10.500000,10.562500,10.500000,10.500000,3.510098,4300
1996-10-31,10.625000,10.625000,10.625000,10.625000,3.551884,200
1996-11-01,10.562500,10.562500,10.500000,10.500000,3.510098,11100
1996-11-04,10.625000,10.625000,10.500000,10.625000,3.551884,1500
1996-11-05,10.625000,10.625000,10.500000,10.500000,3.510098,20100
1996-11-06,10.500000,10.625000,10.500000,10.500000,3.510098,2600
1996-11-07,10.500000,10.500000,10.375000,10.375000,3.468310,1200
1996-11-08,10.437500,10.437500,10.437500,10.437500,3.489204,40000
1996-11-11,10.375000,10.437500,10.312500,10.437500,3.489204,28600
1996-11-12,10.437500,10.437500,10.437500,10.437500,3.489204,0
1996-11-13,10.375000,10.375000,10.375000,10.375000,3.468310,1200
1996-11-14,10.375000,10.500000,10.375000,10.500000,3.510098,39300
1996-11-15,10.500000,10.625000,10.500000,10.625000,3.551884,20100
1996-11-18,10.625000,10.625000,10.500000,10.625000,3.551884,3300
1996-11-19,10.625000,10.625000,10.562500,10.625000,3.551884,3100
1996-11-20,10.750000,10.750000,10.687500,10.687500,3.572778,1300
1996-11-21,10.875000,11.000000,10.875000,10.937500,3.656350,21200
1996-11-22,10.937500,10.937500,10.875000,10.875000,3.635458,4200
1996-11-25,11.000000,11.125000,11.000000,11.062500,3.698138,28000
1996-11-26,11.000000,11.000000,11.000000,11.000000,3.677245,6300
1996-11-27,11.000000,11.000000,10.875000,10.937500,3.656350,30600
1996-11-29,11.000000,11.000000,10.937500,10.937500,3.656350,12300
1996-12-02,11.000000,11.062500,11.000000,11.062500,3.698138,9900
1996-12-03,10.937500,11.000000,10.750000,10.750000,3.593672,8000
1996-12-04,10.750000,10.750000,10.625000,10.625000,3.551884,1100
1996-12-05,10.750000,10.750000,10.750000,10.750000,3.593672,1100
1996-12-06,10.500000,10.562500,10.500000,10.500000,3.510098,48800
1996-12-09,10.625000,10.687500,10.562500,10.687500,3.572778,2900
1996-12-10,10.750000,10.750000,10.750000,10.750000,3.593672,3000
1996-12-11,10.500000,10.625000,10.500000,10.625000,3.551884,5400
1996-12-12,10.437500,10.562500,10.437500,10.500000,3.510098,5100
1996-12-13,10.437500,10.437500,10.375000,10.437500,3.489204,3400
1996-12-16,10.562500,10.562500,10.562500,10.562500,3.530991,300
1996-12-17,10.437500,10.437500,10.375000,10.375000,3.468310,2900
1996-12-18,10.375000,10.375000,10.375000,10.375000,3.468310,0
1996-12-19,10.562500,10.562500,10.500000,10.500000,3.510098,1600
1996-12-20,10.687500,10.812500,10.687500,10.812500,3.614563,6900
1996-12-23,10.750000,10.812500,10.750000,10.812500,3.653421,22200
1996-12-24,10.750000,10.750000,10.750000,10.750000,3.632304,4100
1996-12-26,10.687500,10.687500,10.687500,10.687500,3.611186,100
1996-12-27,10.687500,10.875000,10.687500,10.687500,3.611186,2700
1996-12-30,10.812500,10.937500,10.812500,10.937500,3.695657,4300
1996-12-31,10.937500,11.000000,10.812500,11.000000,3.716776,3800
1997-01-02,10.812500,10.875000,10.750000,10.750000,3.632304,3900
1997-01-03,10.812500,10.812500,10.687500,10.687500,3.611186,5700
1997-01-06,10.687500,10.750000,10.625000,10.750000,3.632304,7100
1997-01-07,10.625000,10.750000,10.625000,10.750000,3.632304,19700
1997-01-08,10.625000,10.687500,10.625000,10.687500,3.611186,800
1997-01-09,10.562500,10.687500,10.562500,10.625000,3.590068,4800
1997-01-10,10.625000,10.625000,10.625000,10.625000,3.590068,300
1997-01-13,10.687500,10.687500,10.625000,10.687500,3.611186,2900
1997-01-14,10.687500,10.750000,10.625000,10.687500,3.611186,6000
1997-01-15,10.750000,10.750000,10.625000,10.750000,3.632304,4900
1997-01-16,10.750000,10.812500,10.687500,10.812500,3.653421,13300
1997-01-17,10.812500,10.812500,10.812500,10.812500,3.653421,1100
1997-01-20,10.812500,10.812500,10.750000,10.812500,3.653421,20700
1997-01-21,10.750000,10.750000,10.625000,10.625000,3.590068,12100
1997-01-22,10.687500,10.750000,10.625000,10.750000,3.632304,13900
1997-01-23,10.687500,10.687500,10.687500,10.687500,3.611186,900
1997-01-24,10.625000,10.625000,10.500000,10.625000,3.590068,2900
1997-01-27,10.625000,10.625000,10.625000,10.625000,3.590068,13600
1997-01-28,10.500000,10.500000,10.437500,10.437500,3.526713,300
1997-01-29,10.500000,10.500000,10.500000,10.500000,3.547831,600
1997-01-30,10.500000,10.500000,10.375000,10.375000,3.505595,11700
1997-01-31,10.500000,10.500000,10.500000,10.500000,3.547831,22600
1997-02-03,10.437500,10.625000,10.437500,10.562500,3.568949,3800
1997-02-04,10.437500,10.437500,10.437500,10.437500,3.526713,3700
1997-02-05,10.562500,10.562500,10.437500,10.500000,3.547831,1900
1997-02-06,10.500000,10.562500,10.437500,10.437500,3.526713,7900
1997-02-07,10.437500,10.562500,10.437500,10.562500,3.568949,5300
1997-02-10,10.500000,10.500000,10.375000,10.375000,3.505595,12200
1997-02-11,10.375000,10.562500,10.375000,10.562500,3.568949,6500
1997-02-12,10.562500,10.625000,10.562500,10.625000,3.590068,1900
1997-02-13,10.750000,10.937500,10.750000,10.750000,3.632304,23300
1997-02-14,10.750000,10.750000,10.625000,10.625000,3.590068,1500
1997-02-18,10.875000,10.875000,10.875000,10.875000,3.674541,4700
1997-02-19,10.812500,10.812500,10.687500,10.750000,3.632304,4200
1997-02-20,10.750000,10.750000,10.625000,10.750000,3.632304,23000
1997-02-21,10.875000,10.875000,10.875000,10.875000,3.674541,12700
1997-02-24,10.875000,11.000000,10.875000,11.000000,3.716776,3100
1997-02-25,11.000000,11.000000,11.000000,11.000000,3.716776,2200
1997-02-26,10.750000,10.750000,10.687500,10.687500,3.611186,100900
1997-02-27,10.687500,10.812500,10.687500,10.812500,3.653421,6700
1997-02-28,10.750000,10.750000,10.750000,10.750000,3.632304,17100
1997-03-03,10.625000,10.687500,10.625000,10.625000,3.590068,6700
1997-03-04,10.750000,10.875000,10.750000,10.875000,3.674541,23500
1997-03-05,10.750000,10.750000,10.750000,10.750000,3.632304,500
1997-03-06,10.937500,10.937500,10.937500,10.937500,3.695657,7800
1997-03-07,10.937500,10.937500,10.937500,10.937500,3.695657,1200
1997-03-10,10.875000,10.937500,10.875000,10.875000,3.674541,11900
1997-03-11,11.062500,11.062500,11.000000,11.000000,3.716776,4900
1997-03-12,10.937500,11.000000,10.937500,10.937500,3.695657,6700
1997-03-13,11.000000,11.000000,10.875000,10.875000,3.674541,2800
1997-03-14,10.812500,10.937500,10.812500,10.812500,3.653421,17100
1997-03-17,10.750000,10.750000,10.750000,10.750000,3.632304,500
1997-03-18,10.750000,10.750000,10.625000,10.625000,3.590068,1000
1997-03-19,10.625000,10.625000,10.625000,10.625000,3.590068,0
1997-03-20,10.625000,10.625000,10.562500,10.562500,3.568949,2000
1997-03-21,10.500000,10.625000,10.500000,10.625000,3.590068,1100
1997-03-24,10.687500,10.812500,10.687500,10.812500,3.653421,121900
1997-03-25,10.750000,10.750000,10.562500,10.687500,3.611186,19400
1997-03-26,10.562500,10.687500,10.562500,10.687500,3.611186,1300
1997-03-27,10.687500,10.750000,10.687500,10.750000,3.632304,2100
1997-03-31,10.625000,10.687500,10.625000,10.687500,3.611186,5100
1997-04-01,10.500000,10.500000,10.500000,10.500000,3.547831,8900
1997-04-02,10.437500,10.437500,10.312500,10.312500,3.484477,3100
1997-04-03,10.312500,10.437500,10.312500,10.437500,3.526713,2900
1997-04-04,10.437500,10.437500,10.437500,10.437500,3.526713,7300
1997-04-07,10.500000,10.500000,10.437500,10.500000,3.547831,8000
1997-04-08,10.500000,10.500000,10.500000,10.500000,3.547831,0
1997-04-09,10.500000,10.500000,10.500000,10.500000,3.547831,900
1997-04-10,10.500000,10.562500,10.437500,10.562500,3.568949,4100
1997-04-11,10.625000,10.625000,10.500000,10.500000,3.547831,6600
1997-04-14,10.562500,10.562500,10.562500,10.562500,3.568949,400
1997-04-15,10.500000,10.500000,10.437500,10.500000,3.547831,6000
1997-04-16,10.562500,10.562500,10.562500,10.562500,3.568949,100
1997-04-17,10.625000,10.625000,10.500000,10.625000,3.590068,1000
1997-04-18,10.625000,10.687500,10.625000,10.687500,3.611186,5900
1997-04-21,10.750000,10.750000,10.687500,10.687500,3.611186,74700
1997-04-22,10.812500,10.812500,10.687500,10.812500,3.653421,4300
1997-04-23,10.750000,10.750000,10.750000,10.750000,3.632304,1400
1997-04-24,10.875000,10.875000,10.812500,10.812500,3.653421,5800
1997-04-25,10.875000,10.875000,10.875000,10.875000,3.674541,3000
1997-04-28,10.875000,10.875000,10.875000,10.875000,3.674541,2000
1997-04-29,11.062500,11.062500,10.937500,10.937500,3.695657,900
1997-04-30,10.937500,11.000000,10.937500,11.000000,3.716776,900
1997-05-01,11.000000,11.000000,11.000000,11.000000,3.716776,0
1997-05-02,11.000000,11.000000,11.000000,11.000000,3.716776,1800
1997-05-05,11.000000,11.000000,10.875000,10.937500,3.695657,8200
1997-05-06,10.937500,11.000000,10.937500,11.000000,3.716776,5000
1997-05-07,11.000000,11.000000,11.000000,11.000000,3.716776,0
1997-05-08,11.000000,11.062500,10.937500,10.937500,3.695657,31700
1997-05-09,11.125000,11.125000,11.062500,11.125000,3.759013,1200
1997-05-12,11.250000,11.250000,11.125000,11.187500,3.780130,75800
1997-05-13,11.187500,11.250000,11.125000,11.250000,3.801247,6600
1997-05-14,11.250000,11.312500,11.187500,11.187500,3.780130,21000
1997-05-15,11.125000,11.125000,11.062500,11.125000,3.759013,55900
1997-05-16,11.125000,11.250000,11.062500,11.062500,3.737893,82800
1997-05-19,11.062500,11.125000,11.062500,11.125000,3.759013,900
1997-05-20,11.187500,11.187500,11.187500,11.187500,3.780130,5100
1997-05-21,11.250000,11.250000,11.250000,11.250000,3.801247,23000
1997-05-22,11.312500,11.375000,11.312500,11.375000,3.843483,6600
1997-05-23,11.187500,11.187500,11.062500,11.062500,3.737893,4000
1997-05-27,11.125000,11.187500,11.125000,11.187500,3.780130,3500
1997-05-28,11.187500,11.187500,11.187500,11.187500,3.780130,400
1997-05-29,11.125000,11.250000,11.125000,11.187500,3.780130,2200
1997-05-30,11.187500,11.250000,11.187500,11.250000,3.801247,2200
1997-06-02,11.187500,11.312500,11.187500,11.187500,3.780130,28600
1997-06-03,11.125000,11.187500,11.125000,11.187500,3.780130,9700
1997-06-04,11.312500,11.312500,11.125000,11.187500,3.780130,20700
1997-06-05,11.250000,11.250000,11.250000,11.250000,3.801247,2500
1997-06-06,11.187500,11.250000,11.187500,11.250000,3.801247,2700
1997-06-09,11.250000,11.250000,11.125000,11.125000,3.759013,6200
1997-06-10,11.312500,11.312500,11.250000,11.250000,3.801247,3700
1997-06-11,11.250000,11.312500,11.187500,11.187500,3.780130,2100
1997-06-12,11.187500,11.250000,11.187500,11.187500,3.780130,1300
1997-06-13,11.250000,11.375000,11.250000,11.375000,3.843483,26700
1997-06-16,11.375000,11.437500,11.312500,11.312500,3.822365,51800
1997-06-17,11.375000,11.375000,11.375000,11.375000,3.843483,9200
1997-06-18,11.437500,11.500000,11.375000,11.437500,3.864601,92100
1997-06-19,11.500000,11.562500,11.500000,11.562500,3.906839,28400
1997-06-20,11.562500,11.625000,11.562500,11.625000,3.927956,6900
1997-06-23,11.625000,11.687500,11.625000,11.625000,3.927956,36300
1997-06-24,11.562500,11.562500,11.562500,11.562500,3.906839,11000
1997-06-25,11.625000,11.625000,11.562500,11.562500,3.906839,20500
1997-06-26,11.562500,11.625000,11.500000,11.625000,3.927956,2235400
1997-06-27,11.562500,11.562500,11.562500,11.562500,3.906839,1800
1997-06-30,11.625000,11.625000,11.625000,11.625000,3.927956,900
1997-07-01,11.625000,11.750000,11.625000,11.750000,3.970192,14000
1997-07-02,11.812500,11.875000,11.812500,11.875000,4.012427,9600
1997-07-03,11.875000,11.875000,11.812500,11.875000,4.012427,14500
1997-07-07,11.625000,11.625000,11.437500,11.500000,3.885720,71700
1997-07-08,11.437500,11.500000,11.375000,11.500000,3.885720,3900
1997-07-09,11.562500,11.562500,11.437500,11.437500,3.864601,4400
1997-07-10,11.500000,11.500000,11.437500,11.437500,3.864601,4900
1997-07-11,11.437500,11.500000,11.437500,11.500000,3.885720,1200
1997-07-14,11.187500,11.312500,11.187500,11.250000,3.801247,33800
1997-07-15,11.125000,11.125000,10.937500,10.937500,3.695657,7500
1997-07-16,11.000000,11.125000,11.000000,11.000000,3.716776,10100
1997-07-17,11.312500,11.312500,11.125000,11.312500,3.822365,5600
1997-07-18,11.375000,11.375000,11.187500,11.250000,3.801247,18800
1997-07-21,11.250000,11.250000,11.125000,11.125000,3.759013,5100
1997-07-22,11.125000,11.250000,11.125000,11.250000,3.801247,11500
1997-07-23,11.187500,11.312500,11.187500,11.312500,3.822365,9000
1997-07-24,11.312500,11.312500,11.250000,11.312500,3.822365,6700
1997-07-25,11.312500,11.375000,11.312500,11.375000,3.843483,8100
1997-07-28,11.500000,11.500000,11.437500,11.500000,3.885720,5100
1997-07-29,11.500000,11.562500,11.500000,11.562500,3.906839,300
1997-07-30,11.500000,11.562500,11.500000,11.562500,3.906839,2900
1997-07-31,11.562500,11.562500,11.437500,11.562500,3.906839,4100
1997-08-01,11.437500,11.437500,11.312500,11.437500,3.864601,7600
1997-08-04,11.312500,11.375000,11.187500,11.187500,3.780130,18900
1997-08-05,11.250000,11.250000,11.250000,11.250000,3.801247,1000
1997-08-06,11.250000,11.250000,11.250000,11.250000,3.801247,5000
1997-08-07,11.250000,11.250000,11.250000,11.250000,3.801247,0
1997-08-08,11.250000,11.250000,11.125000,11.125000,3.759013,4200
1997-08-11,11.125000,11.125000,11.000000,11.000000,3.716776,5300
1997-08-12,11.000000,11.000000,10.937500,11.000000,3.716776,20700
1997-08-13,10.937500,11.062500,10.937500,11.062500,3.737893,2000
1997-08-14,10.875000,11.062500,10.875000,11.062500,3.737893,4700
1997-08-15,11.125000,11.187500,11.062500,11.062500,3.737893,19600
1997-08-18,11.000000,11.000000,10.937500,10.937500,3.695657,3700
1997-08-19,10.875000,11.000000,10.875000,10.937500,3.695657,4900
1997-08-20,10.875000,11.000000,10.875000,11.000000,3.716776,1800
1997-08-21,11.062500,11.250000,11.062500,11.250000,3.801247,2700
1997-08-22,10.937500,11.000000,10.937500,11.000000,3.716776,5200
1997-08-25,10.875000,10.937500,10.750000,10.750000,3.744292,1700
1997-08-26,10.625000,10.625000,10.562500,10.562500,3.678984,3300
1997-08-27,10.687500,10.750000,10.562500,10.750000,3.744292,21900
1997-08-28,10.625000,10.625000,10.562500,10.562500,3.678984,1700
1997-08-29,10.500000,10.500000,10.375000,10.437500,3.635446,5300
1997-09-02,10.312500,10.312500,10.250000,10.250000,3.570138,4900
1997-09-03,10.437500,10.437500,10.187500,10.250000,3.570138,75000
1997-09-04,10.312500,10.437500,10.312500,10.312500,3.591908,3000
1997-09-05,10.500000,10.562500,10.375000,10.375000,3.613677,3800
1997-09-08,10.500000,10.687500,10.500000,10.687500,3.722523,21000
1997-09-09,10.750000,10.750000,10.750000,10.750000,3.744292,14400
1997-09-10,10.562500,10.687500,10.562500,10.687500,3.722523,6500
1997-09-11,10.437500,10.625000,10.437500,10.437500,3.635446,57600
1997-09-12,10.562500,10.562500,10.375000,10.437500,3.635446,30300
1997-09-15,10.437500,10.437500,10.437500,10.437500,3.635446,0
1997-09-16,10.375000,10.375000,10.312500,10.312500,3.591908,12600
1997-09-17,10.500000,10.500000,10.375000,10.375000,3.613677,31700
1997-09-18,10.625000,10.625000,10.562500,10.562500,3.678984,3600
1997-09-19,10.750000,11.000000,10.750000,11.000000,3.831368,48200
1997-09-22,11.062500,11.125000,10.937500,10.937500,3.809599,7400
1997-09-23,11.125000,11.125000,11.000000,11.000000,3.831368,7600
1997-09-24,10.875000,11.062500,10.875000,11.062500,3.853136,4600
1997-09-25,11.062500,11.250000,11.062500,11.250000,3.918444,16200
1997-09-26,11.187500,11.187500,11.187500,11.187500,3.896676,400
1997-09-29,10.937500,10.937500,10.875000,10.875000,3.787831,33000
1997-09-30,10.875000,11.000000,10.812500,10.937500,3.809599,12100
1997-10-01,11.125000,11.187500,11.000000,11.125000,3.874908,21000
1997-10-02,11.125000,11.187500,11.125000,11.187500,3.896676,4000
1997-10-03,11.187500,11.187500,11.000000,11.125000,3.874908,4000
1997-10-06,11.062500,11.062500,10.875000,10.875000,3.787831,3300
1997-10-07,11.000000,11.000000,10.812500,11.000000,3.831368,6000
1997-10-08,11.062500,11.125000,11.062500,11.125000,3.874908,8000
1997-10-09,11.000000,11.125000,10.812500,10.812500,3.766060,3000
1997-10-10,10.812500,10.812500,10.750000,10.750000,3.744292,1600
1997-10-13,10.750000,10.750000,10.750000,10.750000,3.744292,2200
1997-10-14,10.625000,10.625000,10.562500,10.562500,3.678984,2000
1997-10-15,10.500000,10.625000,10.500000,10.625000,3.700754,3300
1997-10-16,10.500000,10.562500,10.437500,10.500000,3.657215,10200
1997-10-17,10.500000,10.562500,10.375000,10.375000,3.613677,2300
1997-10-20,10.562500,10.562500,10.375000,10.375000,3.613677,2300
1997-10-21,10.500000,10.500000,10.500000,10.500000,3.657215,7700
1997-10-22,10.500000,10.500000,10.375000,10.500000,3.657215,7300
1997-10-23,9.812500,9.875000,9.812500,9.875000,3.439524,11000
1997-10-24,9.875000,9.937500,9.750000,9.875000,3.439524,2900
1997-10-27,9.250000,9.375000,9.000000,9.000000,3.134755,6700
1997-10-28,8.625000,9.750000,8.562500,9.750000,3.395986,60400
1997-10-29,9.500000,9.625000,9.250000,9.312500,3.243602,29700
1997-10-30,9.187500,9.312500,9.187500,9.187500,3.200063,14500
1997-10-31,9.500000,9.625000,9.500000,9.562500,3.330679,233200
1997-11-03,9.562500,9.937500,9.562500,9.937500,3.461293,322600
1997-11-04,9.875000,9.937500,9.687500,9.937500,3.461293,23000
1997-11-05,9.937500,9.937500,9.937500,9.937500,3.461293,1500
1997-11-06,9.937500,9.937500,9.687500,9.812500,3.417754,26600
1997-11-07,9.375000,9.437500,9.375000,9.437500,3.287139,3900
1997-11-10,9.625000,9.625000,9.500000,9.500000,3.308907,2800
1997-11-11,9.687500,9.812500,9.687500,9.812500,3.417754,5400
1997-11-12,9.625000,9.625000,9.562500,9.562500,3.330679,3500
1997-11-13,9.625000,9.625000,9.437500,9.437500,3.287139,24400
1997-11-14,9.375000,9.375000,9.250000,9.250000,3.221833,17300
1997-11-17,9.375000,9.375000,9.375000,9.375000,3.265370,1900
1997-11-18,9.375000,9.375000,9.312500,9.375000,3.265370,11600
1997-11-19,9.250000,9.375000,9.062500,9.375000,3.265370,4100
1997-11-20,9.312500,9.312500,9.250000,9.312500,3.243602,9900
1997-11-21,9.500000,9.625000,9.500000,9.625000,3.352447,7800
1997-11-24,9.375000,9.500000,9.375000,9.500000,3.308907,8900
1997-11-25,9.250000,9.375000,9.250000,9.250000,3.221833,9300
1997-11-26,9.250000,9.375000,9.187500,9.187500,3.200063,17900
1997-11-28,9.187500,9.187500,9.187500,9.187500,3.200063,0
1997-12-01,9.375000,9.375000,9.312500,9.312500,3.243602,18200
1997-12-02,9.375000,9.562500,9.375000,9.437500,3.287139,7100
1997-12-03,9.500000,9.500000,9.437500,9.437500,3.287139,1000
1997-12-04,9.562500,9.562500,9.562500,9.562500,3.330679,200
1997-12-05,9.562500,9.562500,9.375000,9.437500,3.287139,3600
1997-12-08,9.625000,9.625000,9.500000,9.625000,3.352447,5100
1997-12-09,9.625000,9.625000,9.437500,9.437500,3.287139,27900
1997-12-10,9.375000,9.375000,9.375000,9.375000,3.265370,32300
1997-12-11,9.375000,9.375000,9.125000,9.125000,3.178293,30100
1997-12-12,9.125000,9.125000,9.062500,9.062500,3.156525,16800
1997-12-15,9.000000,9.000000,8.937500,9.000000,3.134755,56900
1997-12-16,9.000000,9.062500,9.000000,9.062500,3.156525,6800
1997-12-17,9.312500,9.375000,9.250000,9.312500,3.243602,68400
1997-12-18,9.312500,9.437500,9.250000,9.312500,3.243602,68700
1997-12-19,9.062500,9.125000,8.812500,8.812500,3.069448,26300
1997-12-22,9.000000,9.125000,8.937500,9.062500,3.156525,18600
1997-12-23,9.187500,9.250000,9.125000,9.125000,3.200543,13700
1997-12-24,9.125000,9.312500,9.125000,9.125000,3.200543,8600
1997-12-26,9.062500,9.062500,9.062500,9.062500,3.178621,3400
1997-12-29,9.250000,9.250000,9.187500,9.250000,3.244387,64100
1997-12-30,9.375000,9.375000,9.250000,9.375000,3.288230,12600
1997-12-31,9.375000,9.375000,9.312500,9.312500,3.266308,4900
1998-01-02,9.375000,9.375000,9.250000,9.250000,3.244387,6300
1998-01-05,9.375000,9.375000,9.375000,9.375000,3.288230,48000
1998-01-06,9.312500,9.312500,9.312500,9.312500,3.266308,20000
1998-01-07,9.250000,9.437500,9.250000,9.437500,3.310151,80000
1998-01-08,9.375000,9.375000,9.250000,9.250000,3.244387,14000
1998-01-09,9.062500,9.250000,9.062500,9.062500,3.178621,8500
1998-01-12,9.000000,9.125000,8.875000,8.937500,3.134778,32600
1998-01-13,9.062500,9.125000,9.062500,9.125000,3.200543,4100
1998-01-14,9.375000,9.437500,9.375000,9.437500,3.310151,5100
1998-01-15,9.250000,9.250000,9.187500,9.187500,3.222465,3000
1998-01-16,9.500000,9.500000,9.500000,9.500000,3.332072,4300
1998-01-20,9.562500,9.750000,9.562500,9.750000,3.419758,14100
1998-01-21,9.687500,9.687500,9.437500,9.625000,3.375915,40200
1998-01-22,9.312500,9.500000,9.312500,9.312500,3.266308,33600
1998-01-23,9.312500,9.312500,9.312500,9.312500,3.266308,0
1998-01-26,9.625000,9.750000,9.625000,9.625000,3.375915,5700
1998-01-27,9.750000,9.812500,9.687500,9.812500,3.441680,4300
1998-01-28,9.875000,9.875000,9.875000,9.875000,3.463601,15000
1998-01-29,9.750000,9.937500,9.750000,9.875000,3.463601,11300
1998-01-30,10.062500,10.062500,9.937500,10.062500,3.529367,7900
1998-02-02,10.125000,10.125000,9.937500,10.000000,3.507445,12500
1998-02-03,9.875000,9.875000,9.750000,9.812500,3.441680,68800
1998-02-04,9.750000,10.000000,9.750000,10.000000,3.507445,408400
1998-02-05,10.000000,10.062500,10.000000,10.062500,3.529367,18300
1998-02-06,10.062500,10.062500,9.937500,10.000000,3.507445,16600
1998-02-09,10.000000,10.000000,9.937500,9.937500,3.485524,3600
1998-02-10,10.125000,10.125000,10.125000,10.125000,3.551288,3700
1998-02-11,10.125000,10.125000,10.000000,10.000000,3.507445,60100
1998-02-12,9.875000,10.062500,9.875000,10.062500,3.529367,7100
1998-02-13,9.875000,9.875000,9.812500,9.875000,3.463601,30300
1998-02-17,9.812500,9.812500,9.750000,9.750000,3.419758,3900
1998-02-18,9.750000,9.937500,9.750000,9.937500,3.485524,5800
1998-02-19,9.937500,9.937500,9.812500,9.937500,3.485524,2000
1998-02-20,9.937500,9.937500,9.812500,9.937500,3.485524,3300
1998-02-23,9.875000,9.875000,9.875000,9.875000,3.463601,500
1998-02-24,9.750000,9.875000,9.750000,9.875000,3.463601,3200
1998-02-25,9.812500,9.937500,9.812500,9.937500,3.485524,2500
1998-02-26,10.000000,10.125000,10.000000,10.062500,3.529367,7600
1998-02-27,10.125000,10.125000,9.937500,10.000000,3.507445,4000
1998-03-02,10.125000,10.187500,10.125000,10.187500,3.573210,13900
1998-03-03,10.187500,10.187500,10.187500,10.187500,3.573210,5700
1998-03-04,10.250000,10.250000,10.125000,10.125000,3.551288,900
1998-03-05,9.812500,9.812500,9.750000,9.750000,3.419758,5100
1998-03-06,10.000000,10.000000,9.875000,9.875000,3.463601,22500
1998-03-09,9.937500,9.937500,9.750000,9.750000,3.419758,43000
1998-03-10,9.875000,10.062500,9.875000,10.062500,3.529367,2600
1998-03-11,10.250000,10.250000,10.000000,10.062500,3.529367,4700
1998-03-12,10.187500,10.187500,10.125000,10.187500,3.573210,14000
1998-03-13,10.312500,10.312500,10.125000,10.125000,3.551288,1300
1998-03-16,10.187500,10.250000,10.125000,10.250000,3.595130,8300
1998-03-17,10.000000,10.125000,10.000000,10.125000,3.551288,192000
1998-03-18,10.062500,10.187500,10.062500,10.187500,3.573210,65300
1998-03-19,10.187500,10.312500,10.187500,10.312500,3.617052,25700
1998-03-20,10.375000,10.500000,10.250000,10.500000,3.682817,386200
1998-03-23,10.437500,10.437500,10.250000,10.250000,3.595130,27900
1998-03-24,10.312500,10.500000,10.312500,10.312500,3.617052,28600
1998-03-25,10.250000,10.375000,10.187500,10.187500,3.573210,3700
1998-03-26,10.375000,10.437500,10.250000,10.250000,3.595130,18000
1998-03-27,10.250000,10.250000,10.187500,10.250000,3.595130,20900
1998-03-30,10.187500,10.187500,10.062500,10.062500,3.529367,3000
1998-03-31,10.187500,10.312500,10.187500,10.312500,3.617052,272100
1998-04-01,10.250000,10.250000,10.250000,10.250000,3.595130,1000
1998-04-02,10.250000,10.250000,10.125000,10.125000,3.551288,2600
1998-04-03,10.250000,10.250000,10.187500,10.187500,3.573210,800
1998-04-06,10.375000,10.562500,10.375000,10.437500,3.660895,18900
1998-04-07,10.375000,10.375000,10.187500,10.312500,3.617052,52800
1998-04-08,10.250000,10.312500,10.250000,10.312500,3.617052,10100
1998-04-09,10.375000,10.375000,10.250000,10.312500,3.617052,10300
1998-04-13,10.312500,10.562500,10.312500,10.562500,3.704738,32500
1998-04-14,10.500000,10.500000,10.375000,10.375000,3.638974,61400
1998-04-15,10.437500,10.437500,10.375000,10.437500,3.660895,2400
1998-04-16,10.500000,10.500000,10.375000,10.500000,3.682817,4200
1998-04-17,10.437500,10.500000,10.375000,10.500000,3.682817,13400
1998-04-20,10.500000,10.500000,10.437500,10.437500,3.660895,8300
1998-04-21,10.437500,10.500000,10.437500,10.500000,3.682817,17700
1998-04-22,10.562500,10.625000,10.562500,10.562500,3.704738,11500
1998-04-23,10.500000,10.625000,10.500000,10.625000,3.726660,1300
1998-04-24,10.437500,10.437500,10.437500,10.437500,3.660895,1600
1998-04-27,10.250000,10.250000,10.125000,10.125000,3.551288,37500
1998-04-28,10.187500,10.187500,10.062500,10.062500,3.529367,6100
1998-04-29,10.000000,10.000000,10.000000,10.000000,3.507445,9500
1998-04-30,10.312500,10.312500,10.250000,10.250000,3.595130,30000
1998-05-01,10.375000,10.375000,10.312500,10.312500,3.617052,19500
1998-05-04,10.250000,10.250000,10.187500,10.187500,3.573210,700
1998-05-05,10.125000,10.125000,10.000000,10.125000,3.551288,6100
1998-05-06,10.000000,10.000000,9.875000,9.937500,3.485524,25000
1998-05-07,9.812500,9.937500,9.812500,9.875000,3.463601,8600
1998-05-08,10.000000,10.062500,10.000000,10.062500,3.529367,400
1998-05-11,9.875000,10.062500,9.812500,10.062500,3.529367,2100
1998-05-12,10.000000,10.000000,9.812500,9.937500,3.485524,6000
1998-05-13,9.750000,9.812500,9.750000,9.812500,3.441680,21300
1998-05-14,9.750000,9.812500,9.750000,9.750000,3.419758,15300
1998-05-15,9.812500,9.812500,9.625000,9.812500,3.441680,4600
1998-05-18,9.437500,9.437500,9.375000,9.375000,3.288230,5300
1998-05-19,9.437500,9.625000,9.437500,9.562500,3.353994,8200
1998-05-20,9.687500,9.687500,9.687500,9.687500,3.397838,700
1998-05-21,9.625000,9.750000,9.625000,9.750000,3.419758,13200
1998-05-22,9.750000,9.750000,9.750000,9.750000,3.419758,5800
1998-05-26,9.625000,9.687500,9.437500,9.687500,3.397838,86100
1998-05-27,9.375000,9.375000,9.375000,9.375000,3.288230,500
1998-05-28,9.250000,9.500000,9.250000,9.312500,3.266308,10000
1998-05-29,9.562500,9.562500,9.375000,9.437500,3.310151,6900
1998-06-01,9.312500,9.312500,9.187500,9.187500,3.222465,3800
1998-06-02,9.312500,9.312500,9.250000,9.250000,3.244387,6700
1998-06-03,9.312500,9.312500,9.125000,9.187500,3.222465,8300
1998-06-04,9.062500,9.062500,9.000000,9.000000,3.156700,6600
1998-06-05,8.812500,8.937500,8.812500,8.875000,3.112856,3900
1998-06-08,8.812500,8.812500,8.625000,8.750000,3.069014,123800
1998-06-09,8.750000,8.750000,8.562500,8.625000,3.025172,236100
1998-06-10,8.687500,8.687500,8.500000,8.625000,3.025172,10300
1998-06-11,8.625000,8.625000,8.375000,8.437500,2.959407,6700
1998-06-12,8.500000,8.500000,8.437500,8.500000,2.981328,1200
1998-06-15,8.500000,8.500000,8.312500,8.312500,2.915563,20900
1998-06-16,8.437500,8.437500,8.312500,8.437500,2.959407,2600
1998-06-17,8.812500,8.937500,8.812500,8.937500,3.134778,22500
1998-06-18,8.937500,9.000000,8.812500,8.812500,3.090935,12500
1998-06-19,9.187500,9.187500,9.000000,9.125000,3.200543,8200
1998-06-22,9.000000,9.000000,8.937500,8.937500,3.134778,400
1998-06-23,9.000000,9.000000,9.000000,9.000000,3.156700,10700
1998-06-24,9.000000,9.000000,9.000000,9.000000,3.156700,100
1998-06-25,8.812500,8.812500,8.812500,8.812500,3.090935,22900
1998-06-26,8.937500,8.937500,8.812500,8.812500,3.090935,10300
1998-06-29,8.875000,9.062500,8.875000,8.937500,3.134778,4800
1998-06-30,9.250000,9.437500,9.250000,9.437500,3.310151,37300
1998-07-01,9.500000,9.562500,9.437500,9.500000,3.332072,37900
1998-07-02,9.437500,9.562500,9.375000,9.375000,3.288230,10000
1998-07-06,9.375000,9.437500,9.375000,9.375000,3.288230,16600
1998-07-07,9.687500,9.687500,9.500000,9.687500,3.397838,7800
1998-07-08,9.750000,9.750000,9.625000,9.687500,3.397838,9700
1998-07-09,9.625000,9.687500,9.562500,9.562500,3.353994,6300
1998-07-10,9.500000,9.625000,9.500000,9.625000,3.375915,2800
1998-07-13,9.625000,9.625000,9.562500,9.562500,3.353994,2100
1998-07-14,9.562500,9.750000,9.562500,9.750000,3.419758,8300
1998-07-15,9.812500,9.937500,9.750000,9.750000,3.419758,11800
1998-07-16,10.062500,10.125000,10.000000,10.125000,3.551288,128600
1998-07-17,10.125000,10.187500,10.062500,10.187500,3.573210,178900
1998-07-20,10.062500,10.062500,9.875000,10.062500,3.529367,26000
1998-07-21,10.000000,10.000000,9.812500,9.937500,3.485524,9700
1998-07-22,9.875000,9.875000,9.625000,9.625000,3.375915,3100
1998-07-23,9.625000,9.687500,9.625000,9.625000,3.375915,15000
1998-07-24,9.875000,9.875000,9.687500,9.875000,3.463601,4500
1998-07-27,9.500000,9.500000,9.250000,9.437500,3.310151,43700
1998-07-28,9.375000,9.500000,9.312500,9.312500,3.266308,1300
1998-07-29,9.250000,9.437500,9.250000,9.375000,3.288230,15300
1998-07-30,9.562500,9.562500,9.437500,9.500000,3.332072,21400
1998-07-31,9.250000,9.250000,9.250000,9.250000,3.244387,500
1998-08-03,9.187500,9.187500,9.062500,9.062500,3.178621,51400
1998-08-04,9.187500,9.187500,9.000000,9.187500,3.222465,60500
1998-08-05,9.000000,9.062500,8.937500,8.937500,3.134778,10200
1998-08-06,8.812500,8.812500,8.750000,8.750000,3.069014,16800
1998-08-07,8.937500,8.937500,8.687500,8.687500,3.047092,22600
1998-08-10,8.812500,8.812500,8.750000,8.750000,3.069014,3000
1998-08-11,8.562500,8.562500,8.375000,8.375000,2.937485,50700
1998-08-12,8.500000,8.562500,8.500000,8.562500,3.003249,12500
1998-08-13,8.562500,8.562500,8.562500,8.562500,3.003249,1300
1998-08-14,8.500000,8.500000,8.500000,8.500000,2.981328,23400
1998-08-17,8.375000,8.562500,8.375000,8.562500,3.003249,22400
1998-08-18,8.625000,8.625000,8.625000,8.625000,3.025172,8700
1998-08-19,8.812500,8.875000,8.812500,8.875000,3.112856,5500
1998-08-20,8.875000,8.875000,8.812500,8.875000,3.112856,4300
1998-08-21,8.687500,8.687500,8.562500,8.625000,3.025172,10100
1998-08-24,8.625000,8.625000,8.500000,8.625000,3.025172,1500
1998-08-25,8.500000,8.500000,8.500000,8.500000,3.040193,700
1998-08-26,8.375000,8.375000,8.125000,8.125000,2.906066,113800
1998-08-27,7.812500,7.812500,7.375000,7.437500,2.660169,34300
1998-08-28,7.687500,7.750000,7.625000,7.625000,2.727232,68900
1998-08-31,7.812500,7.812500,7.625000,7.625000,2.727232,5400
1998-09-01,7.937500,8.000000,7.875000,7.875000,2.816649,12700
1998-09-02,8.125000,8.125000,8.062500,8.062500,2.883713,5300
1998-09-03,8.000000,8.000000,7.812500,7.937500,2.839004,9000
1998-09-04,8.062500,8.062500,8.062500,8.062500,2.883713,700
1998-09-08,8.375000,8.375000,8.250000,8.312500,2.973130,20900
1998-09-09,8.250000,8.250000,8.062500,8.062500,2.883713,8500
1998-09-10,7.875000,8.125000,7.875000,8.125000,2.906066,4900
1998-09-11,8.125000,8.125000,8.125000,8.125000,2.906066,2800
1998-09-14,8.250000,8.312500,8.250000,8.312500,2.973130,9000
1998-09-15,8.375000,8.375000,8.250000,8.250000,2.950776,1700
1998-09-16,8.375000,8.375000,8.375000,8.375000,2.995485,4600
1998-09-17,8.000000,8.187500,8.000000,8.187500,2.928422,2000
1998-09-18,8.125000,8.125000,8.125000,8.125000,2.906066,1200
1998-09-21,8.062500,8.125000,7.937500,8.125000,2.906066,7000
1998-09-22,8.000000,8.000000,8.000000,8.000000,2.861358,3600
1998-09-23,8.187500,8.250000,8.187500,8.250000,2.950776,24000
1998-09-24,8.250000,8.437500,8.250000,8.437500,3.017839,1300
1998-09-25,8.250000,8.250000,8.062500,8.062500,2.883713,3600
1998-09-28,8.375000,8.375000,8.250000,8.250000,2.950776,3600
1998-09-29,8.375000,8.375000,8.375000,8.375000,2.995485,4800
1998-09-30,8.250000,8.312500,8.250000,8.312500,2.973130,2100
1998-10-01,8.312500,8.312500,8.125000,8.125000,2.906066,1800
1998-10-02,8.312500,8.312500,8.250000,8.250000,2.950776,1300
1998-10-05,8.062500,8.062500,8.062500,8.062500,2.883713,1500
1998-10-06,7.875000,8.000000,7.875000,8.000000,2.861358,5000
1998-10-07,8.375000,8.562500,8.375000,8.500000,3.040193,4400
1998-10-08,8.375000,8.437500,8.375000,8.437500,3.017839,3800
1998-10-09,8.250000,8.375000,8.250000,8.250000,2.950776,6200
1998-10-12,8.500000,8.625000,8.500000,8.625000,3.084901,20500
1998-10-13,8.375000,8.375000,8.250000,8.312500,2.973130,16900
1998-10-14,8.500000,8.500000,8.437500,8.437500,3.017839,21600
1998-10-15,8.375000,8.500000,8.375000,8.375000,2.995485,1400
1998-10-16,8.750000,8.750000,8.687500,8.750000,3.129610,1800
1998-10-19,8.562500,8.750000,8.562500,8.750000,3.129610,14700
1998-10-20,8.687500,8.687500,8.562500,8.687500,3.107255,1500
1998-10-21,8.750000,8.812500,8.750000,8.750000,3.129610,10600
1998-10-22,8.750000,8.750000,8.625000,8.750000,3.129610,900
1998-10-23,8.750000,8.750000,8.750000,8.750000,3.129610,2800
1998-10-26,8.625000,8.687500,8.562500,8.687500,3.107255,2300
1998-10-27,8.625000,8.687500,8.562500,8.687500,3.107255,2700
1998-10-28,8.875000,9.000000,8.875000,9.000000,3.219028,3000
1998-10-29,8.875000,9.000000,8.875000,8.937500,3.196673,3400
1998-10-30,9.125000,9.125000,8.937500,8.937500,3.196673,8900
1998-11-02,9.250000,9.375000,9.250000,9.375000,3.353155,9400
1998-11-03,9.312500,9.312500,9.312500,9.312500,3.330800,2100
1998-11-04,9.312500,9.500000,9.250000,9.500000,3.397863,22500
1998-11-05,9.375000,9.375000,9.250000,9.250000,3.308446,800
1998-11-06,9.375000,9.562500,9.375000,9.500000,3.397863,15800
1998-11-09,9.437500,9.437500,9.250000,9.437500,3.375509,8500
1998-11-10,9.375000,9.375000,9.187500,9.250000,3.308446,2200
1998-11-11,9.562500,9.625000,9.437500,9.625000,3.442572,2600
1998-11-12,9.500000,9.625000,9.437500,9.500000,3.397863,21500
1998-11-13,9.562500,9.562500,9.437500,9.437500,3.375509,900
1998-11-16,9.562500,9.562500,9.375000,9.375000,3.353155,4300
1998-11-17,9.250000,9.562500,9.250000,9.562500,3.420217,115300
1998-11-18,9.562500,9.562500,9.375000,9.562500,3.420217,5000
1998-11-19,9.437500,9.750000,9.437500,9.562500,3.420217,19000
1998-11-20,9.562500,9.750000,9.562500,9.562500,3.420217,19900
1998-11-23,9.625000,9.812500,9.625000,9.687500,3.464926,6400
1998-11-24,9.875000,9.937500,9.812500,9.937500,3.554343,27500
1998-11-25,9.687500,9.812500,9.687500,9.687500,3.464926,3700
1998-11-27,9.750000,9.750000,9.625000,9.625000,3.442572,1600
1998-11-30,9.750000,9.750000,9.562500,9.562500,3.420217,27000
1998-12-01,9.437500,9.562500,9.437500,9.562500,3.420217,7900
1998-12-02,9.812500,9.812500,9.750000,9.812500,3.509635,31900
1998-12-03,9.437500,9.500000,9.375000,9.500000,3.397863,6800
1998-12-04,9.562500,9.562500,9.375000,9.562500,3.420217,11300
1998-12-07,9.625000,9.625000,9.437500,9.562500,3.420217,5700
1998-12-08,9.437500,9.562500,9.375000,9.500000,3.397863,2800
1998-12-09,9.437500,9.437500,9.375000,9.375000,3.353155,3900
1998-12-10,9.500000,9.500000,9.375000,9.375000,3.353155,3000
1998-12-11,9.312500,9.312500,9.312500,9.312500,3.330800,5200
1998-12-14,9.250000,9.312500,9.125000,9.125000,3.263737,8400
1998-12-15,9.375000,9.562500,9.312500,9.375000,3.353155,18200
1998-12-16,9.437500,9.437500,9.250000,9.250000,3.308446,65700
1998-12-17,9.625000,9.625000,9.562500,9.562500,3.420217,13900
1998-12-18,9.625000,9.625000,9.500000,9.500000,3.397863,16500
1998-12-21,9.500000,9.500000,9.500000,9.500000,3.397863,1000
1998-12-22,9.312500,9.437500,9.312500,9.312500,3.336419,24800
1998-12-23,9.312500,9.375000,9.250000,9.312500,3.336419,79300
1998-12-24,9.437500,9.437500,9.312500,9.312500,3.336419,2200
1998-12-28,9.187500,9.312500,9.187500,9.312500,3.336419,9800
1998-12-29,9.187500,9.375000,9.187500,9.375000,3.358812,2600
1998-12-30,9.500000,9.500000,9.250000,9.500000,3.403595,4600
1998-12-31,9.375000,9.500000,9.375000,9.500000,3.403595,800
1999-01-04,9.750000,9.812500,9.562500,9.625000,3.448379,26500
1999-01-05,9.625000,9.625000,9.625000,9.625000,3.448379,1800
1999-01-06,10.062500,10.062500,9.937500,9.937500,3.560340,4200
1999-01-07,10.125000,10.250000,10.125000,10.125000,3.627516,16100
1999-01-08,10.187500,10.187500,10.000000,10.125000,3.627516,37600
1999-01-11,9.937500,10.125000,9.937500,9.937500,3.560340,8600
1999-01-12,10.000000,10.062500,9.875000,10.062500,3.605123,26600
1999-01-13,9.625000,9.812500,9.625000,9.750000,3.493164,14100
1999-01-14,9.937500,9.937500,9.687500,9.687500,3.470772,30400
1999-01-15,9.750000,9.937500,9.750000,9.937500,3.560340,15400
1999-01-19,10.125000,10.125000,9.937500,10.125000,3.627516,99700
1999-01-20,10.000000,10.125000,10.000000,10.125000,3.627516,345900
1999-01-21,10.000000,10.125000,10.000000,10.000000,3.582732,15900
1999-01-22,9.875000,9.937500,9.875000,9.937500,3.560340,4300
1999-01-25,9.875000,9.875000,9.750000,9.875000,3.537948,22200
1999-01-26,9.812500,9.875000,9.812500,9.812500,3.515555,8100
1999-01-27,10.000000,10.000000,9.812500,9.812500,3.515555,11400
1999-01-28,9.937500,10.062500,9.875000,10.000000,3.582732,15800
1999-01-29,10.125000,10.125000,9.937500,10.000000,3.582732,6500
1999-02-01,10.187500,10.250000,10.125000,10.187500,3.649908,19400
1999-02-02,10.125000,10.125000,10.000000,10.125000,3.627516,26900
1999-02-03,10.062500,10.187500,10.062500,10.125000,3.627516,36000
1999-02-04,10.187500,10.250000,10.187500,10.187500,3.649908,47500
1999-02-05,10.062500,10.187500,10.062500,10.125000,3.627516,65500
1999-02-08,10.125000,10.187500,10.125000,10.187500,3.649908,4300
1999-02-09,10.000000,10.062500,9.937500,10.062500,3.605123,13000
1999-02-10,9.875000,9.875000,9.812500,9.812500,3.515555,10900
1999-02-11,10.062500,10.125000,10.000000,10.125000,3.627516,6100
1999-02-12,10.250000,10.250000,9.937500,9.937500,3.560340,33300
1999-02-16,10.000000,10.062500,9.812500,9.875000,3.537948,16900
1999-02-17,9.937500,10.000000,9.812500,9.812500,3.515555,12400
1999-02-18,10.062500,10.062500,10.062500,10.062500,3.605123,1700
1999-02-19,10.062500,10.187500,10.000000,10.125000,3.627516,14600
1999-02-22,10.187500,10.250000,10.187500,10.250000,3.672300,10600
1999-02-23,10.125000,10.125000,10.125000,10.125000,3.627516,2200
1999-02-24,10.062500,10.250000,10.062500,10.062500,3.605123,8900
1999-02-25,10.000000,10.062500,9.937500,10.062500,3.605123,1200
1999-02-26,9.875000,9.937500,9.750000,9.937500,3.560340,32400
1999-03-01,9.875000,9.875000,9.625000,9.875000,3.537948,21200
1999-03-02,9.750000,9.812500,9.687500,9.812500,3.515555,7300
1999-03-03,9.750000,9.937500,9.750000,9.812500,3.515555,5500
1999-03-04,9.750000,9.750000,9.750000,9.750000,3.493164,1000
1999-03-05,10.125000,10.250000,10.062500,10.187500,3.649908,64400
1999-03-08,10.062500,10.250000,10.062500,10.062500,3.605123,10400
1999-03-09,10.125000,10.125000,10.125000,10.125000,3.627516,800
1999-03-10,10.125000,10.312500,10.125000,10.312500,3.694692,6300
1999-03-11,10.375000,10.375000,10.187500,10.375000,3.717084,15800
1999-03-12,10.250000,10.375000,10.250000,10.375000,3.717084,6200
1999-03-15,10.375000,10.375000,10.250000,10.312500,3.694692,5800
1999-03-16,10.375000,10.375000,10.187500,10.375000,3.717084,5900
1999-03-17,10.375000,10.375000,10.125000,10.250000,3.672300,3600
1999-03-18,10.125000,10.250000,10.062500,10.250000,3.672300,1900
1999-03-19,10.312500,10.312500,10.187500,10.312500,3.694692,2200
1999-03-22,10.312500,10.437500,10.312500,10.437500,3.739477,8600
1999-03-23,10.500000,10.500000,10.125000,10.375000,3.717084,41700
1999-03-24,10.437500,10.437500,10.250000,10.250000,3.672300,1400
1999-03-25,10.250000,10.500000,10.250000,10.500000,3.761868,3400
1999-03-26,10.437500,10.437500,10.125000,10.125000,3.627516,17000
1999-03-29,10.250000,10.437500,10.250000,10.437500,3.739477,11800
1999-03-30,10.250000,10.375000,10.250000,10.250000,3.672300,15500
1999-03-31,10.250000,10.250000,10.125000,10.125000,3.627516,3900
1999-04-01,10.375000,10.375000,10.250000,10.250000,3.672300,2200
1999-04-05,10.312500,10.500000,10.250000,10.250000,3.672300,19100
1999-04-06,10.250000,10.312500,10.250000,10.312500,3.694692,1100
1999-04-07,10.562500,10.562500,10.375000,10.562500,3.784260,3300
1999-04-08,10.562500,10.562500,10.500000,10.500000,3.761868,35800
1999-04-09,10.437500,10.562500,10.375000,10.562500,3.784260,23500
1999-04-12,10.562500,10.562500,10.375000,10.375000,3.717084,3900
1999-04-13,10.687500,10.750000,10.562500,10.750000,3.851437,13600
1999-04-14,10.750000,10.750000,10.625000,10.625000,3.806652,2000
1999-04-15,10.625000,10.625000,10.562500,10.625000,3.806652,600
1999-04-16,10.875000,11.000000,10.750000,10.937500,3.918613,16000
1999-04-19,11.187500,11.187500,11.000000,11.000000,3.941005,21700
1999-04-20,10.937500,11.062500,10.937500,11.062500,3.963399,3800
1999-04-21,11.062500,11.062500,11.000000,11.062500,3.963399,20100
1999-04-22,11.187500,11.187500,11.000000,11.187500,4.008181,9100
1999-04-23,11.250000,11.250000,11.187500,11.187500,4.008181,8400
1999-04-26,11.187500,11.187500,11.062500,11.062500,3.963399,15100
1999-04-27,11.250000,11.312500,11.125000,11.125000,3.985791,17200
1999-04-28,11.125000,11.437500,11.125000,11.437500,4.097749,32200
1999-04-29,11.375000,11.500000,11.312500,11.437500,4.097749,38200
1999-04-30,11.437500,11.437500,11.250000,11.437500,4.097749,8500
1999-05-03,11.375000,11.437500,11.375000,11.375000,4.075357,18400
1999-05-04,11.437500,11.437500,11.250000,11.437500,4.097749,6700
1999-05-05,11.062500,11.250000,11.062500,11.250000,4.030574,6800
1999-05-06,11.250000,11.375000,11.250000,11.250000,4.030574,2400
1999-05-07,11.187500,11.187500,11.000000,11.187500,4.008181,8500
1999-05-10,11.187500,11.250000,11.062500,11.250000,4.030574,43500
1999-05-11,11.250000,11.250000,11.250000,11.250000,4.030574,15000
1999-05-12,11.125000,11.187500,11.000000,11.125000,3.985791,82800
1999-05-13,11.125000,11.312500,11.125000,11.312500,4.052965,86900
1999-05-14,11.312500,11.312500,11.125000,11.312500,4.052965,4400
1999-05-17,11.000000,11.062500,10.812500,10.875000,3.896220,52800
1999-05-18,11.187500,11.187500,11.125000,11.125000,3.985791,8300
1999-05-19,10.875000,10.937500,10.875000,10.937500,3.918613,29600
1999-05-20,10.750000,10.812500,10.625000,10.687500,3.829046,48800
1999-05-21,10.687500,10.875000,10.687500,10.875000,3.896220,37600
1999-05-24,10.687500,10.687500,10.562500,10.687500,3.829046,8100
1999-05-25,10.500000,10.625000,10.437500,10.437500,3.739477,12100
1999-05-26,10.437500,10.500000,10.312500,10.312500,3.694692,18100
1999-05-27,10.375000,10.375000,10.250000,10.250000,3.672300,9900
1999-05-28,10.250000,10.437500,10.250000,10.437500,3.739477,4100
1999-06-01,10.312500,10.312500,10.062500,10.125000,3.627516,75100
1999-06-02,10.500000,10.500000,10.250000,10.250000,3.672300,8000
1999-06-03,10.437500,10.625000,10.437500,10.625000,3.806652,800
1999-06-04,10.750000,10.750000,10.625000,10.625000,3.806652,7100
1999-06-07,10.937500,10.937500,10.750000,10.812500,3.873828,11500
1999-06-08,10.812500,10.812500,10.625000,10.625000,3.806652,203300
1999-06-09,10.812500,10.937500,10.812500,10.875000,3.896220,7100
1999-06-10,10.937500,10.937500,10.937500,10.937500,3.918613,13700
1999-06-11,10.937500,10.937500,10.812500,10.812500,3.873828,20400
1999-06-14,10.812500,10.812500,10.625000,10.687500,3.829046,31600
1999-06-15,10.687500,10.812500,10.687500,10.812500,3.873828,2000
1999-06-16,10.937500,10.937500,10.750000,10.750000,3.851437,8800
1999-06-17,11.000000,11.000000,10.812500,10.875000,3.896220,6100
1999-06-18,10.875000,10.875000,10.812500,10.875000,3.896220,11800
1999-06-21,10.937500,10.937500,10.750000,10.750000,3.851437,27500
1999-06-22,10.750000,10.875000,10.750000,10.750000,3.851437,6300
1999-06-23,10.750000,10.812500,10.687500,10.812500,3.873828,29500
1999-06-24,10.687500,10.875000,10.687500,10.812500,3.873828,11600
1999-06-25,10.875000,11.062500,10.812500,11.062500,3.963399,16600
1999-06-28,10.812500,11.000000,10.812500,10.937500,3.918613,4300
1999-06-29,11.000000,11.062500,11.000000,11.062500,3.963399,2200
1999-06-30,10.875000,11.187500,10.875000,11.187500,4.008181,10400
1999-07-01,11.250000,11.250000,11.125000,11.250000,4.030574,11600
1999-07-02,11.250000,11.375000,11.187500,11.375000,4.075357,13400
1999-07-06,11.562500,11.625000,11.562500,11.625000,4.164925,9200
1999-07-07,11.437500,11.437500,11.312500,11.437500,4.097749,12900
1999-07-08,11.562500,11.562500,11.437500,11.562500,4.142534,21700
1999-07-09,11.437500,11.500000,11.375000,11.375000,4.075357,8900
1999-07-12,11.375000,11.375000,11.187500,11.187500,4.008181,7200
1999-07-13,11.187500,11.187500,11.062500,11.125000,3.985791,23600
1999-07-14,11.187500,11.375000,11.187500,11.312500,4.052965,6300
1999-07-15,11.250000,11.437500,11.250000,11.437500,4.097749,24800
1999-07-16,11.312500,11.375000,11.187500,11.187500,4.008181,15800
1999-07-19,11.187500,11.375000,11.187500,11.312500,4.052965,14500
1999-07-20,11.437500,11.437500,11.187500,11.312500,4.052965,13700
1999-07-21,11.062500,11.187500,11.062500,11.187500,4.008181,2100
1999-07-22,11.187500,11.187500,11.000000,11.062500,3.963399,17400
1999-07-23,10.875000,11.000000,10.812500,11.000000,3.941005,8000
1999-07-26,10.750000,10.875000,10.750000,10.875000,3.896220,3900
1999-07-27,10.750000,10.937500,10.687500,10.937500,3.918613,23000
1999-07-28,11.000000,11.000000,10.875000,10.875000,3.896220,6400
1999-07-29,10.812500,11.000000,10.812500,10.875000,3.896220,11200
1999-07-30,10.937500,11.000000,10.937500,11.000000,3.941005,3100
1999-08-02,10.812500,10.875000,10.750000,10.875000,3.896220,7500
1999-08-03,10.875000,11.062500,10.875000,11.062500,3.963399,5100
1999-08-04,10.937500,10.937500,10.937500,10.937500,3.918613,1200
1999-08-05,11.000000,11.000000,10.812500,11.000000,3.941005,216100
1999-08-06,10.750000,10.937500,10.750000,10.937500,3.918613,2400
1999-08-09,10.937500,10.937500,10.750000,10.937500,3.918613,26500
1999-08-10,10.437500,10.562500,10.437500,10.500000,3.761868,80000
1999-08-11,10.500000,10.562500,10.500000,10.500000,3.761868,13300
1999-08-12,10.375000,10.750000,10.375000,10.750000,3.851437,22200
1999-08-13,10.812500,10.812500,10.687500,10.687500,3.829046,3000
1999-08-16,10.875000,10.937500,10.812500,10.812500,3.873828,2900
1999-08-17,10.625000,10.750000,10.625000,10.750000,3.851437,2000
1999-08-18,10.687500,10.812500,10.687500,10.687500,3.829046,8700
1999-08-19,10.500000,10.625000,10.500000,10.625000,3.806652,3700
1999-08-20,10.750000,10.750000,10.625000,10.625000,3.806652,2600
1999-08-23,10.750000,10.875000,10.750000,10.812500,3.873828,2100
1999-08-24,10.875000,10.875000,10.687500,10.750000,3.851437,12200
1999-08-25,10.312500,10.437500,10.250000,10.437500,3.823050,11600
1999-08-26,10.312500,10.437500,10.250000,10.437500,3.823050,16900
1999-08-27,10.250000,10.375000,10.250000,10.375000,3.800157,3200
1999-08-30,10.125000,10.312500,10.125000,10.250000,3.754372,4100
1999-08-31,10.187500,10.187500,9.875000,10.000000,3.662802,15600
1999-09-01,10.187500,10.500000,10.187500,10.437500,3.823050,321300
1999-09-02,10.500000,10.500000,10.125000,10.250000,3.754372,7500
1999-09-03,10.437500,10.437500,10.312500,10.375000,3.800157,17800
1999-09-07,10.375000,10.437500,10.312500,10.375000,3.800157,19700
1999-09-08,10.375000,10.562500,10.375000,10.375000,3.800157,10000
1999-09-09,10.437500,10.562500,10.437500,10.437500,3.823050,4900
1999-09-10,10.500000,10.562500,10.437500,10.500000,3.845942,8800
1999-09-13,10.625000,10.625000,10.500000,10.562500,3.868835,4400
1999-09-14,10.437500,10.562500,10.375000,10.500000,3.845942,7800
1999-09-15,10.375000,10.375000,10.187500,10.187500,3.731480,11400
1999-09-16,10.187500,10.250000,10.187500,10.187500,3.731480,6500
1999-09-17,10.312500,10.375000,10.187500,10.375000,3.800157,1700
1999-09-20,10.187500,10.187500,10.000000,10.000000,3.662802,5600
1999-09-21,10.125000,10.125000,9.937500,9.937500,3.639910,16200
1999-09-22,10.062500,10.062500,10.062500,10.062500,3.685694,4200
1999-09-23,10.125000,10.312500,10.125000,10.125000,3.708588,7600
1999-09-24,10.187500,10.250000,10.062500,10.187500,3.731480,25700
1999-09-27,10.375000,10.375000,10.125000,10.125000,3.708588,38400
1999-09-28,10.375000,10.375000,10.312500,10.312500,3.777265,9400
1999-09-29,10.250000,10.375000,10.125000,10.250000,3.754372,19900
1999-09-30,10.250000,10.312500,10.187500,10.312500,3.777265,29000
1999-10-01,10.250000,10.250000,10.187500,10.250000,3.754372,6900
1999-10-04,10.375000,10.375000,10.187500,10.187500,3.731480,1500
1999-10-05,10.437500,10.500000,10.312500,10.375000,3.800157,8900
1999-10-06,10.312500,10.500000,10.312500,10.500000,3.845942,25400
1999-10-07,10.250000,10.312500,10.187500,10.250000,3.754372,22100
1999-10-08,10.125000,10.312500,10.125000,10.312500,3.777265,6500
1999-10-11,10.187500,10.187500,10.187500,10.187500,3.731480,2700
1999-10-12,10.375000,10.375000,10.187500,10.375000,3.800157,11000
1999-10-13,10.187500,10.312500,10.125000,10.125000,3.708588,5300
1999-10-14,10.000000,10.125000,9.937500,10.125000,3.708588,205300
1999-10-15,9.937500,9.937500,9.750000,9.750000,3.571233,5700
1999-10-18,9.625000,9.750000,9.625000,9.687500,3.548340,109700
1999-10-19,9.812500,9.812500,9.812500,9.812500,3.594125,41800
1999-10-20,9.750000,9.937500,9.750000,9.937500,3.639910,139700
1999-10-21,9.937500,10.000000,9.812500,10.000000,3.662802,74900
1999-10-22,9.937500,10.000000,9.875000,10.000000,3.662802,4000
1999-10-25,10.000000,10.000000,9.875000,10.000000,3.662802,156400
1999-10-26,9.937500,10.000000,9.812500,10.000000,3.662802,57300
1999-10-27,9.875000,9.875000,9.875000,9.875000,3.617018,16400
1999-10-28,10.000000,10.000000,9.875000,9.937500,3.639910,8200
1999-10-29,10.000000,10.062500,9.937500,10.062500,3.685694,24600
1999-11-01,9.937500,9.937500,9.937500,9.937500,3.639910,1500
1999-11-02,9.937500,9.937500,9.875000,9.875000,3.617018,8100
1999-11-03,10.000000,10.125000,9.937500,10.062500,3.685694,20500
1999-11-04,10.125000,10.125000,9.937500,9.937500,3.639910,17300
1999-11-05,10.062500,10.062500,9.812500,9.812500,3.594125,10900
1999-11-08,9.875000,9.875000,9.875000,9.875000,3.617018,6300
1999-11-09,9.687500,9.875000,9.687500,9.812500,3.594125,17000
1999-11-10,10.000000,10.000000,9.812500,9.875000,3.617018,5700
1999-11-11,10.187500,10.187500,10.000000,10.062500,3.685694,9700
1999-11-12,10.250000,10.312500,10.187500,10.312500,3.777265,10000
1999-11-15,10.250000,10.312500,10.187500,10.312500,3.777265,8400
1999-11-16,10.312500,10.312500,10.125000,10.125000,3.708588,10100
1999-11-17,10.187500,10.375000,10.187500,10.375000,3.800157,4600
1999-11-18,10.437500,10.500000,10.250000,10.437500,3.823050,23000
1999-11-19,10.312500,10.500000,10.312500,10.500000,3.845942,9900
1999-11-22,10.437500,10.437500,10.250000,10.375000,3.800157,8400
1999-11-23,10.375000,10.500000,10.375000,10.375000,3.800157,26800
1999-11-24,10.250000,10.250000,10.062500,10.250000,3.754372,117700
1999-11-26,10.187500,10.500000,10.187500,10.500000,3.845942,25100
1999-11-29,10.500000,10.500000,10.312500,10.375000,3.800157,14900
1999-11-30,10.187500,10.375000,10.187500,10.312500,3.777265,3100
1999-12-01,10.187500,10.250000,10.187500,10.187500,3.731480,5000
1999-12-02,10.562500,10.562500,10.437500,10.562500,3.868835,40600
1999-12-03,10.562500,10.562500,10.500000,10.500000,3.845942,3100
1999-12-06,10.500000,10.687500,10.500000,10.625000,3.891727,18000
1999-12-07,10.437500,10.625000,10.437500,10.562500,3.868835,12300
1999-12-08,10.625000,10.687500,10.500000,10.687500,3.914621,5100
1999-12-09,10.812500,10.812500,10.500000,10.687500,3.914621,4200
1999-12-10,10.625000,10.687500,10.500000,10.687500,3.914621,3700
1999-12-13,10.625000,10.625000,10.625000,10.625000,3.891727,4400
1999-12-14,10.625000,10.625000,10.437500,10.500000,3.845942,2900
1999-12-15,10.437500,10.625000,10.375000,10.625000,3.891727,5500
1999-12-16,10.750000,10.750000,10.625000,10.625000,3.891727,900
1999-12-17,10.812500,10.875000,10.812500,10.875000,3.983298,9100
1999-12-20,10.687500,10.750000,10.687500,10.750000,3.937512,10600
1999-12-21,10.500000,10.687500,10.500000,10.687500,3.920821,10200
1999-12-22,10.625000,10.812500,10.625000,10.625000,3.897892,16300
1999-12-23,10.625000,10.812500,10.625000,10.750000,3.943748,4900
1999-12-27,10.812500,10.812500,10.750000,10.812500,3.966677,5000
1999-12-28,10.687500,10.875000,10.687500,10.875000,3.989606,5000
1999-12-29,10.875000,10.875000,10.875000,10.875000,3.989606,600
1999-12-30,11.062500,11.062500,10.937500,11.062500,4.058393,11200
1999-12-31,11.062500,11.062500,11.062500,11.062500,4.058393,1100
2000-01-03,11.312500,11.312500,11.000000,11.000000,4.035465,3800
2000-01-04,10.750000,10.812500,10.562500,10.750000,3.943748,9700
2000-01-05,10.562500,10.812500,10.562500,10.812500,3.966677,3600
2000-01-06,10.500000,10.687500,10.500000,10.687500,3.920821,5800
2000-01-07,10.750000,10.750000,10.625000,10.625000,3.897892,19300
2000-01-10,10.937500,11.125000,10.875000,11.000000,4.035465,10000
2000-01-11,11.062500,11.250000,11.062500,11.062500,4.058393,11000
2000-01-12,10.750000,10.937500,10.750000,10.875000,3.989606,5400
2000-01-13,10.875000,11.000000,10.875000,10.937500,4.012535,207500
2000-01-14,11.062500,11.250000,11.062500,11.250000,4.127179,13800
2000-01-18,11.125000,11.250000,11.000000,11.250000,4.127179,13200
2000-01-19,11.000000,11.062500,10.875000,11.000000,4.035465,6300
2000-01-20,11.187500,11.187500,10.937500,11.062500,4.058393,6700
2000-01-21,11.000000,11.125000,10.937500,10.937500,4.012535,3200
2000-01-24,10.750000,10.875000,10.625000,10.625000,3.897892,27500
2000-01-25,10.750000,10.750000,10.562500,10.687500,3.920821,13500
2000-01-26,10.625000,10.812500,10.625000,10.750000,3.943748,6100
2000-01-27,10.812500,10.812500,10.750000,10.750000,3.943748,5300
2000-01-28,10.875000,10.875000,10.125000,10.375000,3.806177,32900
2000-01-31,10.625000,10.625000,10.375000,10.625000,3.897892,14000
2000-02-01,10.500000,10.562500,10.375000,10.562500,3.874962,36300
2000-02-02,10.750000,10.750000,10.500000,10.750000,3.943748,22700
2000-02-03,10.750000,10.750000,10.562500,10.687500,3.920821,12600
2000-02-04,10.500000,10.625000,10.500000,10.500000,3.852036,30100
2000-02-07,10.687500,10.687500,10.500000,10.500000,3.852036,5600
2000-02-08,10.562500,10.625000,10.562500,10.625000,3.897892,9000
2000-02-09,10.750000,10.750000,10.500000,10.687500,3.920821,101500
2000-02-10,10.687500,10.687500,10.500000,10.625000,3.897892,7500
2000-02-11,10.625000,10.625000,10.437500,10.437500,3.829107,4600
2000-02-14,10.687500,10.687500,10.375000,10.375000,3.806177,25100
2000-02-15,10.250000,10.437500,10.250000,10.312500,3.783248,3000
2000-02-16,10.500000,10.500000,10.312500,10.312500,3.783248,8500
2000-02-17,10.312500,10.562500,10.312500,10.562500,3.874962,22800
2000-02-18,10.250000,10.312500,10.125000,10.125000,3.714462,22500
2000-02-22,10.250000,10.250000,10.062500,10.062500,3.691532,7900
2000-02-23,10.187500,10.375000,10.187500,10.375000,3.806177,12800
2000-02-24,10.187500,10.187500,10.000000,10.000000,3.668603,56100
2000-02-25,10.000000,10.187500,10.000000,10.125000,3.714462,13200
2000-02-28,10.062500,10.250000,10.062500,10.125000,3.714462,9600
2000-02-29,10.125000,10.312500,10.125000,10.312500,3.783248,11500
2000-03-01,10.250000,10.250000,10.250000,10.250000,3.760319,5700
2000-03-02,10.250000,10.500000,10.250000,10.500000,3.852036,14400
2000-03-03,10.687500,10.687500,10.437500,10.687500,3.920821,18400
2000-03-06,10.125000,10.750000,10.125000,10.437500,3.829107,133200
2000-03-07,10.187500,10.625000,10.187500,10.562500,3.874962,9400
2000-03-08,10.375000,10.375000,10.187500,10.375000,3.806177,11500
2000-03-09,10.500000,10.500000,10.250000,10.250000,3.760319,4300
2000-03-10,10.375000,10.437500,10.187500,10.250000,3.760319,10800
2000-03-13,10.500000,10.500000,10.250000,10.250000,3.760319,7800
2000-03-14,10.437500,10.437500,10.187500,10.437500,3.829107,3900
2000-03-15,10.000000,10.250000,10.000000,10.125000,3.714462,6500
2000-03-16,10.375000,10.375000,10.125000,10.375000,3.806177,11100
2000-03-17,10.312500,10.562500,10.250000,10.250000,3.760319,20600
2000-03-20,10.500000,10.500000,10.250000,10.500000,3.852036,10200
2000-03-21,10.625000,10.625000,10.375000,10.625000,3.897892,5800
2000-03-22,10.375000,10.625000,10.375000,10.375000,3.806177,6200
2000-03-23,10.062500,10.500000,10.062500,10.500000,3.852036,23700
2000-03-24,10.500000,10.500000,10.250000,10.250000,3.760319,5200
2000-03-27,10.500000,10.625000,10.375000,10.375000,3.806177,4900
2000-03-28,10.625000,10.625000,10.625000,10.625000,3.897892,3100
2000-03-29,10.500000,10.500000,10.250000,10.312500,3.783248,5700
2000-03-30,10.250000,10.500000,10.250000,10.312500,3.783248,15300
2000-03-31,10.125000,10.125000,9.875000,9.875000,3.622747,3500
2000-04-03,10.250000,10.375000,10.125000,10.375000,3.806177,17700
2000-04-04,10.437500,10.437500,10.187500,10.375000,3.806177,10500
2000-04-05,10.062500,10.250000,10.000000,10.000000,3.668603,5200
2000-04-06,10.312500,10.312500,10.125000,10.312500,3.783248,6000
2000-04-07,10.062500,10.250000,10.062500,10.250000,3.760319,1800
2000-04-10,10.375000,10.437500,10.187500,10.187500,3.737390,5000
2000-04-11,10.000000,10.187500,10.000000,10.187500,3.737390,10900
2000-04-12,10.062500,10.062500,9.937500,9.937500,3.645674,10200
2000-04-13,9.875000,9.937500,9.750000,9.937500,3.645674,12500
2000-04-14,9.812500,9.812500,9.437500,9.687500,3.553960,13900
2000-04-17,9.125000,9.500000,9.125000,9.437500,3.462244,20200
2000-04-18,9.437500,9.687500,9.437500,9.437500,3.462244,1600
2000-04-19,9.875000,9.875000,9.750000,9.875000,3.622747,2400
2000-04-20,9.687500,9.875000,9.687500,9.812500,3.599818,10700
2000-04-24,9.500000,9.625000,9.500000,9.500000,3.485173,1900
2000-04-25,9.750000,9.750000,9.687500,9.687500,3.553960,7500
2000-04-26,9.750000,10.000000,9.750000,10.000000,3.668603,6400
2000-04-27,9.687500,9.875000,9.687500,9.687500,3.553960,1500
2000-04-28,9.937500,9.937500,9.750000,9.937500,3.645674,5000
2000-05-01,9.875000,9.875000,9.625000,9.812500,3.599818,6600
2000-05-02,9.812500,9.937500,9.812500,9.937500,3.645674,2500
2000-05-03,9.812500,9.937500,9.750000,9.875000,3.622747,6400
2000-05-04,9.562500,9.687500,9.500000,9.500000,3.485173,270900
2000-05-05,9.750000,9.937500,9.625000,9.812500,3.599818,85300
2000-05-08,9.812500,9.812500,9.625000,9.625000,3.531031,11500
2000-05-09,9.625000,9.750000,9.625000,9.750000,3.576889,10100
2000-05-10,9.687500,9.687500,9.437500,9.500000,3.485173,46300
2000-05-11,9.250000,9.437500,9.250000,9.437500,3.462244,290200
2000-05-12,9.375000,9.625000,9.375000,9.500000,3.485173,5000
2000-05-15,9.375000,9.375000,9.312500,9.312500,3.416388,66600
2000-05-16,9.500000,9.687500,9.500000,9.687500,3.553960,29300
2000-05-17,9.375000,9.500000,9.312500,9.312500,3.416388,21300
2000-05-18,9.437500,9.437500,9.187500,9.187500,3.370529,14600
2000-05-19,9.375000,9.437500,9.250000,9.437500,3.462244,17100
2000-05-22,9.312500,9.312500,9.125000,9.125000,3.347601,12200
2000-05-23,9.250000,9.500000,9.250000,9.500000,3.485173,11000
2000-05-24,9.375000,9.500000,9.125000,9.500000,3.485173,5100
2000-05-25,9.312500,9.375000,9.187500,9.187500,3.370529,30800
2000-05-26,9.312500,9.312500,9.187500,9.187500,3.370529,4600
2000-05-30,9.687500,9.750000,9.562500,9.625000,3.531031,4300
2000-05-31,9.500000,9.625000,9.437500,9.437500,3.462244,8700
2000-06-01,9.375000,9.625000,9.375000,9.562500,3.508102,17600
2000-06-02,9.687500,9.937500,9.687500,9.937500,3.645674,7000
2000-06-05,9.937500,9.937500,9.750000,9.937500,3.645674,8000
2000-06-06,9.937500,10.000000,9.875000,9.875000,3.622747,5000
2000-06-07,9.875000,10.125000,9.875000,10.000000,3.668603,31400
2000-06-08,9.937500,10.062500,9.937500,10.062500,3.691532,4700
2000-06-09,10.000000,10.125000,10.000000,10.125000,3.714462,2100
2000-06-12,10.000000,10.187500,10.000000,10.000000,3.668603,23400
2000-06-13,10.062500,10.125000,10.062500,10.125000,3.714462,1900
2000-06-14,10.062500,10.062500,10.062500,10.062500,3.691532,100
2000-06-15,10.125000,10.250000,10.125000,10.250000,3.760319,42300
2000-06-16,10.375000,10.437500,10.125000,10.125000,3.714462,33400
2000-06-19,10.437500,10.437500,10.187500,10.250000,3.760319,4000
2000-06-20,10.375000,10.375000,10.375000,10.375000,3.806177,1800
2000-06-21,10.375000,10.437500,10.250000,10.312500,3.783248,2700
2000-06-22,10.312500,10.312500,10.250000,10.250000,3.760319,14400
2000-06-23,10.187500,10.312500,10.187500,10.250000,3.760319,4200
2000-06-26,10.312500,10.312500,10.187500,10.312500,3.783248,5300
2000-06-27,10.250000,10.437500,10.250000,10.437500,3.829107,4900
2000-06-28,10.500000,10.500000,10.375000,10.500000,3.852036,10500
2000-06-29,10.625000,10.687500,10.500000,10.500000,3.852036,5000
2000-06-30,10.687500,10.812500,10.625000,10.812500,3.966677,13700
2000-07-03,10.562500,10.812500,10.562500,10.812500,3.966677,4300
2000-07-05,10.687500,10.687500,10.437500,10.437500,3.829107,10300
2000-07-06,10.437500,10.625000,10.437500,10.500000,3.852036,3100
2000-07-07,10.625000,10.687500,10.625000,10.687500,3.920821,24400
2000-07-10,10.750000,10.750000,10.625000,10.750000,3.943748,3700
2000-07-11,10.562500,10.687500,10.562500,10.687500,3.920821,2100
2000-07-12,10.625000,10.750000,10.562500,10.750000,3.943748,8400
2000-07-13,10.625000,10.812500,10.500000,10.625000,3.897892,45900
2000-07-14,10.625000,10.625000,10.437500,10.562500,3.874962,8200
2000-07-17,10.437500,10.500000,10.437500,10.437500,3.829107,4600
2000-07-18,10.375000,10.500000,10.375000,10.375000,3.806177,10300
2000-07-19,10.437500,10.437500,10.187500,10.312500,3.783248,2900
2000-07-20,10.375000,10.437500,10.312500,10.375000,3.806177,5300
2000-07-21,10.375000,10.625000,10.375000,10.625000,3.897892,5000
2000-07-24,10.437500,10.562500,10.437500,10.437500,3.829107,10400
2000-07-25,10.312500,10.375000,10.312500,10.375000,3.806177,10600
2000-07-26,10.375000,10.437500,10.375000,10.437500,3.829107,6900
2000-07-27,10.437500,10.437500,10.312500,10.312500,3.783248,2300
2000-07-28,10.312500,10.312500,10.250000,10.250000,3.760319,900
2000-07-31,10.250000,10.250000,10.125000,10.125000,3.714462,2500
2000-08-01,10.125000,10.187500,10.125000,10.187500,3.737390,8400
2000-08-02,10.125000,10.375000,10.125000,10.250000,3.760319,10000
2000-08-03,10.125000,10.375000,10.125000,10.375000,3.806177,143400
2000-08-04,10.437500,10.437500,10.312500,10.437500,3.829107,6600
2000-08-07,10.375000,10.562500,10.375000,10.562500,3.874962,2300
2000-08-08,10.437500,10.437500,10.375000,10.375000,3.806177,500
2000-08-09,10.250000,10.375000,10.187500,10.187500,3.737390,5200
2000-08-10,10.187500,10.375000,10.187500,10.250000,3.760319,21000
2000-08-11,10.187500,10.375000,10.187500,10.250000,3.760319,3400
2000-08-14,10.187500,10.437500,10.187500,10.250000,3.760319,4900
2000-08-15,10.312500,10.500000,10.312500,10.312500,3.783248,54800
2000-08-16,10.562500,10.625000,10.500000,10.562500,3.874962,1900
2000-08-17,10.562500,10.687500,10.500000,10.687500,3.920821,72100
2000-08-18,10.562500,10.750000,10.562500,10.750000,3.943748,9100
2000-08-21,10.687500,10.687500,10.625000,10.687500,3.920821,2400
2000-08-22,10.625000,10.687500,10.562500,10.562500,3.874962,26900
2000-08-23,10.375000,10.500000,10.375000,10.500000,3.852036,5400
2000-08-24,10.437500,10.437500,10.187500,10.250000,3.845656,18600
2000-08-25,10.062500,10.250000,10.062500,10.125000,3.798758,1600
2000-08-28,10.250000,10.250000,10.250000,10.250000,3.845656,200
2000-08-29,10.187500,10.187500,10.062500,10.062500,3.775307,16400
2000-08-30,10.125000,10.125000,10.000000,10.000000,3.751859,6000
2000-08-31,10.000000,10.062500,9.875000,9.937500,3.728410,33300
2000-09-01,10.062500,10.187500,10.062500,10.062500,3.775307,18500
2000-09-05,9.937500,10.250000,9.937500,10.000000,3.751859,56000
2000-09-06,9.937500,10.000000,9.875000,9.937500,3.728410,35800
2000-09-07,9.875000,9.875000,9.687500,9.687500,3.634613,3300
2000-09-08,9.812500,9.812500,9.625000,9.625000,3.611164,11300
2000-09-11,9.687500,9.750000,9.625000,9.750000,3.658062,12200
2000-09-12,9.750000,9.937500,9.750000,9.750000,3.658062,28800
2000-09-13,9.812500,9.875000,9.750000,9.812500,3.681512,20300
2000-09-14,9.875000,9.875000,9.750000,9.750000,3.658062,9200
2000-09-15,9.687500,9.812500,9.625000,9.687500,3.634613,47000
2000-09-18,9.687500,9.687500,9.375000,9.437500,3.540817,17100
2000-09-19,9.312500,9.437500,9.312500,9.375000,3.517368,15600
2000-09-20,9.375000,9.375000,9.250000,9.250000,3.470469,14700
2000-09-21,9.312500,9.437500,9.312500,9.312500,3.493918,9100
2000-09-22,9.437500,9.437500,9.250000,9.312500,3.493918,10900
2000-09-25,9.437500,9.437500,9.250000,9.250000,3.470469,9400
2000-09-26,9.437500,9.562500,9.375000,9.375000,3.517368,13800
2000-09-27,9.625000,9.625000,9.437500,9.562500,3.587715,12700
2000-09-28,9.625000,9.750000,9.562500,9.562500,3.587715,35400
2000-09-29,9.625000,9.625000,9.437500,9.500000,3.564266,11200
2000-10-02,9.500000,9.750000,9.500000,9.750000,3.658062,4300
2000-10-03,9.500000,9.500000,9.500000,9.500000,3.564266,13600
2000-10-04,9.625000,9.625000,9.562500,9.625000,3.611164,11700
2000-10-05,9.437500,9.625000,9.437500,9.625000,3.611164,23200
2000-10-06,9.312500,9.312500,9.250000,9.250000,3.470469,16000
2000-10-09,9.312500,9.312500,9.187500,9.250000,3.470469,11300
2000-10-10,9.187500,9.187500,9.125000,9.125000,3.423573,5400
2000-10-11,9.187500,9.312500,9.062500,9.312500,3.493918,3500
2000-10-12,9.250000,9.250000,9.000000,9.000000,3.376673,25700
2000-10-13,9.000000,9.250000,9.000000,9.062500,3.400123,7400
2000-10-16,9.000000,9.125000,9.000000,9.062500,3.400123,30600
2000-10-17,9.000000,9.062500,8.937500,9.000000,3.376673,21000
2000-10-18,8.937500,9.062500,8.812500,9.000000,3.376673,20600
2000-10-19,8.937500,9.125000,8.750000,9.125000,3.423573,43700
2000-10-20,9.125000,9.187500,9.000000,9.062500,3.400123,13100
2000-10-23,9.250000,9.250000,9.062500,9.187500,3.447021,23200
2000-10-24,9.250000,9.250000,9.062500,9.062500,3.400123,11300
2000-10-25,9.000000,9.125000,8.937500,9.125000,3.423573,34700
2000-10-26,9.000000,9.000000,8.875000,9.000000,3.376673,11100
2000-10-27,9.062500,9.062500,8.875000,8.875000,3.329774,12700
2000-10-30,9.187500,9.187500,9.062500,9.062500,3.400123,4200
2000-10-31,8.875000,9.000000,8.812500,9.000000,3.376673,30800
2000-11-01,9.062500,9.187500,9.000000,9.125000,3.423573,30400
2000-11-02,9.125000,9.187500,9.062500,9.125000,3.423573,24500
2000-11-03,9.125000,9.250000,9.125000,9.187500,3.447021,18400
2000-11-06,9.250000,9.375000,9.250000,9.375000,3.517368,8400
2000-11-07,9.375000,9.500000,9.375000,9.500000,3.564266,6600
2000-11-08,9.500000,9.500000,9.312500,9.312500,3.493918,7600
2000-11-09,9.375000,9.375000,9.187500,9.312500,3.493918,11800
2000-11-10,9.250000,9.250000,9.062500,9.062500,3.400123,15600
2000-11-13,9.000000,9.125000,8.875000,9.000000,3.376673,19600
2000-11-14,9.000000,9.187500,9.000000,9.125000,3.423573,3900
2000-11-15,9.187500,9.250000,9.187500,9.187500,3.447021,37800
2000-11-16,9.125000,9.125000,9.000000,9.125000,3.423573,14700
2000-11-17,9.062500,9.250000,9.000000,9.250000,3.470469,10000
2000-11-20,9.125000,9.125000,9.062500,9.062500,3.400123,17500
2000-11-21,9.062500,9.187500,9.062500,9.187500,3.447021,132600
2000-11-22,9.125000,9.187500,9.062500,9.125000,3.423573,22300
2000-11-24,9.062500,9.125000,9.062500,9.062500,3.400123,23100
2000-11-27,9.125000,9.375000,9.125000,9.250000,3.470469,75700
2000-11-28,9.187500,9.437500,9.187500,9.437500,3.540817,83700
2000-11-29,9.062500,9.250000,9.062500,9.187500,3.447021,10400
2000-11-30,9.187500,9.187500,9.062500,9.062500,3.400123,4900
2000-12-01,9.437500,9.437500,9.250000,9.250000,3.470469,12000
2000-12-04,9.500000,9.625000,9.375000,9.562500,3.587715,24200
2000-12-05,9.500000,9.562500,9.312500,9.375000,3.517368,72900
2000-12-06,9.500000,9.625000,9.437500,9.625000,3.611164,22300
2000-12-07,9.562500,9.625000,9.562500,9.625000,3.611164,3800
2000-12-08,9.500000,9.562500,9.437500,9.562500,3.587715,7800
2000-12-11,9.500000,9.562500,9.437500,9.500000,3.564266,15100
2000-12-12,9.562500,9.562500,9.437500,9.562500,3.587715,8400
2000-12-13,9.562500,9.562500,9.375000,9.375000,3.517368,2100
2000-12-14,9.500000,9.500000,9.375000,9.375000,3.517368,7500
2000-12-15,9.437500,9.437500,9.312500,9.375000,3.517368,45800
2000-12-18,9.312500,9.437500,9.250000,9.437500,3.540817,6300
2000-12-19,9.312500,9.500000,9.312500,9.312500,3.493918,3100
2000-12-20,9.437500,9.437500,9.250000,9.312500,3.505966,7600
2000-12-21,9.437500,9.437500,9.250000,9.375000,3.529496,24300
2000-12-22,9.437500,9.500000,9.312500,9.500000,3.576556,40500
2000-12-26,9.312500,9.437500,9.312500,9.312500,3.505966,18300
2000-12-27,9.437500,9.562500,9.437500,9.562500,3.600086,23200
2000-12-28,9.625000,9.625000,9.437500,9.625000,3.623616,16700
2000-12-29,9.250000,9.500000,9.250000,9.500000,3.576556,97800
2001-01-02,9.625000,9.750000,9.562500,9.750000,3.670676,10100
2001-01-03,9.750000,9.937500,9.750000,9.937500,3.741266,18600
2001-01-04,9.812500,10.000000,9.812500,10.000000,3.764796,93600
2001-01-05,10.000000,10.062500,10.000000,10.000000,3.764796,7100
2001-01-08,9.937500,9.937500,9.687500,9.687500,3.647146,44000
2001-01-09,9.750000,9.750000,9.562500,9.750000,3.670676,6600
2001-01-10,9.750000,9.750000,9.687500,9.750000,3.670676,7100
2001-01-11,9.500000,9.750000,9.500000,9.750000,3.670676,12700
2001-01-12,9.500000,9.687500,9.500000,9.687500,3.647146,7400
2001-01-16,9.687500,9.687500,9.625000,9.687500,3.647146,2500
2001-01-17,9.750000,9.750000,9.625000,9.750000,3.670676,3800
2001-01-18,9.812500,9.812500,9.812500,9.812500,3.694206,12300
2001-01-19,9.937500,10.000000,9.812500,9.875000,3.717736,27700
2001-01-22,9.812500,9.937500,9.750000,9.875000,3.717736,5900
2001-01-23,9.687500,9.812500,9.687500,9.812500,3.694206,11900
2001-01-24,9.625000,9.625000,9.500000,9.625000,3.623616,6800
2001-01-25,9.500000,9.687500,9.500000,9.687500,3.647146,5300
2001-01-26,9.562500,9.750000,9.562500,9.750000,3.670676,6200
2001-01-29,9.700000,9.700000,9.520000,9.560000,3.599145,29300
2001-01-30,9.750000,9.750000,9.650000,9.650000,3.633027,5400
2001-01-31,9.700000,9.920000,9.700000,9.920000,3.734678,23400
2001-02-01,9.980000,9.980000,9.900000,9.980000,3.757267,2600
2001-02-02,9.950000,9.950000,9.820000,9.950000,3.745972,14500
2001-02-05,9.640000,9.790000,9.630000,9.700000,3.651853,4200
2001-02-06,9.700000,9.800000,9.700000,9.800000,3.689500,2300
2001-02-07,9.700000,9.750000,9.600000,9.750000,3.670676,4000
2001-02-08,9.560000,9.690000,9.560000,9.690000,3.648088,4000
2001-02-09,9.500000,9.550000,9.450000,9.550000,3.595380,10400
2001-02-12,9.650000,9.680000,9.550000,9.680000,3.644322,42100
2001-02-13,9.610000,9.630000,9.450000,9.450000,3.557732,58900
2001-02-14,9.440000,9.540000,9.430000,9.540000,3.591617,7000
2001-02-15,9.450000,9.450000,9.350000,9.440000,3.553967,3100
2001-02-16,9.300000,9.300000,9.250000,9.250000,3.482436,3000
2001-02-20,9.300000,9.350000,9.200000,9.200000,3.463613,32000
2001-02-21,9.300000,9.440000,9.250000,9.350000,3.520084,38900
2001-02-22,9.150000,9.150000,9.100000,9.150000,3.444787,2100
2001-02-23,9.230000,9.230000,9.120000,9.180000,3.456083,3000
2001-02-26,9.230000,9.250000,9.150000,9.250000,3.482436,15300
2001-02-27,9.150000,9.450000,9.150000,9.400000,3.538908,45800
2001-02-28,9.300000,9.450000,9.300000,9.450000,3.557732,54300
2001-03-01,9.430000,9.430000,9.430000,9.430000,3.550202,5400
2001-03-02,9.420000,9.450000,9.400000,9.410000,3.542675,2400
2001-03-05,9.300000,9.390000,9.290000,9.390000,3.535143,12100
2001-03-06,9.350000,9.350000,9.210000,9.300000,3.501260,16500
2001-03-07,9.300000,9.300000,9.200000,9.300000,3.501260,10000
2001-03-08,9.150000,9.150000,9.130000,9.140000,3.441025,1600
2001-03-09,9.150000,9.230000,9.100000,9.100000,3.425965,13300
2001-03-12,9.050000,9.180000,9.050000,9.180000,3.456083,24400
2001-03-13,8.900000,8.900000,8.800000,8.900000,3.350668,6800
2001-03-14,8.750000,8.750000,8.500000,8.500000,3.200077,19900
2001-03-15,8.600000,8.690000,8.600000,8.600000,3.237725,2300
2001-03-16,8.730000,8.730000,8.650000,8.650000,3.256548,3000
2001-03-19,8.650000,8.750000,8.650000,8.750000,3.294196,3000
2001-03-20,8.800000,8.800000,8.700000,8.800000,3.313020,11700
2001-03-21,8.600000,8.700000,8.600000,8.700000,3.275372,15200
2001-03-22,8.540000,8.540000,8.350000,8.440000,3.177488,17600
2001-03-23,8.550000,8.550000,8.350000,8.480000,3.192546,10000
2001-03-26,8.600000,8.700000,8.600000,8.700000,3.275372,10600
2001-03-27,8.650000,8.750000,8.560000,8.750000,3.294196,35000
2001-03-28,8.550000,8.600000,8.500000,8.600000,3.237725,48100
2001-03-29,8.600000,8.600000,8.450000,8.450000,3.181253,16000
2001-03-30,8.310000,8.390000,8.250000,8.300000,3.124781,3200
2001-04-02,8.450000,8.450000,8.300000,8.390000,3.158664,2600
2001-04-03,8.350000,8.450000,8.300000,8.310000,3.128546,5700
2001-04-04,8.550000,8.700000,8.450000,8.700000,3.275372,29500
2001-04-05,8.650000,8.690000,8.650000,8.690000,3.271608,6400
2001-04-06,8.750000,8.750000,8.610000,8.610000,3.241489,1100
2001-04-09,8.650000,8.740000,8.650000,8.660000,3.260312,25000
2001-04-10,8.750000,8.900000,8.710000,8.750000,3.294196,14200
2001-04-11,9.000000,9.090000,9.000000,9.020000,3.395845,39400
2001-04-12,9.210000,9.250000,9.050000,9.250000,3.482436,16200
2001-04-16,9.150000,9.250000,9.090000,9.240000,3.478672,16800
2001-04-17,9.000000,9.100000,9.000000,9.000000,3.388316,2500
2001-04-18,9.050000,9.190000,8.900000,9.150000,3.444787,33400
2001-04-19,9.250000,9.400000,9.250000,9.400000,3.538908,18200
2001-04-20,9.250000,9.380000,9.250000,9.380000,3.531379,10300
2001-04-23,9.250000,9.250000,9.150000,9.200000,3.463613,5300
2001-04-24,9.250000,9.250000,9.150000,9.150000,3.444787,9700
2001-04-25,9.150000,9.280000,9.150000,9.280000,3.493731,18000
2001-04-26,9.270000,9.350000,9.250000,9.300000,3.501260,2000
2001-04-27,9.320000,9.320000,9.250000,9.250000,3.482436,10600
2001-04-30,9.360000,9.400000,9.310000,9.400000,3.538908,18500
2001-05-01,9.450000,9.500000,9.450000,9.450000,3.557732,1000
2001-05-02,9.500000,9.590000,9.500000,9.590000,3.610439,20400
2001-05-03,9.640000,9.650000,9.590000,9.600000,3.614204,13800
2001-05-04,9.590000,9.590000,9.500000,9.580000,3.606674,1400
2001-05-07,9.590000,9.590000,9.500000,9.500000,3.576556,5600
2001-05-08,9.610000,9.610000,9.520000,9.520000,3.584085,7000
2001-05-09,9.650000,9.660000,9.600000,9.600000,3.614204,600
2001-05-10,9.750000,9.820000,9.730000,9.820000,3.697029,8600
2001-05-11,9.800000,9.800000,9.700000,9.700000,3.651853,5800
2001-05-14,9.700000,9.700000,9.600000,9.700000,3.651853,3700
2001-05-15,9.600000,9.780000,9.600000,9.600000,3.614204,3100
2001-05-16,9.650000,9.750000,9.650000,9.750000,3.670676,1500
2001-05-17,9.800000,9.900000,9.800000,9.900000,3.727148,3800
2001-05-18,9.870000,9.870000,9.770000,9.850000,3.708325,6500
2001-05-21,9.900000,10.000000,9.880000,9.920000,3.734678,34200
2001-05-22,9.950000,9.950000,9.800000,9.820000,3.697029,13900
2001-05-23,9.820000,9.820000,9.720000,9.720000,3.659383,10700
2001-05-24,9.780000,9.780000,9.680000,9.770000,3.678207,4000
2001-05-25,9.850000,9.860000,9.850000,9.860000,3.712090,4000
2001-05-29,9.700000,9.700000,9.600000,9.690000,3.648088,8300
2001-05-30,9.650000,9.800000,9.550000,9.700000,3.651853,47600
2001-05-31,9.470000,9.470000,9.410000,9.460000,3.561497,2200
2001-06-01,9.410000,9.500000,9.410000,9.500000,3.576556,6300
2001-06-04,9.630000,9.630000,9.520000,9.520000,3.584085,47200
2001-06-05,9.650000,9.700000,9.630000,9.630000,3.625499,19200
2001-06-06,9.750000,9.750000,9.650000,9.740000,3.666911,19100
2001-06-07,9.760000,9.850000,9.760000,9.850000,3.708325,15900
2001-06-08,9.900000,9.980000,9.900000,9.910000,3.730913,3300
2001-06-11,10.000000,10.000000,9.850000,9.870000,3.715854,6000
2001-06-12,9.900000,9.900000,9.800000,9.900000,3.727148,6500
2001-06-13,9.880000,9.940000,9.880000,9.940000,3.742208,53000
2001-06-14,9.860000,9.950000,9.860000,9.950000,3.745972,4200
2001-06-15,10.050000,10.050000,9.850000,9.950000,3.745972,13800
2001-06-18,9.710000,9.800000,9.710000,9.750000,3.670676,2300
2001-06-19,9.790000,9.800000,9.700000,9.700000,3.651853,3300
2001-06-20,9.710000,9.790000,9.700000,9.710000,3.655617,7700
2001-06-21,9.700000,9.700000,9.620000,9.620000,3.621734,2900
2001-06-22,9.800000,9.820000,9.770000,9.770000,3.678207,2000
2001-06-25,9.740000,9.750000,9.660000,9.660000,3.636793,6200
2001-06-26,9.700000,9.950000,9.700000,9.950000,3.745972,3700
2001-06-27,9.780000,9.850000,9.700000,9.800000,3.689500,385500
2001-06-28,9.550000,9.700000,9.550000,9.610000,3.617969,126000
2001-06-29,9.700000,9.780000,9.680000,9.690000,3.648088,9700
2001-07-02,9.640000,9.700000,9.600000,9.700000,3.651853,15400
2001-07-03,9.810000,9.820000,9.800000,9.820000,3.697029,356600
2001-07-05,9.600000,9.600000,9.480000,9.500000,3.576556,13500
2001-07-06,9.380000,9.380000,9.210000,9.210000,3.467378,3400
2001-07-09,9.160000,9.300000,9.160000,9.300000,3.501260,25900
2001-07-10,9.310000,9.400000,9.310000,9.310000,3.505026,5700
2001-07-11,9.390000,9.390000,9.300000,9.310000,3.505026,17800
2001-07-12,9.400000,9.450000,9.350000,9.350000,3.520084,42400
2001-07-13,9.350000,9.500000,9.350000,9.450000,3.557732,4200
2001-07-16,9.530000,9.630000,9.480000,9.550000,3.595380,11800
2001-07-17,9.450000,9.500000,9.450000,9.500000,3.576556,10100
2001-07-18,9.530000,9.640000,9.530000,9.600000,3.614204,18600
2001-07-19,9.650000,9.660000,9.650000,9.660000,3.636793,16300
2001-07-20,9.500000,9.500000,9.370000,9.460000,3.561497,52100
2001-07-23,9.440000,9.440000,9.330000,9.420000,3.546437,4800
2001-07-24,9.370000,9.380000,9.370000,9.380000,3.531379,15900
2001-07-25,9.270000,9.280000,9.180000,9.260000,3.486201,13600
2001-07-26,9.180000,9.180000,9.050000,9.100000,3.425965,106800
2001-07-27,9.100000,9.170000,9.100000,9.170000,3.452318,2600
2001-07-30,9.220000,9.250000,9.120000,9.250000,3.482436,51700
2001-07-31,9.280000,9.350000,9.190000,9.350000,3.520084,39400
2001-08-01,9.500000,9.680000,9.500000,9.680000,3.644322,15600
2001-08-02,9.680000,9.740000,9.610000,9.610000,3.617969,8200
2001-08-03,9.670000,9.670000,9.580000,9.600000,3.614204,16300
2001-08-06,9.650000,9.660000,9.570000,9.610000,3.617969,2400
2001-08-07,9.550000,9.650000,9.550000,9.650000,3.633027,4700
2001-08-08,9.500000,9.500000,9.500000,9.500000,3.576556,4000
2001-08-09,9.600000,9.600000,9.500000,9.500000,3.576556,4200
2001-08-10,9.550000,9.600000,9.550000,9.550000,3.595380,3100
2001-08-13,9.620000,9.620000,9.620000,9.620000,3.621734,1600
2001-08-14,9.550000,9.620000,9.550000,9.610000,3.617969,12800
2001-08-15,9.700000,9.740000,9.670000,9.670000,3.640558,5200
2001-08-16,9.650000,9.650000,9.560000,9.560000,3.599145,13300
2001-08-17,9.650000,9.700000,9.650000,9.650000,3.633027,6000
2001-08-20,9.650000,9.660000,9.560000,9.660000,3.636793,7300
2001-08-21,9.610000,9.740000,9.610000,9.700000,3.651853,700
2001-08-22,9.740000,9.830000,9.660000,9.800000,3.689500,31800
2001-08-23,9.660000,9.750000,9.660000,9.740000,3.666911,1300
2001-08-24,9.510000,9.650000,9.510000,9.530000,3.659232,18900
2001-08-27,9.500000,9.650000,9.500000,9.560000,3.670751,113900
2001-08-28,9.520000,9.600000,9.520000,9.600000,3.686110,2200
2001-08-29,9.590000,9.590000,9.510000,9.590000,3.682270,2800
2001-08-30,9.590000,9.590000,9.500000,9.590000,3.682270,7000
2001-08-31,9.400000,9.400000,9.310000,9.350000,3.590117,2700
2001-09-04,9.310000,9.310000,9.250000,9.300000,3.570919,4200
2001-09-05,9.210000,9.250000,9.150000,9.250000,3.551720,13500
2001-09-06,9.110000,9.200000,9.110000,9.200000,3.532522,110500
2001-09-07,9.050000,9.060000,9.020000,9.050000,3.474926,11500
2001-09-10,8.950000,8.950000,8.860000,8.860000,3.401972,20900
2001-09-17,7.650000,8.100000,7.650000,7.850000,3.014163,27300
2001-09-18,7.920000,8.450000,7.850000,8.200000,3.148552,21600
2001-09-19,8.000000,8.000000,7.750000,8.000000,3.071758,13000
2001-09-20,7.950000,7.950000,7.710000,7.850000,3.014163,19900
2001-09-21,7.700000,7.750000,7.500000,7.600000,2.918170,18000
2001-09-24,7.750000,7.750000,7.500000,7.600000,2.918170,38200
2001-09-25,7.900000,8.000000,7.900000,8.000000,3.071758,4700
2001-09-26,7.750000,7.950000,7.720000,7.750000,2.975766,3800
2001-09-27,7.800000,7.800000,7.600000,7.600000,2.918170,10100
2001-09-28,7.850000,7.880000,7.700000,7.710000,2.960407,8500
2001-10-01,8.120000,8.160000,8.100000,8.120000,3.117834,67700
2001-10-02,8.300000,8.390000,8.230000,8.390000,3.221507,39000
2001-10-03,8.300000,8.380000,8.290000,8.380000,3.217666,15300
2001-10-04,8.330000,8.420000,8.330000,8.330000,3.198468,12300
2001-10-05,8.600000,8.700000,8.600000,8.600000,3.302140,7900
2001-10-08,8.600000,8.600000,8.510000,8.510000,3.267582,1800
2001-10-09,8.450000,8.540000,8.360000,8.540000,3.279102,13000
2001-10-10,8.450000,8.500000,8.450000,8.500000,3.263743,16600
2001-10-11,8.620000,8.650000,8.500000,8.650000,3.321337,21700
2001-10-12,8.660000,8.670000,8.600000,8.640000,3.317499,12400
2001-10-15,8.770000,8.840000,8.760000,8.760000,3.363575,15200
2001-10-16,8.800000,8.900000,8.800000,8.900000,3.417331,20200
2001-10-17,8.870000,8.900000,8.800000,8.850000,3.398133,13600
2001-10-18,8.850000,8.850000,8.750000,8.780000,3.371254,5700
2001-10-19,8.730000,8.730000,8.630000,8.630000,3.313660,1900
2001-10-22,8.610000,8.700000,8.610000,8.650000,3.321337,4200
2001-10-23,8.820000,8.820000,8.730000,8.810000,3.382774,25000
2001-10-24,8.810000,8.900000,8.810000,8.900000,3.417331,16500
2001-10-25,8.800000,8.850000,8.800000,8.850000,3.398133,5300
2001-10-26,8.810000,8.900000,8.800000,8.880000,3.409651,8900
2001-10-29,8.800000,8.800000,8.800000,8.800000,3.378934,1100
2001-10-30,8.900000,8.900000,8.800000,8.800000,3.378934,2400
2001-10-31,8.700000,8.880000,8.700000,8.780000,3.371254,20600
2001-11-01,8.970000,8.970000,8.850000,8.950000,3.436531,9700
2001-11-02,8.800000,8.900000,8.800000,8.890000,3.413491,8100
2001-11-05,8.860000,8.860000,8.850000,8.850000,3.398133,5400
2001-11-06,9.050000,9.150000,9.040000,9.050000,3.474926,10900
2001-11-07,9.050000,9.050000,8.950000,9.000000,3.455728,31300
2001-11-08,9.010000,9.100000,9.010000,9.040000,3.471087,18800
2001-11-09,9.120000,9.120000,9.050000,9.050000,3.474926,24100
2001-11-12,9.150000,9.300000,9.030000,9.290000,3.567080,13900
2001-11-13,9.240000,9.300000,9.160000,9.300000,3.570919,35800
2001-11-14,9.350000,9.450000,9.310000,9.310000,3.574759,6800
2001-11-15,9.340000,9.410000,9.310000,9.310000,3.574759,1800
2001-11-16,9.440000,9.440000,9.350000,9.350000,3.590117,12400
2001-11-19,9.360000,9.400000,9.300000,9.400000,3.609315,19900
2001-11-20,9.350000,9.450000,9.350000,9.440000,3.624675,13500
2001-11-21,9.200000,9.400000,9.200000,9.390000,3.605476,10100
2001-11-23,9.350000,9.350000,9.340000,9.340000,3.586277,7300
2001-11-26,9.400000,9.400000,9.200000,9.290000,3.567080,31300
2001-11-27,9.500000,9.500000,9.400000,9.400000,3.609315,30800
2001-11-28,9.450000,9.500000,9.350000,9.350000,3.590117,19300
2001-11-29,9.350000,9.350000,9.260000,9.320000,3.578598,5300
2001-11-30,9.310000,9.390000,9.300000,9.310000,3.574759,8000
2001-12-03,9.340000,9.340000,9.250000,9.250000,3.551720,3200
2001-12-04,9.250000,9.290000,9.200000,9.290000,3.567080,15200
2001-12-05,9.350000,9.490000,9.310000,9.450000,3.628515,18400
2001-12-06,9.370000,9.450000,9.280000,9.450000,3.628515,40200
2001-12-07,9.490000,9.490000,9.260000,9.260000,3.555560,11300
2001-12-10,9.280000,9.370000,9.280000,9.370000,3.597797,3100
2001-12-11,9.250000,9.450000,9.210000,9.450000,3.628515,60000
2001-12-12,9.330000,9.330000,9.240000,9.250000,3.551720,12400
2001-12-13,9.200000,9.320000,9.170000,9.170000,3.521003,18000
2001-12-14,9.170000,9.260000,9.160000,9.170000,3.521003,12400
2001-12-17,9.100000,9.140000,9.100000,9.100000,3.494124,33300
2001-12-18,9.200000,9.290000,9.100000,9.150000,3.513322,27300
2001-12-19,9.250000,9.250000,9.150000,9.200000,3.532522,31100
2001-12-20,9.240000,9.240000,9.030000,9.180000,3.524843,11100
2001-12-21,9.150000,9.330000,9.150000,9.210000,3.536363,15300
2001-12-24,9.230000,9.290000,9.160000,9.280000,3.578783,1700
2001-12-26,9.220000,9.270000,9.220000,9.270000,3.574926,5400
2001-12-27,9.250000,9.390000,9.250000,9.260000,3.571070,10900
2001-12-28,9.310000,9.410000,9.310000,9.410000,3.628916,7800
2001-12-31,9.350000,9.480000,9.330000,9.450000,3.644342,16100
2002-01-02,9.460000,9.500000,9.450000,9.460000,3.648198,7200
2002-01-03,9.450000,9.540000,9.450000,9.460000,3.648198,4100
2002-01-04,9.500000,9.800000,9.500000,9.800000,3.779318,44600
2002-01-07,9.650000,9.750000,9.640000,9.750000,3.760036,37000
2002-01-08,9.520000,9.650000,9.520000,9.570000,3.690619,7100
2002-01-09,9.610000,9.620000,9.550000,9.620000,3.709901,7300
2002-01-10,9.600000,9.650000,9.550000,9.630000,3.713758,10500
2002-01-11,9.600000,9.700000,9.550000,9.680000,3.733040,185700
2002-01-14,9.550000,9.600000,9.450000,9.450000,3.644342,82600
2002-01-15,9.530000,9.540000,9.500000,9.540000,3.679050,6500
2002-01-16,9.540000,9.540000,9.450000,9.470000,3.652054,16400
2002-01-17,9.300000,9.500000,9.300000,9.440000,3.640485,48700
2002-01-18,9.390000,9.400000,9.310000,9.310000,3.590350,2800
2002-01-22,9.510000,9.600000,9.500000,9.590000,3.698332,131100
2002-01-23,9.590000,9.600000,9.530000,9.560000,3.686763,15800
2002-01-24,9.590000,9.640000,9.590000,9.600000,3.702190,106500
2002-01-25,9.610000,9.660000,9.540000,9.540000,3.679050,15200
2002-01-28,9.600000,9.600000,9.570000,9.580000,3.694476,4000
2002-01-29,9.600000,9.600000,9.300000,9.390000,3.621204,19000
2002-01-30,9.440000,9.500000,9.350000,9.500000,3.663624,83000
2002-01-31,9.520000,9.600000,9.420000,9.590000,3.698332,80400
2002-02-01,9.500000,9.500000,9.430000,9.480000,3.655912,3400
2002-02-04,9.580000,9.600000,9.500000,9.600000,3.702190,16300
2002-02-05,9.570000,9.590000,9.450000,9.500000,3.663624,13600
2002-02-06,9.400000,9.430000,9.310000,9.430000,3.636630,28100
2002-02-07,9.400000,9.400000,9.380000,9.400000,3.625059,12300
2002-02-08,9.500000,9.590000,9.500000,9.510000,3.667481,12500
2002-02-11,9.510000,9.650000,9.510000,9.600000,3.702190,13500
2002-02-12,9.600000,9.630000,9.510000,9.520000,3.671338,28400
2002-02-13,9.580000,9.600000,9.510000,9.600000,3.702190,14700
2002-02-14,9.710000,9.710000,9.610000,9.650000,3.721471,20700
2002-02-15,9.730000,9.780000,9.680000,9.680000,3.733040,5300
2002-02-19,9.750000,9.750000,9.600000,9.680000,3.733040,134600
2002-02-20,9.680000,9.680000,9.650000,9.680000,3.733040,17300
2002-02-21,9.630000,9.640000,9.540000,9.540000,3.679050,21100
2002-02-22,9.580000,9.580000,9.500000,9.580000,3.694476,36500
2002-02-25,9.580000,9.640000,9.520000,9.640000,3.717614,16800
2002-02-26,9.620000,9.620000,9.500000,9.600000,3.702190,54700
2002-02-27,9.550000,9.600000,9.500000,9.600000,3.702190,11400
2002-02-28,9.530000,9.530000,9.530000,9.530000,3.675194,100
2002-03-01,9.530000,9.620000,9.530000,9.550000,3.682906,33900
2002-03-04,9.700000,9.720000,9.670000,9.670000,3.729184,232500
2002-03-05,9.710000,9.720000,9.600000,9.600000,3.702190,17000
2002-03-06,9.740000,9.790000,9.650000,9.790000,3.775462,12600
2002-03-07,9.970000,10.000000,9.950000,9.990000,3.852590,99500
2002-03-08,9.900000,9.940000,9.810000,9.900000,3.817882,13700
2002-03-11,9.850000,9.850000,9.750000,9.760000,3.763891,21800
2002-03-12,9.700000,9.770000,9.630000,9.660000,3.725327,21900
2002-03-13,9.640000,9.730000,9.640000,9.650000,3.721471,35200
2002-03-14,9.790000,9.790000,9.780000,9.780000,3.771605,55000
2002-03-15,9.700000,9.710000,9.620000,9.710000,3.744609,79400
2002-03-18,9.840000,9.850000,9.780000,9.840000,3.794743,5000
2002-03-19,9.850000,9.860000,9.660000,9.840000,3.794743,56800
2002-03-20,9.900000,10.000000,9.900000,9.900000,3.817882,71000
2002-03-21,9.930000,9.930000,9.840000,9.900000,3.817882,22500
2002-03-22,9.950000,9.950000,9.900000,9.900000,3.817882,44500
2002-03-25,9.890000,9.890000,9.810000,9.810000,3.783173,27600
2002-03-26,9.680000,9.720000,9.660000,9.660000,3.725327,126500
2002-03-27,9.750000,9.770000,9.690000,9.750000,3.760036,16200
2002-03-28,9.810000,9.900000,9.810000,9.900000,3.817882,39200
2002-04-01,9.810000,9.850000,9.760000,9.840000,3.794743,16200
2002-04-02,9.820000,9.850000,9.720000,9.720000,3.748466,27400
2002-04-03,9.740000,9.770000,9.650000,9.700000,3.740753,5200
2002-04-04,9.690000,9.750000,9.660000,9.660000,3.725327,10600
2002-04-05,9.800000,9.800000,9.790000,9.790000,3.775462,5700
2002-04-08,9.660000,9.750000,9.600000,9.750000,3.760036,87500
2002-04-09,9.680000,9.680000,9.550000,9.550000,3.682906,35300
2002-04-10,9.640000,9.790000,9.640000,9.790000,3.775462,19600
2002-04-11,9.800000,9.800000,9.600000,9.600000,3.702190,19100
2002-04-12,9.770000,9.770000,9.680000,9.740000,3.756180,24600
2002-04-15,9.730000,9.730000,9.620000,9.620000,3.709901,17000
2002-04-16,9.800000,9.960000,9.710000,9.960000,3.841020,43700
2002-04-17,9.980000,9.980000,9.830000,9.980000,3.848734,35300
2002-04-18,9.990000,10.100000,9.990000,10.100000,3.895012,64400
2002-04-19,10.000000,10.080000,9.990000,10.050000,3.875729,325100
2002-04-22,10.040000,10.040000,9.990000,10.030000,3.868016,362900
2002-04-23,10.000000,10.050000,9.980000,9.980000,3.848734,160600
2002-04-24,9.900000,10.000000,9.860000,9.990000,3.852590,16300
2002-04-25,9.990000,10.050000,9.940000,10.050000,3.875729,32800
2002-04-26,10.050000,10.050000,9.930000,9.930000,3.829453,20500
2002-04-29,9.870000,9.900000,9.750000,9.840000,3.794743,24100
2002-04-30,9.840000,9.900000,9.780000,9.900000,3.817882,21800
2002-05-01,9.830000,9.880000,9.760000,9.850000,3.798600,6800
2002-05-02,9.880000,9.880000,9.750000,9.750000,3.760036,30500
2002-05-03,9.810000,9.870000,9.780000,9.780000,3.771605,11800
2002-05-06,9.850000,9.880000,9.760000,9.770000,3.767750,8300
2002-05-07,9.860000,9.860000,9.750000,9.840000,3.794743,38900
2002-05-08,9.880000,10.000000,9.860000,10.000000,3.856445,54000
2002-05-09,9.830000,9.900000,9.800000,9.890000,3.814026,48000
2002-05-10,9.900000,9.900000,9.820000,9.890000,3.814026,7700
2002-05-13,9.890000,9.930000,9.800000,9.930000,3.829453,20800
2002-05-14,9.910000,10.000000,9.900000,10.000000,3.856445,8300
2002-05-15,9.980000,10.150000,9.980000,10.020000,3.864160,41700
2002-05-16,10.020000,10.360000,10.020000,10.200000,3.933576,116200
2002-05-17,10.340000,10.420000,10.310000,10.350000,3.991422,60700
2002-05-20,10.220000,10.290000,10.150000,10.240000,3.949001,101800
2002-05-21,10.160000,10.290000,10.140000,10.250000,3.952859,48400
2002-05-22,10.320000,10.420000,10.240000,10.420000,4.018418,63400
2002-05-23,10.270000,10.410000,10.210000,10.410000,4.014561,88200
2002-05-24,10.300000,10.350000,10.220000,10.300000,3.972139,41400
2002-05-28,10.300000,10.430000,10.300000,10.420000,4.018418,49700
2002-05-29,10.420000,10.470000,10.320000,10.450000,4.029987,165300
2002-05-30,10.450000,10.470000,10.430000,10.440000,4.026130,58400
2002-05-31,10.490000,10.530000,10.450000,10.520000,4.056983,104300
2002-06-03,10.510000,10.550000,10.480000,10.550000,4.068552,52800
2002-06-04,10.540000,10.580000,10.450000,10.580000,4.080121,188200
2002-06-05,10.550000,10.590000,10.470000,10.590000,4.083976,52900
2002-06-06,10.540000,10.600000,10.490000,10.590000,4.083976,63000
2002-06-07,10.550000,10.550000,10.480000,10.500000,4.049269,46400
2002-06-10,10.510000,10.570000,10.450000,10.570000,4.076265,52000
2002-06-11,10.430000,10.470000,10.230000,10.230000,3.945145,80700
2002-06-12,10.300000,10.450000,10.300000,10.430000,4.022274,46900
2002-06-13,10.310000,10.390000,10.150000,10.200000,3.933576,49900
2002-06-14,10.140000,10.150000,9.930000,9.970000,3.844877,557500
2002-06-17,9.900000,10.140000,9.900000,10.140000,3.910437,77800
2002-06-18,10.200000,10.280000,10.090000,10.280000,3.964427,34900
2002-06-19,10.250000,10.250000,9.930000,9.940000,3.833308,90000
2002-06-20,10.150000,10.250000,10.080000,10.110000,3.898867,83200
2002-06-21,10.250000,10.290000,10.100000,10.150000,3.914293,75100
2002-06-24,10.100000,10.110000,10.000000,10.070000,3.883442,428800
2002-06-25,10.070000,10.200000,10.070000,10.130000,3.906580,96600
2002-06-26,9.850000,9.940000,9.650000,9.810000,3.783173,131200
2002-06-27,9.920000,10.080000,9.890000,10.010000,3.860304,224200
2002-06-28,9.900000,10.030000,9.900000,10.000000,3.856445,448600
2002-07-01,9.900000,9.990000,9.900000,9.940000,3.833308,11100
2002-07-02,9.820000,9.900000,9.810000,9.840000,3.794743,21400
2002-07-03,9.700000,9.760000,9.650000,9.760000,3.763891,38300
2002-07-05,9.800000,9.980000,9.750000,9.980000,3.848734,14200
2002-07-08,10.000000,10.090000,9.960000,10.020000,3.864160,25200
2002-07-09,10.090000,10.200000,10.030000,10.150000,3.914293,27200
2002-07-10,10.050000,10.100000,9.960000,10.000000,3.856445,48500
2002-07-11,9.750000,9.870000,9.650000,9.870000,3.806312,76100
2002-07-12,9.850000,9.880000,9.670000,9.770000,3.767750,69600
2002-07-15,9.820000,9.830000,9.510000,9.830000,3.790887,69100
2002-07-16,9.600000,9.670000,9.450000,9.460000,3.648198,45100
2002-07-17,9.400000,9.460000,9.280000,9.350000,3.605779,143400
2002-07-18,9.420000,9.570000,9.360000,9.360000,3.609635,248400
2002-07-19,9.350000,9.440000,9.150000,9.150000,3.528648,38500
2002-07-22,9.180000,9.180000,9.010000,9.030000,3.482371,8300
2002-07-23,9.080000,9.170000,9.010000,9.080000,3.501654,17600
2002-07-24,8.700000,9.200000,8.650000,9.200000,3.547931,64600
2002-07-25,8.990000,9.100000,8.840000,8.840000,3.409098,24100
2002-07-26,8.620000,8.800000,8.590000,8.610000,3.320400,21200
2002-07-29,8.820000,9.040000,8.820000,8.950000,3.451520,25900
2002-07-30,9.000000,9.150000,8.960000,9.000000,3.470802,28500
2002-07-31,9.090000,9.140000,8.980000,9.140000,3.524792,32800
2002-08-01,8.950000,9.110000,8.820000,9.000000,3.470802,7300
2002-08-02,8.960000,9.040000,8.720000,8.720000,3.362822,33200
2002-08-05,8.750000,8.750000,8.400000,8.400000,3.239415,20900
2002-08-06,8.510000,8.700000,8.510000,8.620000,3.324258,28500
2002-08-07,8.880000,8.890000,8.750000,8.750000,3.374391,6300
2002-08-08,8.960000,9.120000,8.960000,9.010000,3.474658,13700
2002-08-09,9.110000,9.120000,9.110000,9.120000,3.517080,18700
2002-08-12,9.110000,9.150000,9.100000,9.110000,3.513222,7800
2002-08-13,9.110000,9.150000,8.950000,8.950000,3.451520,137600
2002-08-14,8.970000,9.130000,8.950000,8.950000,3.451520,8300
2002-08-15,9.140000,9.150000,9.060000,9.060000,3.493941,5800
2002-08-16,9.200000,9.320000,9.190000,9.300000,3.586495,7700
2002-08-19,9.330000,9.450000,9.300000,9.450000,3.644342,9700
2002-08-20,9.450000,9.570000,9.360000,9.550000,3.682906,18000
2002-08-21,9.360000,9.500000,9.250000,9.300000,3.586495,103800
2002-08-22,9.400000,9.450000,9.340000,9.450000,3.644342,11600
2002-08-23,9.450000,9.470000,9.230000,9.230000,3.559499,11500
2002-08-26,9.320000,9.430000,9.290000,9.420000,3.632773,23100
2002-08-27,9.520000,9.560000,9.380000,9.380000,3.617347,14500
2002-08-28,9.440000,9.450000,9.230000,9.240000,3.563356,5800
2002-08-29,9.260000,9.480000,9.260000,9.290000,3.582639,18500
2002-08-30,9.390000,9.450000,9.310000,9.450000,3.644342,4600
2002-09-03,9.330000,9.360000,9.220000,9.220000,3.555644,4800
2002-09-04,9.190000,9.280000,9.070000,9.250000,3.567214,23400
2002-09-05,9.200000,9.230000,9.090000,9.150000,3.528648,6700
2002-09-06,9.220000,9.450000,9.220000,9.450000,3.644342,15400
2002-09-09,9.450000,9.530000,9.360000,9.400000,3.625059,6100
2002-09-10,9.360000,9.490000,9.300000,9.300000,3.586495,15100
2002-09-11,9.370000,9.500000,9.350000,9.360000,3.609635,5900
2002-09-12,9.500000,9.500000,9.480000,9.480000,3.655912,9100
2002-09-13,9.490000,9.500000,9.360000,9.410000,3.628916,5700
2002-09-16,9.450000,9.490000,9.280000,9.330000,3.598064,5900
2002-09-17,9.450000,9.490000,9.360000,9.400000,3.625059,5100
2002-09-18,9.400000,9.400000,9.240000,9.390000,3.621204,14400
2002-09-19,9.300000,9.300000,9.180000,9.210000,3.551788,104300
2002-09-20,9.240000,9.240000,9.000000,9.130000,3.520936,177500
2002-09-23,9.000000,9.050000,8.920000,8.920000,3.439950,8100
2002-09-24,8.930000,9.040000,8.850000,8.880000,3.424525,32300
2002-09-25,9.000000,9.000000,8.770000,8.790000,3.389817,182000
2002-09-26,8.840000,8.960000,8.790000,8.800000,3.393673,48600
2002-09-27,9.000000,9.030000,8.800000,8.850000,3.412956,4300
2002-09-30,8.870000,8.870000,8.630000,8.640000,3.331970,24200
2002-10-01,8.860000,8.990000,8.670000,8.990000,3.466944,30500
2002-10-02,8.910000,8.970000,8.810000,8.810000,3.397529,10800
2002-10-03,8.850000,8.970000,8.830000,8.940000,3.447663,5200
2002-10-04,9.000000,9.000000,8.780000,8.780000,3.385961,11200
2002-10-07,8.820000,8.950000,8.760000,8.900000,3.432238,12200
2002-10-08,8.960000,8.970000,8.710000,8.970000,3.459233,14400
2002-10-09,8.810000,8.810000,8.590000,8.600000,3.316545,28400
2002-10-10,8.650000,8.850000,8.530000,8.850000,3.412956,29900
2002-10-11,8.690000,8.900000,8.690000,8.900000,3.432238,16000
2002-10-14,8.880000,8.990000,8.800000,8.920000,3.439950,73600
2002-10-15,9.070000,9.070000,8.920000,9.000000,3.470802,168000
2002-10-16,9.000000,9.050000,8.780000,8.790000,3.389817,5300
2002-10-17,9.000000,9.040000,8.870000,8.960000,3.455376,27900
2002-10-18,9.000000,9.000000,8.960000,8.960000,3.455376,4200
2002-10-21,9.090000,9.090000,8.970000,9.090000,3.505510,22000
2002-10-22,9.100000,9.100000,9.000000,9.000000,3.470802,13600
2002-10-23,9.100000,9.270000,9.040000,9.170000,3.536362,33100
2002-10-24,9.200000,9.370000,9.110000,9.160000,3.532505,32800
2002-10-25,9.250000,9.270000,9.040000,9.260000,3.571070,787900
2002-10-28,9.300000,9.340000,9.210000,9.210000,3.551788,11000
2002-10-29,9.080000,9.300000,9.080000,9.300000,3.586495,8600
2002-10-30,9.040000,9.240000,9.040000,9.200000,3.547931,9500
2002-10-31,9.300000,9.390000,9.150000,9.170000,3.536362,11800
2002-11-01,9.250000,9.290000,9.130000,9.290000,3.582639,5200
2002-11-04,9.340000,9.500000,9.340000,9.350000,3.605779,15500
2002-11-05,9.470000,9.500000,9.350000,9.350000,3.605779,6900
2002-11-06,9.550000,9.630000,9.410000,9.410000,3.628916,12400
2002-11-07,9.420000,9.520000,9.300000,9.300000,3.586495,86000
2002-11-08,9.400000,9.480000,9.300000,9.310000,3.590350,30300
2002-11-11,9.290000,9.290000,9.030000,9.030000,3.482371,4600
2002-11-12,9.170000,9.350000,9.150000,9.150000,3.528648,16000
2002-11-13,9.260000,9.300000,9.150000,9.150000,3.528648,8300
2002-11-14,9.250000,9.310000,9.160000,9.160000,3.532505,11600
2002-11-15,9.260000,9.440000,9.260000,9.280000,3.578783,11200
2002-11-18,9.280000,9.470000,9.250000,9.400000,3.625059,29200
2002-11-19,9.310000,9.400000,9.200000,9.300000,3.586495,8000
2002-11-20,9.350000,9.440000,9.350000,9.350000,3.605779,7100
2002-11-21,9.450000,9.600000,9.400000,9.500000,3.663624,169500
2002-11-22,9.520000,9.650000,9.410000,9.440000,3.640485,449200
2002-11-25,9.500000,9.590000,9.400000,9.450000,3.644342,6900
2002-11-26,9.290000,9.440000,9.270000,9.400000,3.625059,28100
2002-11-27,9.470000,9.550000,9.310000,9.550000,3.682906,13000
2002-11-29,9.580000,9.640000,9.460000,9.630000,3.713758,25200
2002-12-02,9.620000,9.710000,9.520000,9.530000,3.675194,97500
2002-12-03,9.590000,9.590000,9.520000,9.560000,3.686763,13000
2002-12-04,9.510000,9.510000,9.280000,9.280000,3.578783,251700
2002-12-05,9.510000,9.510000,9.280000,9.450000,3.644342,60600
2002-12-06,9.310000,9.450000,9.300000,9.450000,3.644342,26000
2002-12-09,9.450000,9.500000,9.350000,9.350000,3.605779,9300
2002-12-10,9.230000,9.430000,9.230000,9.430000,3.636630,15500
2002-12-11,9.250000,9.340000,9.190000,9.190000,3.544075,3100
2002-12-12,9.300000,9.480000,9.290000,9.460000,3.648198,10700
2002-12-13,9.400000,9.420000,9.200000,9.210000,3.551788,47800
2002-12-16,9.280000,9.380000,9.180000,9.280000,3.578783,6500
2002-12-17,9.500000,9.500000,9.280000,9.290000,3.582639,10200
2002-12-18,9.350000,9.440000,9.300000,9.380000,3.617347,15200
2002-12-19,9.360000,9.430000,9.240000,9.410000,3.628916,46500
2002-12-20,9.500000,9.510000,9.450000,9.510000,3.667481,8100
2002-12-23,9.320000,9.350000,9.250000,9.300000,3.689299,14300
2002-12-24,9.300000,9.350000,9.290000,9.290000,3.685332,14700
2002-12-26,9.290000,9.340000,9.150000,9.320000,3.697233,7100
2002-12-27,9.300000,9.300000,9.060000,9.260000,3.673432,7000
2002-12-30,9.130000,9.200000,9.120000,9.170000,3.637728,13100
2002-12-31,9.160000,9.170000,9.060000,9.080000,3.602026,8700
2003-01-02,9.190000,9.300000,9.120000,9.250000,3.669464,13200
2003-01-03,9.300000,9.340000,9.170000,9.320000,3.697233,7100
2003-01-06,9.500000,9.660000,9.470000,9.600000,3.808310,36000
2003-01-07,9.600000,9.650000,9.500000,9.550000,3.788474,59600
2003-01-08,9.500000,9.570000,9.500000,9.510000,3.772607,6100
2003-01-09,9.500000,9.650000,9.500000,9.650000,3.828143,7700
2003-01-10,9.600000,9.760000,9.510000,9.740000,3.863847,81300
2003-01-13,9.660000,9.740000,9.550000,9.550000,3.788474,4100
2003-01-14,9.780000,9.790000,9.590000,9.780000,3.879715,23700
2003-01-15,9.770000,9.770000,9.710000,9.740000,3.863847,15000
2003-01-16,9.740000,9.750000,9.710000,9.750000,3.867814,30800
2003-01-17,9.780000,9.780000,9.660000,9.780000,3.879715,5900
2003-01-21,9.630000,9.730000,9.620000,9.700000,3.847979,30600
2003-01-22,9.600000,9.610000,9.530000,9.530000,3.780540,28200
2003-01-23,9.580000,9.710000,9.580000,9.610000,3.812277,9100
2003-01-24,9.530000,9.740000,9.530000,9.710000,3.851945,91800
2003-01-27,9.670000,9.690000,9.550000,9.560000,3.792441,129900
2003-01-28,9.360000,9.490000,9.300000,9.490000,3.764672,30000
2003-01-29,9.420000,9.450000,9.250000,9.400000,3.728968,13500
2003-01-30,9.430000,9.430000,9.260000,9.320000,3.697233,41200
2003-01-31,9.200000,9.450000,9.200000,9.440000,3.744837,25300
2003-02-03,9.200000,9.300000,9.180000,9.260000,3.673432,14500
2003-02-04,9.200000,9.420000,9.100000,9.270000,3.677399,28700
2003-02-05,9.320000,9.320000,9.230000,9.230000,3.661530,3500
2003-02-06,9.110000,9.200000,9.110000,9.160000,3.633761,10800
2003-02-07,9.150000,9.280000,9.150000,9.200000,3.649630,11300
2003-02-10,9.160000,9.250000,9.100000,9.130000,3.621861,16600
2003-02-11,9.090000,9.200000,9.090000,9.160000,3.633761,20400
2003-02-12,9.130000,9.230000,9.110000,9.120000,3.617894,8300
2003-02-13,9.070000,9.090000,8.910000,8.990000,3.566321,26800
2003-02-14,8.920000,9.050000,8.920000,9.000000,3.570290,13500
2003-02-18,9.130000,9.180000,8.940000,9.120000,3.617894,922600
2003-02-19,9.160000,9.210000,8.980000,9.190000,3.645662,596700
2003-02-20,9.050000,9.100000,9.000000,9.090000,3.605992,281900
2003-02-21,9.050000,9.170000,8.990000,9.110000,3.613926,284200
2003-02-24,9.200000,9.360000,9.160000,9.220000,3.657563,25500
2003-02-25,9.160000,9.240000,9.050000,9.240000,3.665497,43700
2003-02-26,9.200000,9.330000,9.200000,9.250000,3.669464,5900
2003-02-27,9.150000,9.270000,9.070000,9.220000,3.657563,4200
2003-02-28,9.200000,9.300000,9.200000,9.290000,3.685332,2200
2003-03-03,9.310000,9.460000,9.310000,9.340000,3.705167,6900
2003-03-04,9.330000,9.400000,9.220000,9.390000,3.725002,20800
2003-03-05,9.300000,9.380000,9.230000,9.250000,3.669464,45900
2003-03-06,9.300000,9.310000,9.150000,9.280000,3.681365,84300
2003-03-07,9.110000,9.220000,9.110000,9.140000,3.625827,58600
2003-03-10,9.060000,9.170000,9.060000,9.100000,3.609959,33600
2003-03-11,9.050000,9.050000,8.940000,8.940000,3.546488,16300
2003-03-12,8.740000,8.820000,8.620000,8.780000,3.483016,37900
2003-03-13,8.800000,8.800000,8.620000,8.720000,3.459214,26100
2003-03-14,8.940000,8.970000,8.800000,8.870000,3.518718,18700
2003-03-17,8.980000,9.060000,8.970000,9.050000,3.590126,22100
2003-03-18,9.130000,9.230000,9.100000,9.230000,3.661530,25700
2003-03-19,9.200000,9.240000,9.140000,9.140000,3.625827,14400
2003-03-20,9.320000,9.320000,9.130000,9.170000,3.637728,25700
2003-03-21,9.220000,9.450000,9.210000,9.350000,3.709135,11000
2003-03-24,9.290000,9.300000,9.160000,9.180000,3.641695,15300
2003-03-25,9.350000,9.370000,9.350000,9.360000,3.713102,31000
2003-03-26,9.370000,9.370000,9.370000,9.370000,3.717068,500
2003-03-27,9.530000,9.550000,9.380000,9.380000,3.721035,9400
2003-03-28,9.560000,9.630000,9.560000,9.630000,3.820210,36100
2003-03-31,9.430000,9.610000,9.430000,9.590000,3.804341,34700
2003-04-01,9.490000,9.630000,9.400000,9.610000,3.812277,16200
2003-04-02,9.460000,9.580000,9.410000,9.580000,3.800375,8500
2003-04-03,9.580000,9.600000,9.580000,9.600000,3.808310,2200
2003-04-04,9.640000,9.770000,9.640000,9.760000,3.871780,25900
2003-04-07,9.760000,9.850000,9.750000,9.750000,3.867814,61300
2003-04-08,9.840000,9.890000,9.720000,9.720000,3.855912,10700
2003-04-09,9.720000,9.720000,9.720000,9.720000,3.855912,0
2003-04-10,9.700000,9.840000,9.700000,9.830000,3.899549,18700
2003-04-11,9.600000,9.740000,9.600000,9.740000,3.863847,5600
2003-04-14,9.800000,9.800000,9.610000,9.750000,3.867814,22800
2003-04-15,9.800000,9.880000,9.700000,9.880000,3.919385,18800
2003-04-16,9.880000,10.100000,9.880000,9.960000,3.951119,12500
2003-04-17,9.960000,10.040000,9.860000,9.970000,3.955087,17900
2003-04-21,9.950000,10.020000,9.860000,9.980000,3.959055,32500
2003-04-22,10.060000,10.290000,10.060000,10.290000,4.082032,10500
2003-04-23,10.200000,10.340000,10.150000,10.340000,4.101864,10400
2003-04-24,10.300000,10.300000,10.080000,10.200000,4.046328,40200
2003-04-25,10.090000,10.250000,10.070000,10.240000,4.062196,13500
2003-04-28,10.200000,10.220000,10.100000,10.160000,4.030459,51900
2003-04-29,10.150000,10.350000,10.150000,10.170000,4.034426,36700
2003-04-30,10.340000,10.360000,10.220000,10.230000,4.058229,6300
2003-05-01,10.260000,10.440000,10.260000,10.300000,4.085998,22900
2003-05-02,10.330000,10.490000,10.200000,10.400000,4.125668,51300
2003-05-05,10.350000,10.380000,10.200000,10.370000,4.113766,52500
2003-05-06,10.350000,10.500000,10.190000,10.480000,4.157403,26900
2003-05-07,10.320000,10.360000,10.240000,10.240000,4.062196,10200
2003-05-08,10.260000,10.390000,10.260000,10.370000,4.113766,4800
2003-05-09,10.310000,10.480000,10.250000,10.400000,4.125668,6200
2003-05-12,10.480000,10.550000,10.470000,10.470000,4.153437,8900
2003-05-13,10.500000,10.530000,10.320000,10.520000,4.173271,33400
2003-05-14,10.450000,10.520000,10.420000,10.420000,4.133604,9600
2003-05-15,10.400000,10.490000,10.350000,10.400000,4.125668,13000
2003-05-16,10.360000,10.600000,10.320000,10.500000,4.165338,65800
2003-05-19,10.440000,10.610000,10.420000,10.600000,4.205008,45700
2003-05-20,10.500000,10.620000,10.460000,10.570000,4.193108,11300
2003-05-21,10.610000,10.610000,10.510000,10.610000,4.208974,3500
2003-05-22,10.610000,10.770000,10.580000,10.700000,4.244678,17700
2003-05-23,10.700000,10.840000,10.700000,10.840000,4.300215,24400
2003-05-27,10.650000,10.880000,10.630000,10.850000,4.304183,87200
2003-05-28,10.780000,10.850000,10.640000,10.650000,4.224841,68700
2003-05-29,10.720000,10.720000,10.550000,10.720000,4.252612,27100
2003-05-30,10.770000,10.840000,10.690000,10.830000,4.296247,28200
2003-06-02,10.900000,10.990000,10.790000,10.990000,4.359719,28900
2003-06-03,10.990000,10.990000,10.870000,10.870000,4.312116,15900
2003-06-04,11.100000,11.190000,10.940000,11.100000,4.403357,44800
2003-06-05,11.150000,11.190000,10.970000,11.100000,4.403357,34600
2003-06-06,11.100000,11.140000,10.920000,10.920000,4.331951,26200
2003-06-09,10.920000,11.070000,10.800000,10.870000,4.312116,19600
2003-06-10,10.910000,11.100000,10.900000,10.930000,4.335919,62900
2003-06-11,11.050000,11.150000,11.040000,11.130000,4.415259,15200
2003-06-12,11.150000,11.290000,11.130000,11.200000,4.443026,52900
2003-06-13,11.200000,11.270000,11.090000,11.180000,4.435093,31800
2003-06-16,11.200000,11.400000,11.200000,11.400000,4.522367,69400
2003-06-17,11.300000,11.470000,11.300000,11.450000,4.542201,43100
2003-06-18,11.300000,11.420000,11.250000,11.410000,4.526334,13300
2003-06-19,11.300000,11.430000,11.230000,11.280000,4.474763,32600
2003-06-20,11.380000,11.440000,11.260000,11.310000,4.486665,23300
2003-06-23,11.280000,11.280000,10.920000,10.960000,4.347820,70900
2003-06-24,11.050000,11.140000,10.940000,10.980000,4.355752,28200
2003-06-25,11.070000,11.250000,11.070000,11.150000,4.423190,18100
2003-06-26,10.960000,11.040000,10.810000,11.010000,4.367653,37700
2003-06-27,11.010000,11.100000,10.880000,11.040000,4.379557,3316200
2003-06-30,10.950000,11.100000,10.910000,11.100000,4.403357,18700
2003-07-01,11.010000,11.150000,11.010000,11.110000,4.407325,26300
2003-07-02,11.130000,11.400000,11.130000,11.300000,4.482697,11000
2003-07-03,11.320000,11.380000,11.210000,11.320000,4.490631,10200
2003-07-07,11.350000,11.430000,11.300000,11.300000,4.482697,333700
2003-07-08,11.150000,11.150000,10.970000,11.030000,4.375589,47000
2003-07-09,10.940000,10.940000,10.650000,10.690000,4.240710,122200
2003-07-10,10.790000,10.790000,10.680000,10.700000,4.244678,85300
2003-07-11,10.790000,10.980000,10.790000,10.850000,4.304183,34200
2003-07-14,11.050000,11.060000,10.880000,10.980000,4.355752,18600
2003-07-15,11.000000,11.020000,10.810000,10.900000,4.324018,4900
2003-07-16,10.900000,11.000000,10.770000,10.790000,4.280382,41200
2003-07-17,10.890000,10.950000,10.800000,10.820000,4.292281,32200
2003-07-18,10.820000,10.850000,10.710000,10.840000,4.300215,17800
2003-07-21,10.750000,10.860000,10.720000,10.820000,4.292281,19400
2003-07-22,10.800000,10.870000,10.750000,10.800000,4.284347,15300
2003-07-23,10.970000,10.970000,10.860000,10.890000,4.320050,991300
2003-07-24,11.000000,11.230000,11.000000,11.150000,4.423190,35500
2003-07-25,11.090000,11.250000,11.090000,11.200000,4.443026,51900
2003-07-28,11.220000,11.310000,11.200000,11.290000,4.478731,11700
2003-07-29,11.220000,11.280000,11.150000,11.150000,4.423190,10200
2003-07-30,11.020000,11.090000,10.860000,10.980000,4.355752,20800
2003-07-31,10.960000,11.130000,10.960000,10.960000,4.347820,256500
2003-08-01,10.910000,11.030000,10.900000,11.030000,4.375589,24700
2003-08-04,11.050000,11.100000,10.880000,10.970000,4.351787,11700
2003-08-05,10.950000,11.050000,10.880000,10.960000,4.347820,17800
2003-08-06,10.990000,11.050000,10.920000,10.970000,4.351787,38000
2003-08-07,11.090000,11.100000,10.990000,11.090000,4.399391,8500
2003-08-08,11.180000,11.180000,11.060000,11.150000,4.423190,1300
2003-08-11,11.160000,11.280000,11.120000,11.230000,4.454929,19100
2003-08-12,11.250000,11.260000,11.170000,11.250000,4.462862,6400
2003-08-13,11.250000,11.350000,11.160000,11.340000,4.498565,17100
2003-08-14,11.250000,11.250000,11.120000,11.200000,4.443026,12100
2003-08-15,11.250000,11.250000,11.250000,11.250000,4.462862,4300
2003-08-18,11.250000,11.380000,11.220000,11.360000,4.506498,27700
2003-08-19,11.310000,11.370000,11.240000,11.370000,4.510468,65500
2003-08-20,11.320000,11.440000,11.320000,11.410000,4.526334,26000
2003-08-21,11.400000,11.410000,11.240000,11.300000,4.482697,43300
2003-08-22,11.260000,11.320000,11.170000,11.170000,4.431125,152200
2003-08-25,11.200000,11.280000,11.200000,11.200000,4.443026,86800
2003-08-26,11.180000,11.180000,11.010000,11.150000,4.423190,23500
2003-08-27,11.120000,11.150000,11.050000,11.150000,4.423190,100200
2003-08-28,11.140000,11.200000,11.110000,11.200000,4.443026,11600
2003-08-29,11.190000,11.350000,11.190000,11.350000,4.502532,36500
2003-09-02,11.230000,11.300000,11.200000,11.300000,4.482697,65100
2003-09-03,11.150000,11.300000,11.150000,11.290000,4.478731,32200
2003-09-04,11.290000,11.300000,11.160000,11.300000,4.482697,20500
2003-09-05,11.300000,11.350000,11.260000,11.300000,4.482697,11200
2003-09-08,11.300000,11.510000,11.300000,11.450000,4.542201,103000
2003-09-09,11.550000,11.630000,11.500000,11.500000,4.562036,22400
2003-09-10,11.500000,11.560000,11.380000,11.460000,4.546168,31100
2003-09-11,11.480000,11.540000,11.400000,11.540000,4.577905,9200
2003-09-12,11.530000,11.610000,11.510000,11.610000,4.605673,19600
2003-09-15,11.590000,11.650000,11.500000,11.650000,4.621541,29700
2003-09-16,11.630000,11.700000,11.600000,11.650000,4.621541,25900
2003-09-17,11.620000,11.720000,11.560000,11.650000,4.621541,28300
2003-09-18,11.780000,11.870000,11.700000,11.870000,4.708815,23500
2003-09-19,11.750000,11.840000,11.700000,11.800000,4.681046,28800
2003-09-22,11.800000,11.900000,11.670000,11.820000,4.688980,13500
2003-09-23,11.780000,11.800000,11.620000,11.620000,4.609640,19000
2003-09-24,11.810000,11.810000,11.730000,11.750000,4.661211,26800
2003-09-25,11.750000,11.840000,11.660000,11.700000,4.641375,51000
2003-09-26,11.670000,11.750000,11.590000,11.650000,4.621541,18800
2003-09-29,11.600000,11.810000,11.600000,11.800000,4.681046,35900
2003-09-30,11.740000,11.770000,11.580000,11.760000,4.665179,13300
2003-10-01,11.770000,11.900000,11.700000,11.890000,4.716750,22700
2003-10-02,11.900000,12.000000,11.850000,11.900000,4.720716,20100
2003-10-03,11.910000,12.030000,11.910000,11.910000,4.724682,73300
2003-10-06,12.050000,12.100000,11.910000,12.100000,4.800056,36700
2003-10-07,12.050000,12.180000,12.050000,12.150000,4.819890,41300
2003-10-08,12.270000,12.270000,12.130000,12.130000,4.811956,71800
2003-10-09,12.400000,12.420000,12.110000,12.280000,4.871462,52500
2003-10-10,12.350000,12.400000,12.260000,12.400000,4.919068,17500
2003-10-13,12.450000,12.530000,12.300000,12.520000,4.966669,125300
2003-10-14,12.320000,12.500000,12.310000,12.500000,4.958736,84500
2003-10-15,12.550000,12.550000,12.440000,12.440000,4.934933,147500
2003-10-16,12.500000,12.500000,12.320000,12.410000,4.923033,51500
2003-10-17,12.450000,12.540000,12.420000,12.450000,4.938900,169300
2003-10-20,12.470000,12.520000,12.380000,12.500000,4.958736,76300
2003-10-21,12.590000,12.690000,12.570000,12.680000,5.030141,107700
2003-10-22,12.660000,12.740000,12.650000,12.740000,5.053944,194700
2003-10-23,12.420000,12.540000,12.420000,12.540000,4.974603,189800
2003-10-24,12.500000,12.550000,12.360000,12.500000,4.958736,54800
2003-10-27,12.500000,12.580000,12.500000,12.580000,4.990471,86800
2003-10-28,12.510000,12.630000,12.430000,12.630000,5.010305,169800
2003-10-29,12.560000,12.640000,12.560000,12.630000,5.010305,117300
2003-10-30,12.660000,12.730000,12.630000,12.730000,5.049977,91200
2003-10-31,12.650000,12.720000,12.540000,12.700000,5.038076,55300
2003-11-03,12.650000,12.690000,12.600000,12.680000,5.030141,163800
2003-11-04,12.570000,12.600000,12.510000,12.520000,4.966669,112300
2003-11-05,12.500000,12.590000,12.450000,12.590000,4.994440,58600
2003-11-06,12.530000,12.600000,12.450000,12.550000,4.978569,71200
2003-11-07,12.600000,12.620000,12.550000,12.620000,5.006340,40100
2003-11-10,12.640000,12.730000,12.600000,12.630000,5.010305,56000
2003-11-11,12.560000,12.620000,12.500000,12.590000,4.994440,73300
2003-11-12,12.650000,12.750000,12.600000,12.700000,5.038076,183200
2003-11-13,12.770000,12.770000,12.650000,12.770000,5.065845,54700
2003-11-14,12.630000,12.720000,12.610000,12.640000,5.014273,112600
2003-11-17,12.380000,12.490000,12.270000,12.420000,4.927000,80900
2003-11-18,12.500000,12.620000,12.430000,12.580000,4.990471,81900
2003-11-19,12.580000,12.700000,12.580000,12.690000,5.034109,97400
2003-11-20,12.680000,12.730000,12.590000,12.640000,5.014273,46100
2003-11-21,12.540000,12.640000,12.510000,12.550000,4.978569,25900
2003-11-24,12.560000,12.590000,12.500000,12.560000,4.982539,71600
2003-11-25,12.560000,12.670000,12.550000,12.670000,5.026175,238100
2003-11-26,12.610000,12.740000,12.610000,12.700000,5.038076,42400
2003-11-28,12.680000,12.700000,12.550000,12.690000,5.034109,65500
2003-12-01,12.690000,12.780000,12.510000,12.740000,5.053944,325900
2003-12-02,12.740000,12.860000,12.630000,12.820000,5.085679,80600
2003-12-03,12.960000,13.090000,12.960000,13.050000,5.176920,787400
2003-12-04,13.110000,13.140000,13.010000,13.100000,5.196756,137000
2003-12-05,13.010000,13.100000,12.950000,13.060000,5.180886,107500
2003-12-08,13.100000,13.220000,13.100000,13.220000,5.244359,85400
2003-12-09,13.160000,13.220000,13.090000,13.220000,5.244359,118600
2003-12-10,13.150000,13.160000,13.010000,13.100000,5.196756,164100
2003-12-11,12.970000,13.100000,12.750000,13.100000,5.196756,71200
2003-12-12,13.110000,13.190000,13.020000,13.180000,5.228492,36000
2003-12-15,13.310000,13.370000,13.220000,13.230000,5.248324,59600
2003-12-16,13.150000,13.270000,13.100000,13.270000,5.373865,31200
2003-12-17,13.230000,13.240000,13.120000,13.210000,5.349566,42200
2003-12-18,13.110000,13.250000,13.110000,13.180000,5.337418,49200
2003-12-19,13.100000,13.180000,13.050000,13.180000,5.337418,44400
2003-12-22,12.780000,12.840000,12.720000,12.820000,5.366721,151500
2003-12-23,12.820000,12.860000,12.730000,12.840000,5.375093,73900
2003-12-24,12.980000,13.000000,12.910000,13.000000,5.442073,25400
2003-12-26,13.000000,13.050000,12.880000,13.050000,5.463004,44100
2003-12-29,13.050000,13.160000,13.020000,13.140000,5.500679,76900
2003-12-30,13.140000,13.250000,13.130000,13.240000,5.542542,115800
2003-12-31,13.250000,13.360000,13.200000,13.360000,5.592774,114200
2004-01-02,13.380000,13.460000,13.360000,13.440000,5.626265,118600
2004-01-05,13.520000,13.600000,13.500000,13.580000,5.684873,168600
2004-01-06,13.690000,13.700000,13.600000,13.680000,5.726736,645000
2004-01-07,13.600000,13.640000,13.510000,13.530000,5.663941,150700
2004-01-08,13.530000,13.730000,13.530000,13.730000,5.747665,109000
2004-01-09,13.680000,13.810000,13.610000,13.620000,5.701617,123200
2004-01-12,13.680000,13.800000,13.600000,13.770000,5.764412,105000
2004-01-13,13.730000,13.730000,13.630000,13.670000,5.722548,105800
2004-01-14,13.700000,13.790000,13.640000,13.780000,5.768598,58800
2004-01-15,13.610000,13.650000,13.500000,13.600000,5.693246,170800
2004-01-16,13.440000,13.480000,13.330000,13.400000,5.609519,565900
2004-01-20,13.500000,13.590000,13.410000,13.540000,5.668128,111000
2004-01-21,13.540000,13.700000,13.540000,13.690000,5.730920,61700
2004-01-22,13.770000,13.860000,13.610000,13.830000,5.789529,196600
2004-01-23,13.790000,13.850000,13.700000,13.740000,5.751853,83600
2004-01-26,13.800000,13.810000,13.640000,13.780000,5.768598,85000
2004-01-27,13.700000,13.740000,13.640000,13.730000,5.747665,86800
2004-01-28,13.590000,13.650000,13.310000,13.340000,5.584403,131100
2004-01-29,13.330000,13.330000,13.080000,13.210000,5.529982,286200
2004-01-30,13.100000,13.300000,13.100000,13.260000,5.550914,107800
2004-02-02,13.260000,13.260000,13.100000,13.230000,5.538355,73500
2004-02-03,13.160000,13.270000,13.150000,13.270000,5.555101,88400
2004-02-04,13.180000,13.200000,13.090000,13.120000,5.492307,135800
2004-02-05,13.240000,13.250000,13.170000,13.220000,5.534169,38000
2004-02-06,13.300000,13.500000,13.300000,13.480000,5.643011,156600
2004-02-09,13.560000,13.640000,13.560000,13.640000,5.709990,73200
2004-02-10,13.720000,13.780000,13.710000,13.780000,5.768598,137000
2004-02-11,13.760000,13.990000,13.700000,13.890000,5.814646,77900
2004-02-12,13.990000,14.040000,13.870000,14.000000,5.860693,104100
2004-02-13,14.090000,14.190000,14.000000,14.050000,5.881626,119700
2004-02-17,14.210000,14.300000,14.100000,14.280000,5.977907,128300
2004-02-18,14.300000,14.320000,14.200000,14.240000,5.961164,85800
2004-02-19,14.220000,14.260000,14.120000,14.250000,5.965349,108200
2004-02-20,14.050000,14.090000,13.630000,13.830000,5.789529,131000
2004-02-23,13.830000,13.880000,13.700000,13.810000,5.781155,56300
2004-02-24,13.740000,13.960000,13.670000,13.940000,5.835576,74200
2004-02-25,13.960000,14.000000,13.840000,13.840000,5.793713,134800
2004-02-26,13.840000,13.900000,13.800000,13.810000,5.781155,80100
2004-02-27,13.880000,14.000000,13.760000,13.950000,5.839762,129800
2004-03-01,13.980000,14.120000,13.970000,14.120000,5.910928,163700
2004-03-02,14.050000,14.120000,13.970000,14.020000,5.869067,255400
2004-03-03,13.720000,13.740000,13.440000,13.740000,5.751853,267300
2004-03-04,13.720000,13.790000,13.640000,13.750000,5.756037,148200
2004-03-05,13.950000,14.050000,13.950000,13.990000,5.856508,150500
2004-03-08,13.970000,14.020000,13.900000,13.950000,5.839762,132400
2004-03-09,14.030000,14.080000,13.950000,13.970000,5.848135,179300
2004-03-10,13.780000,13.820000,13.620000,13.650000,5.714174,145600
2004-03-11,13.400000,13.600000,13.260000,13.350000,5.588591,195400
2004-03-12,13.340000,13.520000,13.270000,13.520000,5.659757,130600
2004-03-15,13.500000,13.510000,13.250000,13.320000,5.576031,158800
2004-03-16,13.520000,13.640000,13.470000,13.510000,5.655569,64100
2004-03-17,13.610000,13.860000,13.570000,13.850000,5.797901,71800
2004-03-18,13.800000,13.950000,13.720000,13.950000,5.839762,96700
2004-03-19,13.880000,13.880000,13.730000,13.770000,5.764412,84900
2004-03-22,13.830000,13.860000,13.610000,13.820000,5.785342,111000
2004-03-23,13.780000,13.820000,13.700000,13.770000,5.764412,95700
2004-03-24,13.670000,13.740000,13.600000,13.620000,5.701617,92400
2004-03-25,13.630000,13.780000,13.500000,13.750000,5.756037,1235300
2004-03-26,13.810000,13.900000,13.720000,13.880000,5.810458,205300
2004-03-29,13.800000,13.900000,13.800000,13.890000,5.814646,254600
2004-03-30,13.870000,14.000000,13.870000,13.980000,5.852322,94700
2004-03-31,14.000000,14.140000,13.980000,14.070000,5.889996,86900
2004-04-01,14.250000,14.390000,14.180000,14.360000,6.011395,309400
2004-04-02,14.130000,14.190000,14.050000,14.120000,5.910928,168000
2004-04-05,14.080000,14.150000,13.980000,14.140000,5.919302,143000
2004-04-06,14.280000,14.290000,14.240000,14.280000,5.977907,178600
2004-04-07,14.330000,14.420000,14.300000,14.330000,5.998838,121300
2004-04-08,14.210000,14.250000,14.140000,14.240000,5.961164,111200
2004-04-12,14.420000,14.420000,14.330000,14.410000,6.032327,128800
2004-04-13,14.090000,14.160000,13.470000,13.970000,5.848135,163200
2004-04-14,13.680000,13.690000,13.510000,13.570000,5.680686,144000
2004-04-15,13.580000,13.770000,13.580000,13.720000,5.743481,79900
2004-04-16,13.700000,13.840000,13.610000,13.800000,5.776970,99200
2004-04-19,13.800000,13.890000,13.800000,13.880000,5.810458,59000
2004-04-20,13.800000,14.450000,13.660000,13.660000,5.718362,136400
2004-04-21,13.550000,13.720000,13.510000,13.530000,5.663941,76300
2004-04-22,13.540000,13.700000,13.500000,13.700000,5.735107,75400
2004-04-23,13.690000,13.700000,13.520000,13.630000,5.705805,73700
2004-04-26,13.570000,13.700000,13.490000,13.580000,5.684873,174100
2004-04-27,13.450000,13.620000,13.450000,13.540000,5.668128,185600
2004-04-28,13.420000,13.510000,13.160000,13.200000,5.525796,1880300
2004-04-29,13.080000,13.210000,12.950000,13.060000,5.467190,389300
2004-04-30,13.090000,13.100000,12.980000,13.010000,5.446258,230200
2004-05-03,12.970000,13.070000,12.950000,13.060000,5.467190,109600
2004-05-04,13.180000,13.320000,13.130000,13.290000,5.563474,66200
2004-05-05,13.400000,13.470000,13.370000,13.380000,5.601149,54900
2004-05-06,13.250000,13.270000,13.000000,13.130000,5.496493,180300
2004-05-07,12.940000,12.950000,12.610000,12.610000,5.278809,157300
2004-05-10,12.320000,12.320000,12.010000,12.100000,5.065314,690600
2004-05-11,12.500000,12.500000,12.300000,12.390000,5.186716,104200
2004-05-12,12.550000,12.600000,12.390000,12.520000,5.241135,384200
2004-05-13,12.430000,12.430000,12.300000,12.390000,5.186716,78800
2004-05-14,12.350000,12.420000,12.340000,12.420000,5.199273,114100
2004-05-17,12.300000,12.380000,12.210000,12.250000,5.128107,100700
2004-05-18,12.310000,12.460000,12.270000,12.460000,5.216019,72300
2004-05-19,12.600000,12.800000,12.600000,12.660000,5.299740,75100
2004-05-20,12.700000,12.700000,12.510000,12.510000,5.236948,114900
2004-05-21,12.750000,12.800000,12.650000,12.750000,5.337419,65500
2004-05-24,12.810000,12.830000,12.670000,12.700000,5.316487,147400
2004-05-25,12.890000,12.980000,12.800000,12.920000,5.408583,50700
2004-05-26,13.040000,13.070000,12.940000,13.000000,5.442073,67700
2004-05-27,13.250000,13.300000,13.200000,13.280000,5.559286,107300
2004-05-28,13.280000,13.280000,13.140000,13.200000,5.525796,13700
2004-06-01,13.180000,13.250000,13.010000,13.190000,5.521611,28400
2004-06-02,13.100000,13.140000,13.000000,13.070000,5.471376,107700
2004-06-03,12.940000,12.980000,12.720000,12.850000,5.379281,38500
2004-06-04,12.850000,13.040000,12.850000,13.000000,5.442073,18000
2004-06-07,13.080000,13.430000,13.070000,13.370000,5.596962,191500
2004-06-08,13.280000,13.280000,13.140000,13.240000,5.542542,79900
2004-06-09,12.900000,13.000000,12.850000,12.940000,5.416956,70700
2004-06-10,12.970000,13.120000,12.970000,13.010000,5.446258,45600
2004-06-14,12.850000,12.940000,12.790000,12.850000,5.379281,81100
2004-06-15,12.780000,13.120000,12.780000,13.020000,5.450446,43000
2004-06-16,12.950000,12.990000,12.850000,12.950000,5.421141,1152000
2004-06-17,12.950000,13.050000,12.860000,12.980000,5.433699,27900
2004-06-18,13.030000,13.190000,13.010000,13.190000,5.521611,20300
2004-06-21,13.190000,13.280000,13.120000,13.200000,5.525796,43300
2004-06-22,13.140000,13.200000,13.000000,13.080000,5.475563,16900
2004-06-23,13.170000,13.230000,13.100000,13.210000,5.529982,18600
2004-06-24,13.300000,13.450000,13.300000,13.400000,5.609519,52600
2004-06-25,13.370000,13.400000,13.280000,13.350000,5.588591,29400
2004-06-28,13.450000,13.450000,13.300000,13.300000,5.567659,57000
2004-06-29,13.240000,13.250000,13.060000,13.170000,5.513239,44800
2004-06-30,13.300000,13.450000,13.150000,13.420000,5.617892,39300
2004-07-01,13.400000,13.400000,13.250000,13.300000,5.567659,29100
2004-07-02,13.480000,13.630000,13.460000,13.530000,5.663941,38300
2004-07-06,13.650000,13.750000,13.600000,13.720000,5.743481,169500
2004-07-07,13.820000,13.950000,13.820000,13.950000,5.839762,65200
2004-07-08,13.940000,13.960000,13.810000,13.860000,5.802086,131700
2004-07-09,13.960000,13.970000,13.810000,13.970000,5.848135,44900
2004-07-12,13.960000,14.040000,13.850000,14.000000,5.860693,42600
2004-07-13,13.980000,13.990000,13.790000,13.990000,5.856508,55000
2004-07-14,13.740000,13.810000,13.630000,13.760000,5.760226,57300
2004-07-15,13.780000,13.780000,13.620000,13.670000,5.722548,39400
2004-07-16,13.850000,13.990000,13.820000,13.860000,5.802086,26200
2004-07-19,13.950000,14.050000,13.850000,13.880000,5.810458,22300
2004-07-20,13.850000,13.850000,13.710000,13.820000,5.785342,33600
2004-07-21,13.740000,13.740000,13.460000,13.460000,5.634638,62300
2004-07-22,13.410000,13.480000,13.360000,13.430000,5.622080,39800
2004-07-23,13.180000,13.330000,13.130000,13.160000,5.509052,73900
2004-07-26,13.220000,13.380000,13.180000,13.190000,5.521611,70700
2004-07-27,13.210000,13.210000,13.030000,13.110000,5.488122,22700
2004-07-28,13.050000,13.240000,13.000000,13.170000,5.513239,55900
2004-07-29,13.130000,13.230000,13.030000,13.180000,5.517424,65500
2004-07-30,13.340000,13.430000,13.240000,13.240000,5.542542,30600
2004-08-02,13.260000,13.460000,13.260000,13.400000,5.609519,36300
2004-08-03,13.440000,13.500000,13.410000,13.470000,5.638825,63800
2004-08-04,13.370000,13.510000,13.360000,13.410000,5.613708,47300
2004-08-05,13.350000,13.420000,13.300000,13.400000,5.609519,15300
2004-08-06,13.370000,13.470000,13.100000,13.370000,5.596962,37100
2004-08-09,13.400000,13.540000,13.400000,13.490000,5.647197,76300
2004-08-10,13.450000,13.490000,13.400000,13.430000,5.622080,35300
2004-08-11,13.420000,13.460000,13.390000,13.440000,5.626265,42800
2004-08-12,13.350000,13.410000,13.290000,13.330000,5.580219,34700
2004-08-13,13.300000,13.420000,13.300000,13.420000,5.617892,60300
2004-08-16,13.420000,13.500000,13.400000,13.500000,5.651383,21100
2004-08-17,13.540000,13.540000,13.400000,13.430000,5.622080,23800
2004-08-18,13.380000,13.490000,13.340000,13.490000,5.647197,11600
2004-08-19,13.500000,13.650000,13.480000,13.630000,5.705805,39200
2004-08-20,13.660000,13.710000,13.610000,13.710000,5.739294,26400
2004-08-23,13.770000,13.790000,13.620000,13.670000,5.722548,38700
2004-08-24,13.550000,13.550000,13.380000,13.430000,5.622080,62700
2004-08-25,13.370000,13.500000,13.370000,13.390000,5.605335,21400
2004-08-26,13.400000,13.450000,13.360000,13.420000,5.617892,35300
2004-08-27,13.630000,13.630000,13.490000,13.560000,5.676502,48400
2004-08-30,13.400000,13.500000,13.370000,13.370000,5.596962,37200
2004-08-31,13.400000,13.640000,13.400000,13.540000,5.668128,28700
2004-09-01,13.700000,13.710000,13.600000,13.680000,5.726736,51800
2004-09-02,13.560000,13.680000,13.540000,13.680000,5.726736,34600
2004-09-03,13.420000,13.490000,13.370000,13.420000,5.617892,32400
2004-09-07,13.460000,13.600000,13.450000,13.560000,5.676502,120200
2004-09-08,13.450000,13.600000,13.380000,13.550000,5.672316,71100
2004-09-09,13.430000,13.480000,13.370000,13.480000,5.643011,27900
2004-09-10,13.530000,13.710000,13.530000,13.670000,5.722548,112800
2004-09-13,13.700000,13.740000,13.660000,13.710000,5.739294,39600
2004-09-14,13.800000,13.900000,13.800000,13.880000,5.810458,66300
2004-09-15,13.800000,13.810000,13.690000,13.740000,5.751853,50600
2004-09-16,13.780000,13.850000,13.700000,13.760000,5.760226,85000
2004-09-17,13.760000,13.830000,13.750000,13.830000,5.789529,39700
2004-09-20,13.770000,13.860000,13.760000,13.850000,5.797901,41800
2004-09-21,13.900000,13.970000,13.850000,13.950000,5.839762,69500
2004-09-22,13.900000,14.000000,13.900000,13.940000,5.835576,84600
2004-09-23,14.040000,14.150000,14.040000,14.090000,5.898370,70400
2004-09-24,14.140000,14.150000,14.080000,14.150000,5.923486,55400
2004-09-27,14.060000,14.140000,14.050000,14.050000,5.881626,46700
2004-09-28,14.150000,14.270000,14.150000,14.270000,5.973723,73100
2004-09-29,14.360000,14.370000,14.250000,14.360000,6.011395,106600
2004-09-30,14.300000,14.570000,14.300000,14.520000,6.078379,290000
2004-10-01,14.550000,14.640000,14.480000,14.600000,6.111865,164300
2004-10-04,14.670000,14.670000,14.600000,14.650000,6.132798,281600
2004-10-05,14.650000,14.700000,14.600000,14.630000,6.124426,90400
2004-10-06,14.600000,14.680000,14.520000,14.680000,6.145355,94300
2004-10-07,14.640000,14.740000,14.610000,14.690000,6.149542,84900
2004-10-08,14.770000,14.850000,14.710000,14.840000,6.212336,124600
2004-10-11,14.860000,14.890000,14.820000,14.890000,6.233267,92400
2004-10-12,14.800000,14.900000,14.750000,14.880000,6.229079,156600
2004-10-13,14.710000,14.710000,14.520000,14.660000,6.136984,303800
2004-10-14,14.700000,14.790000,14.650000,14.690000,6.149542,415200
2004-10-15,14.850000,14.870000,14.770000,14.830000,6.208148,61700
2004-10-18,14.810000,14.810000,14.600000,14.700000,6.153728,128600
2004-10-19,14.720000,14.820000,14.650000,14.650000,6.132798,104000
2004-10-20,14.850000,14.850000,14.700000,14.730000,6.166288,112400
2004-10-21,14.880000,14.960000,14.830000,14.960000,6.262569,107600
2004-10-22,14.950000,15.010000,14.800000,14.930000,6.250010,169800
2004-10-25,14.910000,15.050000,14.900000,15.010000,6.283501,338700
2004-10-26,15.120000,15.180000,15.040000,15.110000,6.325365,193300
2004-10-27,15.190000,15.340000,15.160000,15.270000,6.392344,269200
2004-10-28,15.400000,15.450000,15.310000,15.350000,6.425832,204500
2004-10-29,15.370000,15.480000,15.350000,15.470000,6.476067,108900
2004-11-01,15.490000,15.620000,15.490000,15.580000,6.522115,342400
2004-11-02,15.580000,15.580000,15.480000,15.500000,6.488624,190300
2004-11-03,15.760000,15.880000,15.750000,15.880000,6.647702,201600
2004-11-04,15.890000,16.049999,15.800000,15.980000,6.689563,299500
2004-11-05,16.000000,16.059999,15.950000,16.049999,6.718867,313500
2004-11-08,15.900000,15.960000,15.810000,15.900000,6.656073,168700
2004-11-09,15.840000,15.880000,15.760000,15.840000,6.630956,124500
2004-11-10,15.900000,15.990000,15.830000,15.980000,6.689563,125100
2004-11-11,16.049999,16.209999,16.010000,16.180000,6.773288,181900
2004-11-12,16.170000,16.309999,16.170000,16.309999,6.827708,212300
2004-11-15,16.410000,16.420000,16.350000,16.370001,6.852825,311500
2004-11-16,16.299999,16.350000,16.250000,16.299999,6.823523,216800
2004-11-17,16.500000,16.660000,16.450001,16.590000,6.944921,243700
2004-11-18,16.549999,16.580000,16.430000,16.530001,6.919805,296600
2004-11-19,16.530001,16.660000,16.469999,16.520000,6.915617,286500
2004-11-22,16.410000,16.459999,16.250000,16.440001,6.882131,242400
2004-11-23,16.700001,16.709999,16.570000,16.680000,6.982597,200300
2004-11-24,16.830000,16.840000,16.740000,16.820000,7.041205,278100
2004-11-26,16.959999,17.000000,16.930000,16.990000,7.112372,213900
2004-11-29,16.969999,17.020000,16.879999,16.959999,7.099810,921100
2004-11-30,16.740000,16.809999,16.559999,16.629999,6.961665,618400
2004-12-01,16.540001,16.680000,16.500000,16.660000,6.974227,272300
2004-12-02,16.820000,16.879999,16.670000,16.750000,7.011901,264600
2004-12-03,16.750000,16.879999,16.670000,16.879999,7.066321,188400
2004-12-06,16.780001,16.780001,16.670000,16.700001,6.990971,245300
2004-12-07,16.650000,16.690001,16.459999,16.549999,6.928177,561200
2004-12-08,15.950000,16.070000,15.840000,16.000000,6.697935,623400
2004-12-09,15.800000,16.000000,15.760000,15.980000,6.689563,598800
2004-12-10,15.890000,15.950000,15.800000,15.930000,6.668632,122300
2004-12-13,15.940000,16.250000,15.940000,16.200001,6.781661,498200
2004-12-14,16.340000,16.350000,16.200001,16.299999,6.823523,226900
2004-12-15,16.320000,16.559999,16.320000,16.490000,6.903059,228100
2004-12-16,16.469999,16.469999,16.320000,16.350000,6.844453,182700
2004-12-17,16.500000,16.600000,16.330000,16.580000,6.940736,284100
2004-12-20,16.670000,16.700001,16.559999,16.580000,6.940736,303900
2004-12-21,16.830000,16.830000,16.660000,16.750000,7.011901,532200
2004-12-22,16.889999,16.910000,16.770000,16.889999,7.070508,322700
2004-12-23,16.420000,16.420000,16.260000,16.320000,7.072675,887800
2004-12-27,16.549999,16.700001,16.500000,16.629999,7.207021,610500
2004-12-28,16.700001,16.799999,16.670000,16.750000,7.259026,373100
2004-12-29,16.549999,16.549999,16.389999,16.469999,7.137681,887000
2004-12-30,16.620001,16.650000,16.530001,16.600000,7.194020,371700
2004-12-31,16.660000,16.740000,16.570000,16.700001,7.237358,675000
2005-01-03,16.620001,16.660000,16.469999,16.469999,7.137681,449800
2005-01-04,16.580000,16.590000,16.120001,16.180000,7.012003,932300
2005-01-05,16.200001,16.320000,16.200001,16.240000,7.038006,1151600
2005-01-06,16.299999,16.299999,16.129999,16.270000,7.051006,140900
2005-01-07,16.469999,16.469999,16.150000,16.250000,7.042341,258200
2005-01-10,16.379999,16.459999,16.320000,16.330000,7.077009,249500
2005-01-11,16.400000,16.430000,16.280001,16.350000,7.085677,433900
2005-01-12,16.459999,16.639999,16.379999,16.629999,7.207021,618300
2005-01-13,16.570000,16.570000,16.360001,16.360001,7.090010,506600
2005-01-14,16.340000,16.500000,16.320000,16.490000,7.146349,1404900
2005-01-18,16.200001,16.309999,16.120001,16.309999,7.068341,726200
2005-01-19,16.299999,16.389999,16.170000,16.230000,7.033672,524100
2005-01-20,16.129999,16.270000,16.129999,16.170000,7.007668,456300
2005-01-21,16.350000,16.490000,16.299999,16.420000,7.116013,91900
2005-01-24,16.549999,16.549999,16.299999,16.510000,7.155018,134200
2005-01-25,16.549999,16.590000,16.420000,16.500000,7.150682,193400
2005-01-26,16.740000,16.790001,16.629999,16.770000,7.267696,464600
2005-01-27,16.950001,17.000000,16.830000,17.000000,7.367368,318900
2005-01-28,16.750000,16.870001,16.680000,16.790001,7.276362,302500
2005-01-31,16.860001,16.930000,16.790001,16.830000,7.293695,561200
2005-02-01,16.870001,16.990000,16.790001,16.990000,7.363034,356500
2005-02-02,17.100000,17.219999,17.030001,17.209999,7.458377,655400
2005-02-03,17.000000,17.020000,16.900000,16.990000,7.363034,271600
2005-02-04,17.049999,17.180000,17.049999,17.170000,7.441044,416300
2005-02-07,17.209999,17.260000,17.070000,17.129999,7.423709,427700
2005-02-08,17.010000,17.100000,16.940001,17.070000,7.397705,145700
2005-02-09,16.969999,17.059999,16.910000,17.010000,7.371703,356700
2005-02-10,17.309999,17.469999,17.219999,17.469999,7.571055,309600
2005-02-11,17.410000,17.629999,17.360001,17.549999,7.605727,309200
2005-02-14,17.500000,17.570000,17.440001,17.440001,7.558054,468600
2005-02-15,17.350000,17.500000,17.299999,17.500000,7.584057,248000
2005-02-16,17.379999,17.500000,17.230000,17.490000,7.579725,298900
2005-02-17,17.490000,17.639999,17.440001,17.490000,7.579725,162400
2005-02-18,17.580000,17.639999,17.500000,17.549999,7.605727,294400
2005-02-22,17.540001,17.690001,17.530001,17.639999,7.644730,303500
2005-02-23,17.500000,17.520000,17.350000,17.480000,7.575389,372400
2005-02-24,17.340000,17.340000,17.120001,17.309999,7.501714,239600
2005-02-25,17.420000,17.530001,17.350000,17.510000,7.588391,229300
2005-02-28,17.760000,17.809999,17.629999,17.740000,7.688066,340300
2005-03-01,17.690001,17.740000,17.639999,17.639999,7.644730,361700
2005-03-02,17.639999,17.730000,17.549999,17.629999,7.640395,234900
2005-03-03,17.719999,17.790001,17.650000,17.760000,7.696735,235000
2005-03-04,17.950001,18.139999,17.900000,18.040001,7.818080,572200
2005-03-07,18.090000,18.129999,18.070000,18.080000,7.835415,678800
2005-03-08,18.290001,18.290001,18.170000,18.219999,7.896088,321300
2005-03-09,18.120001,18.209999,18.030001,18.090000,7.839746,286600
2005-03-10,18.030001,18.040001,17.850000,18.000000,7.800745,300100
2005-03-11,17.959999,18.059999,17.870001,17.900000,7.757407,256200
2005-03-14,17.990000,18.030001,17.900000,17.990000,7.796411,225100
2005-03-15,17.990000,18.030001,17.900000,17.930000,7.770409,205600
2005-03-16,18.010000,18.110001,17.980000,18.040001,7.818080,290000
2005-03-17,18.049999,18.080000,17.969999,18.070000,7.831080,370200
2005-03-18,18.110001,18.139999,18.049999,18.139999,7.861418,389600
2005-03-21,18.100000,18.100000,17.870001,17.959999,7.783410,356400
2005-03-22,17.820000,18.020000,17.549999,17.650000,7.649064,344700
2005-03-23,17.150000,17.299999,17.000000,17.110001,7.415041,1065300
2005-03-24,17.049999,17.180000,16.900000,16.930000,7.337032,554100
2005-03-28,17.129999,17.129999,17.000000,17.049999,7.389036,182400
2005-03-29,16.920000,17.030001,16.750000,16.799999,7.280694,459000
2005-03-30,16.920000,17.030001,16.900000,17.000000,7.367368,132100
2005-03-31,17.070000,17.150000,16.950001,16.959999,7.350035,130700
2005-04-01,17.150000,17.230000,16.980000,17.080000,7.402039,197300
2005-04-04,16.920000,17.000000,16.850000,16.969999,7.354367,167400
2005-04-05,17.049999,17.180000,16.959999,17.100000,7.410707,278100
2005-04-06,16.969999,17.080000,16.870001,16.910000,7.328367,172000
2005-04-07,17.150000,17.150000,16.969999,17.030001,7.380372,178600
2005-04-08,17.209999,17.320000,17.100000,17.180000,7.445378,197300
2005-04-11,17.180000,17.280001,17.120001,17.240000,7.471380,186400
2005-04-12,17.230000,17.379999,17.100000,17.379999,7.532052,321300
2005-04-13,17.309999,17.360001,17.150000,17.150000,7.432376,271100
2005-04-14,16.959999,16.959999,16.639999,16.670000,7.224355,400000
2005-04-15,16.450001,16.629999,16.330000,16.330000,7.077009,466400
2005-04-18,16.280001,16.440001,16.230000,16.350000,7.085677,285900
2005-04-19,16.549999,16.780001,16.510000,16.770000,7.267696,209900
2005-04-20,16.740000,16.740000,16.549999,16.580000,7.185354,669700
2005-04-21,16.850000,16.920000,16.770000,16.910000,7.328367,508300
2005-04-22,16.850000,17.000000,16.850000,16.930000,7.337032,234700
2005-04-25,16.950001,17.000000,16.870001,17.000000,7.367368,92000
2005-04-26,16.930000,16.930000,16.680000,16.680000,7.228689,341900
2005-04-27,16.740000,16.820000,16.680000,16.799999,7.280694,329200
2005-04-28,16.850000,16.870001,16.650000,16.690001,7.233023,144100
2005-04-29,16.799999,16.900000,16.730000,16.840000,7.298031,154900
2005-05-02,16.889999,16.950001,16.799999,16.799999,7.280694,185300
2005-05-03,16.650000,16.750000,16.580000,16.639999,7.211352,218600
2005-05-04,16.530001,16.740000,16.469999,16.680000,7.228689,338600
2005-05-05,16.730000,16.750000,16.559999,16.620001,7.202687,259800
2005-05-06,16.680000,16.780001,16.600000,16.670000,7.224355,167900
2005-05-09,16.600000,16.790001,16.600000,16.750000,7.259026,130100
2005-05-10,16.610001,16.790001,16.610001,16.709999,7.241689,99900
2005-05-11,16.719999,16.840000,16.690001,16.740000,7.254693,121400
2005-05-12,16.750000,16.750000,16.540001,16.559999,7.176685,312000
2005-05-13,16.490000,16.620001,16.299999,16.350000,7.085677,125900
2005-05-16,16.230000,16.309999,16.150000,16.200001,7.020670,406000
2005-05-17,16.200001,16.299999,16.120001,16.280001,7.055339,156700
2005-05-18,16.410000,16.650000,16.330000,16.549999,7.172349,385500
2005-05-19,16.660000,16.740000,16.570000,16.690001,7.233023,93100
2005-05-20,16.480000,16.590000,16.480000,16.530001,7.163684,143500
2005-05-23,16.809999,16.879999,16.709999,16.879999,7.315366,333300
2005-05-24,16.969999,17.000000,16.820000,16.910000,7.328367,135500
2005-05-25,16.799999,16.850000,16.750000,16.799999,7.280694,83100
2005-05-26,16.799999,16.920000,16.799999,16.889999,7.319698,121200
2005-05-27,16.850000,17.010000,16.850000,16.980000,7.358700,143900
2005-05-31,16.840000,16.840000,16.730000,16.750000,7.259026,231800
2005-06-01,16.740000,16.969999,16.740000,16.889999,7.319698,169000
2005-06-02,17.000000,17.150000,17.000000,17.129999,7.423709,304400
2005-06-03,17.250000,17.250000,17.070000,17.160000,7.436710,110800
2005-06-06,17.170000,17.420000,17.170000,17.379999,7.532052,142000
2005-06-07,17.410000,17.570000,17.410000,17.480000,7.575389,305900
2005-06-08,17.510000,17.639999,17.440001,17.490000,7.579725,114900
2005-06-09,17.549999,17.590000,17.469999,17.500000,7.584057,92400
2005-06-10,17.570000,17.570000,17.360001,17.459999,7.566723,80500
2005-06-13,17.490000,17.510000,17.410000,17.490000,7.579725,214900
2005-06-14,17.559999,17.580000,17.480000,17.500000,7.584057,100000
2005-06-15,17.700001,17.760000,17.600000,17.709999,7.675066,183400
2005-06-16,17.799999,17.950001,17.770000,17.879999,7.748737,405700
2005-06-17,18.200001,18.280001,18.150000,18.219999,7.896088,286500
2005-06-20,18.190001,18.190001,18.020000,18.150000,7.865753,289600
2005-06-21,18.139999,18.250000,18.030001,18.250000,7.909090,156300
2005-06-22,18.150000,18.150000,18.059999,18.139999,7.861418,172300
2005-06-23,17.990000,17.990000,17.719999,17.799999,7.714070,317300
2005-06-24,17.820000,17.820000,17.650000,17.660000,7.653396,93100
2005-06-27,17.700001,17.760000,17.629999,17.670000,7.657731,136700
2005-06-28,17.850000,17.889999,17.760000,17.860001,7.740073,110100
2005-06-29,17.680000,17.709999,17.520000,17.620001,7.636062,231500
2005-06-30,17.719999,17.740000,17.559999,17.680000,7.662066,133600
2005-07-01,17.620001,17.620001,17.459999,17.500000,7.584057,88000
2005-07-05,17.400000,17.469999,17.209999,17.379999,7.532052,231600
2005-07-06,17.299999,17.299999,17.150000,17.150000,7.432376,203000
2005-07-07,16.910000,17.049999,16.879999,17.049999,7.389036,223800
2005-07-08,17.090000,17.139999,16.959999,17.129999,7.423709,164400
2005-07-11,17.230000,17.450001,17.230000,17.360001,7.523385,154500
2005-07-12,17.540001,17.650000,17.450001,17.629999,7.640395,139800
2005-07-13,17.510000,17.540001,17.450001,17.480000,7.575389,144900
2005-07-14,17.650000,17.660000,17.500000,17.600000,7.627393,101800
2005-07-15,17.410000,17.500000,17.389999,17.490000,7.579725,86200
2005-07-18,17.540001,17.629999,17.500000,17.549999,7.605727,116900
2005-07-19,17.450001,17.570000,17.410000,17.510000,7.588391,140300
2005-07-20,17.719999,17.830000,17.549999,17.740000,7.688066,110300
2005-07-21,18.030001,18.200001,18.010000,18.150000,7.865753,171000
2005-07-22,18.219999,18.320000,18.200001,18.230000,7.900420,156400
2005-07-25,18.230000,18.230000,18.059999,18.059999,7.826747,182000
2005-07-26,18.030001,18.100000,18.000000,18.030001,7.813749,158000
2005-07-27,18.010000,18.110001,17.950001,18.040001,7.818080,150000
2005-07-28,18.059999,18.150000,17.950001,18.100000,7.844083,67900
2005-07-29,18.219999,18.219999,18.010000,18.010000,7.805079,115500
2005-08-01,18.100000,18.200001,18.059999,18.100000,7.844083,161300
2005-08-02,18.150000,18.330000,18.150000,18.230000,7.900420,425700
2005-08-03,18.309999,18.379999,18.250000,18.320000,7.939422,253400
2005-08-04,18.360001,18.420000,18.240000,18.240000,7.904754,132400
2005-08-05,18.350000,18.350000,18.170000,18.270000,7.917753,113600
2005-08-08,18.480000,18.480000,18.299999,18.340000,7.948093,661800
2005-08-09,18.400000,18.459999,18.350000,18.459999,8.000097,224600
2005-08-10,18.549999,18.610001,18.500000,18.549999,8.039100,212700
2005-08-11,18.860001,18.930000,18.770000,18.930000,8.203780,230300
2005-08-12,18.950001,18.950001,18.850000,18.930000,8.203780,270100
2005-08-15,18.840000,18.860001,18.750000,18.840000,8.164780,405700
2005-08-16,18.870001,18.870001,18.770000,18.780001,8.138778,188000
2005-08-17,18.670000,18.670000,18.520000,18.600000,8.060770,158500
2005-08-18,18.250000,18.350000,18.230000,18.299999,7.930755,253000
2005-08-19,18.250000,18.360001,18.250000,18.340000,7.948093,209600
2005-08-22,18.490000,18.650000,18.490000,18.600000,8.060770,173500
2005-08-23,18.590000,18.590000,18.450001,18.540001,8.034768,98200
2005-08-24,18.450001,18.450001,18.250000,18.260000,7.913424,157300
2005-08-25,18.370001,18.400000,18.260000,18.379999,7.965427,273200
2005-08-26,18.500000,18.520000,18.350000,18.400000,7.974094,77400
2005-08-29,18.209999,18.270000,18.100000,18.270000,7.917753,190100
2005-08-30,18.139999,18.139999,17.980000,18.070000,7.831080,187800
2005-08-31,18.209999,18.500000,18.209999,18.490000,8.013098,328100
2005-09-01,18.799999,18.940001,18.680000,18.870001,8.177781,743900
2005-09-02,18.850000,18.879999,18.760000,18.850000,8.169112,126800
2005-09-06,18.940001,19.049999,18.870001,19.049999,8.255789,221600
2005-09-07,19.059999,19.129999,19.000000,19.049999,8.255789,314400
2005-09-08,19.080000,19.080000,18.930000,18.969999,8.221119,250800
2005-09-09,19.070000,19.160000,18.990000,19.160000,8.303458,264800
2005-09-12,19.080000,19.080000,18.980000,19.000000,8.234119,310400
2005-09-13,19.070000,19.080000,18.930000,18.950001,8.212450,168800
2005-09-14,19.270000,19.270000,19.150000,19.219999,8.329462,113900
2005-09-15,19.209999,19.209999,19.040001,19.139999,8.294793,120600
2005-09-16,19.340000,19.410000,19.299999,19.410000,8.411802,166200
2005-09-19,19.280001,19.320000,19.180000,19.309999,8.368464,358700
2005-09-20,19.510000,19.549999,19.320000,19.370001,8.394468,614900
2005-09-21,19.420000,19.420000,19.299999,19.309999,8.368464,206900
2005-09-22,19.309999,19.309999,19.139999,19.200001,8.320795,218500
2005-09-23,19.110001,19.150000,19.040001,19.100000,8.277457,104400
2005-09-26,19.400000,19.430000,19.250000,19.379999,8.398802,285100
2005-09-27,19.430000,19.430000,19.299999,19.389999,8.403133,184100
2005-09-28,19.480000,19.540001,19.400000,19.480000,8.442139,450900
2005-09-29,19.690001,19.799999,19.570000,19.770000,8.567818,338300
2005-09-30,19.610001,19.629999,19.520000,19.610001,8.498477,239300
2005-10-03,19.690001,19.709999,19.610001,19.629999,8.507147,452100
2005-10-04,19.660000,19.660000,19.450001,19.450001,8.429137,257500
2005-10-05,19.150000,19.150000,18.799999,18.830000,8.160445,493900
2005-10-06,18.620001,18.620001,18.350000,18.480000,8.008765,652500
2005-10-07,18.480000,18.610001,18.480000,18.570000,8.047770,230600
2005-10-10,18.690001,18.799999,18.610001,18.700001,8.104110,305800
2005-10-11,18.200001,18.450001,18.200001,18.389999,7.969759,1164900
2005-10-12,18.480000,18.600000,18.400000,18.459999,8.000097,446100
2005-10-13,18.150000,18.299999,18.049999,18.270000,7.917753,440300
2005-10-14,18.170000,18.400000,18.170000,18.389999,7.969759,261200
2005-10-17,18.379999,18.379999,18.200001,18.270000,7.917753,191500
2005-10-18,18.250000,18.370001,18.240000,18.280001,7.922090,146100
2005-10-19,18.320000,18.320000,17.900000,18.250000,7.909090,384500
2005-10-20,18.110001,18.200001,17.900000,17.900000,7.757407,153800
2005-10-21,17.930000,18.100000,17.830000,17.930000,7.770409,150000
2005-10-24,17.959999,18.250000,17.950001,18.250000,7.909090,146800
2005-10-25,18.250000,18.330000,18.200001,18.240000,7.904754,103500
2005-10-26,18.430000,18.600000,18.389999,18.469999,8.004430,202600
2005-10-27,18.590000,18.590000,18.299999,18.299999,7.930755,89800
2005-10-28,18.190001,18.320000,18.150000,18.299999,7.930755,164100
2005-10-31,18.549999,18.549999,18.410000,18.510000,8.021767,514200
2005-11-01,18.459999,18.490000,18.360001,18.450001,7.995764,175700
2005-11-02,18.330000,18.500000,18.260000,18.490000,8.013098,355200
2005-11-03,18.670000,18.700001,18.530001,18.559999,8.043434,191500
2005-11-04,18.510000,18.510000,18.240000,18.350000,7.952428,164100
2005-11-07,18.400000,18.469999,18.309999,18.410000,7.978428,110600
2005-11-08,18.520000,18.540001,18.420000,18.469999,8.004430,84700
2005-11-09,18.430000,18.570000,18.350000,18.570000,8.047770,144800
2005-11-10,18.540001,18.549999,18.350000,18.480000,8.008765,110600
2005-11-11,18.620001,18.730000,18.559999,18.719999,8.112776,247000
2005-11-14,18.680000,18.700001,18.580000,18.610001,8.065103,100500
2005-11-15,18.680000,18.860001,18.650000,18.700001,8.104110,246100
2005-11-16,18.740000,18.879999,18.700001,18.850000,8.169112,173400
2005-11-17,18.900000,19.049999,18.900000,19.030001,8.247119,279200
2005-11-18,19.139999,19.200001,19.000000,19.190001,8.316463,260000
2005-11-21,19.250000,19.250000,19.100000,19.209999,8.325127,218900
2005-11-22,19.000000,19.139999,18.830000,19.120001,8.286122,194800
2005-11-23,19.030001,19.100000,18.959999,19.030001,8.247119,260300
2005-11-25,19.080000,19.200001,19.049999,19.080000,8.268789,145000
2005-11-28,19.190001,19.299999,19.059999,19.190001,8.316463,238800
2005-11-29,19.160000,19.180000,19.010000,19.080000,8.268789,130400
2005-11-30,19.100000,19.100000,18.850000,18.850000,8.169112,228000
2005-12-01,18.860001,19.240000,18.860001,19.200001,8.320795,258800
2005-12-02,19.250000,19.370001,19.150000,19.370001,8.394468,194800
2005-12-05,19.400000,19.400000,19.270000,19.379999,8.398802,420800
2005-12-06,19.450001,19.510000,19.350000,19.450001,8.429137,195200
2005-12-07,19.330000,19.440001,19.139999,19.250000,8.342463,231700
2005-12-08,19.030001,19.190001,19.000000,19.070000,8.264456,209400
2005-12-09,19.070000,19.270000,19.070000,19.209999,8.325127,99600
2005-12-12,19.450001,19.459999,19.320000,19.450001,8.429137,210600
2005-12-13,19.340000,19.450001,19.240000,19.350000,8.385802,274200
2005-12-14,19.510000,19.590000,19.430000,19.430000,8.420469,288500
2005-12-15,19.320000,19.320000,19.150000,19.250000,8.342463,284400
2005-12-16,19.290001,19.290001,19.190001,19.270000,8.351130,178300
2005-12-19,19.350000,19.350000,19.110001,19.120001,8.286122,164500
2005-12-20,19.170000,19.299999,19.150000,19.209999,8.325127,188300
2005-12-21,19.410000,19.490000,19.330000,19.440001,8.424804,195700
2005-12-22,19.309999,19.360001,19.230000,19.360001,8.390136,94500
2005-12-23,18.990000,18.990000,18.530001,18.620001,8.357368,258700
2005-12-27,18.680000,18.700001,18.400000,18.410000,8.263114,223200
2005-12-28,18.600000,18.780001,18.600000,18.690001,8.388788,432400
2005-12-29,18.750000,18.870001,18.750000,18.840000,8.456115,294600
2005-12-30,18.799999,18.809999,18.700001,18.809999,8.442648,112800
2006-01-03,18.870001,19.290001,18.870001,19.190001,8.613210,365400
2006-01-04,19.420000,19.559999,19.320000,19.469999,8.738879,290300
2006-01-05,19.450001,19.520000,19.400000,19.440001,8.725416,181600
2006-01-06,19.549999,19.670000,19.490000,19.650000,8.819673,483600
2006-01-09,19.700001,19.799999,19.620001,19.650000,8.819673,222500
2006-01-10,19.600000,19.600000,19.430000,19.530001,8.765813,262700
2006-01-11,19.740000,19.790001,19.670000,19.670000,8.828649,682700
2006-01-12,19.690001,19.690001,19.469999,19.469999,8.738879,248200
2006-01-13,19.639999,19.740000,19.540001,19.700001,8.842114,283000
2006-01-17,19.760000,19.760000,19.620001,19.709999,8.846603,579900
2006-01-18,19.360001,19.400000,19.180000,19.389999,8.702974,397700
2006-01-19,19.510000,19.660000,19.450001,19.620001,8.806208,306100
2006-01-20,19.719999,19.719999,19.370001,19.459999,8.734393,181300
2006-01-23,19.610001,19.650000,19.500000,19.650000,8.819673,238200
2006-01-24,19.600000,19.680000,19.520000,19.650000,8.819673,269300
2006-01-25,19.809999,19.980000,19.809999,19.879999,8.922906,318600
2006-01-26,19.959999,20.180000,19.920000,20.129999,9.035117,381800
2006-01-27,20.190001,20.260000,20.059999,20.219999,9.075510,397700
2006-01-30,20.209999,20.209999,20.080000,20.170000,9.053071,337800
2006-01-31,20.340000,20.400000,20.209999,20.400000,9.156301,220000
2006-02-01,20.370001,20.389999,20.200001,20.299999,9.111416,209100
2006-02-02,20.200001,20.200001,19.950001,19.950001,8.954326,438100
2006-02-03,19.830000,19.850000,19.610001,19.799999,8.886995,325000
2006-02-06,19.879999,19.879999,19.740000,19.840000,8.904952,236000
2006-02-07,19.799999,19.799999,19.520000,19.549999,8.774788,344700
2006-02-08,19.250000,19.450001,19.219999,19.450001,8.729901,344600
2006-02-09,19.500000,19.700001,19.500000,19.510000,8.756835,348200
2006-02-10,19.650000,19.650000,19.290001,19.469999,8.738879,479700
2006-02-13,19.240000,19.379999,19.170000,19.200001,8.617697,288700
2006-02-14,19.450001,19.660000,19.340000,19.600000,8.797233,328700
2006-02-15,19.500000,19.570000,19.250000,19.320000,8.671556,264500
2006-02-16,19.209999,19.389999,19.180000,19.360001,8.689510,302800
2006-02-17,19.190001,19.330000,19.110001,19.290001,8.658092,204100
2006-02-21,19.690001,19.700001,19.530001,19.620001,8.806208,242500
2006-02-22,19.629999,19.719999,19.540001,19.680000,8.833136,138100
2006-02-23,19.830000,19.830000,19.660000,19.690001,8.837625,228800
2006-02-24,19.660000,19.799999,19.660000,19.770000,8.873532,260700
2006-02-27,19.889999,19.900000,19.750000,19.840000,8.904952,278400
2006-02-28,19.920000,19.920000,19.750000,19.860001,8.913931,185000
2006-03-01,19.750000,19.760000,19.610001,19.760000,8.869047,182300
2006-03-02,19.910000,19.950001,19.750000,19.910000,8.936372,204400
2006-03-03,19.910000,19.920000,19.700001,19.850000,8.909443,137300
2006-03-06,19.860001,19.940001,19.600000,19.680000,8.833136,166800
2006-03-07,19.500000,19.500000,19.389999,19.440001,8.725416,865900
2006-03-08,19.340000,19.440001,19.250000,19.389999,8.702974,459600
2006-03-09,19.750000,19.750000,19.500000,19.520000,8.761324,362000
2006-03-10,19.549999,19.559999,19.410000,19.469999,8.738879,654600
2006-03-13,19.809999,19.809999,19.709999,19.780001,8.878022,331000
2006-03-14,19.740000,19.889999,19.590000,19.870001,8.918418,465400
2006-03-15,20.030001,20.030001,19.860001,19.980000,8.967788,135100
2006-03-16,20.070000,20.070000,19.920000,19.950001,8.954326,121600
2006-03-17,19.840000,19.840000,19.700001,19.750000,8.864557,175100
2006-03-20,19.730000,19.750000,19.600000,19.600000,8.797233,156000
2006-03-21,19.559999,19.650000,19.450001,19.500000,8.752348,467100
2006-03-22,19.549999,19.690001,19.549999,19.639999,8.815182,343300
2006-03-23,19.719999,19.719999,19.549999,19.570000,8.783767,120000
2006-03-24,19.500000,19.570000,19.450001,19.520000,8.761324,169600
2006-03-27,19.510000,19.660000,19.510000,19.570000,8.783767,127400
2006-03-28,19.709999,19.719999,19.500000,19.549999,8.774788,173000
2006-03-29,19.570000,19.799999,19.549999,19.799999,8.886995,100400
2006-03-30,19.830000,20.059999,19.830000,20.059999,9.003697,541900
2006-03-31,19.980000,20.070000,19.879999,20.020000,8.985746,703100
2006-04-03,20.139999,20.440001,20.139999,20.350000,9.133859,410800
2006-04-04,20.200001,20.450001,20.200001,20.370001,9.142837,336600
2006-04-05,20.629999,20.830000,20.510000,20.719999,9.299930,301800
2006-04-06,20.980000,21.010000,20.850000,20.980000,9.416625,193200
2006-04-07,20.910000,20.980000,20.670000,20.790001,9.331347,450100
2006-04-10,20.799999,20.820000,20.639999,20.740000,9.308905,260100
2006-04-11,20.980000,21.000000,20.750000,20.809999,9.340323,256500
2006-04-12,20.799999,20.840000,20.690001,20.840000,9.353791,140300
2006-04-13,20.680000,20.700001,20.530001,20.660000,9.272998,172200
2006-04-17,20.879999,20.990000,20.760000,20.959999,9.407650,158300
2006-04-18,21.200001,21.580000,21.200001,21.570000,9.681443,347700
2006-04-19,21.580000,21.790001,21.490000,21.790001,9.780184,264400
2006-04-20,21.580000,21.580000,21.150000,21.250000,9.537812,625000
2006-04-21,21.400000,21.580000,21.309999,21.540001,9.667978,591000
2006-04-24,21.500000,21.540001,21.309999,21.500000,9.650021,124000
2006-04-25,21.620001,21.660000,21.400000,21.510000,9.654512,197700
2006-04-26,21.950001,22.000000,21.850000,21.940001,9.847517,384800
2006-04-27,21.750000,21.950001,21.559999,21.820000,9.793653,384800
2006-04-28,21.809999,21.950001,21.719999,21.940001,9.847517,385100
2006-05-01,22.299999,22.340000,22.070000,22.150000,9.941767,619700
2006-05-02,22.070000,22.180000,21.990000,22.129999,9.932792,2824400
2006-05-03,22.280001,22.299999,22.059999,22.160000,9.946255,1483200
2006-05-04,21.980000,22.219999,21.900000,22.110001,9.923815,1191000
2006-05-05,22.440001,22.510000,22.250000,22.400000,10.053978,915100
2006-05-08,22.559999,22.650000,22.379999,22.469999,10.085400,722900
2006-05-09,22.549999,22.830000,22.540001,22.799999,10.233512,699800
2006-05-10,22.600000,22.790001,22.559999,22.709999,10.193119,483400
2006-05-11,22.690001,22.820000,22.549999,22.700001,10.188628,633300
2006-05-12,22.570000,22.629999,22.059999,22.139999,9.937280,744600
2006-05-15,21.719999,21.860001,21.200001,21.629999,9.708369,773500
2006-05-16,21.730000,21.930000,21.700001,21.920000,9.838536,757900
2006-05-17,21.850000,21.879999,20.900000,21.230000,9.528837,744900
2006-05-18,21.230000,21.490000,21.219999,21.280001,9.551279,560200
2006-05-19,21.120001,21.150000,20.799999,21.150000,9.492931,676300
2006-05-22,20.530001,20.799999,20.370001,20.650000,9.268509,1249900
2006-05-23,20.660000,21.180000,20.660000,20.930000,9.394184,434700
2006-05-24,20.629999,20.850000,20.430000,20.680000,9.281975,2698100
2006-05-25,20.870001,20.950001,20.629999,20.950001,9.403162,281100
2006-05-26,21.080000,21.129999,20.799999,21.090000,9.465999,438900
2006-05-30,21.309999,21.309999,20.870001,20.990000,9.421114,435100
2006-05-31,20.700001,20.980000,20.670000,20.799999,9.335836,470000
2006-06-01,20.440001,20.860001,20.440001,20.709999,9.295443,719400
2006-06-02,21.010000,21.010000,20.760000,20.950001,9.403162,360100
2006-06-05,21.010000,21.120001,20.600000,20.719999,9.299930,502400
2006-06-06,20.620001,20.629999,20.110001,20.360001,9.138347,1384900
2006-06-07,20.260000,20.520000,20.200001,20.200001,9.066534,1020800
2006-06-08,19.850000,20.010000,19.600000,19.920000,8.940859,1419900
2006-06-09,20.250000,20.389999,20.110001,20.170000,9.053071,604700
2006-06-12,20.250000,20.350000,19.920000,20.030001,8.990232,418200
2006-06-13,19.340000,19.760000,19.090000,19.180000,8.608719,846400
2006-06-14,19.299999,19.700001,19.260000,19.590000,8.792742,871600
2006-06-15,19.650000,20.129999,19.549999,20.129999,9.035117,415900
2006-06-16,20.049999,20.049999,19.809999,19.950001,8.954326,346900
2006-06-19,19.760000,19.900000,19.580000,19.700001,8.842114,179500
2006-06-20,19.690001,19.830000,19.500000,19.690001,8.837625,169000
2006-06-21,19.650000,20.080000,19.650000,20.070000,9.008184,143900
2006-06-22,20.100000,20.110001,19.850000,20.030001,8.990232,178700
2006-06-23,19.959999,20.110001,19.850000,20.020000,8.985746,172800
2006-06-26,19.879999,20.080000,19.830000,20.059999,9.003697,118800
2006-06-27,20.150000,20.200001,19.850000,19.950001,8.954326,304300
2006-06-28,19.750000,19.889999,19.650000,19.889999,8.927394,640900
2006-06-29,20.190001,20.780001,20.100000,20.700001,9.290954,236900
2006-06-30,20.870001,20.900000,20.629999,20.750000,9.313396,353600
2006-07-03,20.860001,20.889999,20.750000,20.889999,9.376230,150200
2006-07-05,20.959999,21.000000,20.450001,20.629999,9.259533,414200
2006-07-06,20.850000,21.049999,20.799999,20.870001,9.367256,202100
2006-07-07,21.120001,21.299999,21.049999,21.180000,9.506392,245800
2006-07-10,21.120001,21.240000,21.000000,21.160000,9.497419,371700
2006-07-11,21.100000,21.190001,20.930000,21.180000,9.506392,144100
2006-07-12,21.160000,21.209999,20.860001,20.889999,9.376230,119000
2006-07-13,20.870001,20.959999,20.670000,20.709999,9.295443,183000
2006-07-14,20.379999,20.469999,20.129999,20.290001,9.106928,193900
2006-07-17,20.230000,20.350000,20.180000,20.250000,9.088976,176100
2006-07-18,20.250000,20.320000,19.940001,20.160000,9.048580,139400
2006-07-19,19.920000,20.520000,19.910000,20.500000,9.201185,146200
2006-07-20,20.680000,20.770000,20.379999,20.430000,9.169765,281900
2006-07-21,20.379999,20.549999,20.230000,20.320000,9.120394,428700
2006-07-24,20.400000,20.799999,20.379999,20.750000,9.313396,310200
2006-07-25,20.549999,21.100000,20.450001,20.719999,9.299930,326500
2006-07-26,20.639999,20.719999,20.459999,20.620001,9.255045,241400
2006-07-27,21.030001,21.090000,20.850000,20.900000,9.380718,253300
2006-07-28,20.879999,21.139999,20.799999,21.129999,9.483953,381000
2006-07-31,20.980000,21.000000,20.889999,20.959999,9.407650,140400
2006-08-01,20.840000,20.889999,20.680000,20.879999,9.371742,364800
2006-08-02,20.700001,20.900000,20.700001,20.830000,9.349301,531700
2006-08-03,20.770000,20.900000,20.680000,20.790001,9.331347,385700
2006-08-04,20.879999,20.969999,20.590000,20.809999,9.340323,146100
2006-08-07,20.780001,20.780001,20.620001,20.719999,9.299930,150900
2006-08-08,20.950001,21.080000,20.840000,20.889999,9.376230,280100
2006-08-09,20.840000,21.110001,20.700001,20.780001,9.326860,440800
2006-08-10,20.830000,20.860001,20.700001,20.850000,9.358281,379200
2006-08-11,20.750000,20.860001,20.639999,20.700001,9.290954,367700
2006-08-14,20.830000,20.959999,20.740000,20.750000,9.313396,337200
2006-08-15,20.900000,21.090000,20.850000,21.049999,9.448046,476100
2006-08-16,21.200001,21.240000,21.000000,21.110001,9.474977,205200
2006-08-17,21.309999,21.340000,21.090000,21.170000,9.501908,315300
2006-08-18,21.160000,21.180000,21.010000,21.160000,9.497419,209200
2006-08-21,21.290001,21.389999,21.290001,21.389999,9.600654,172500
2006-08-22,21.350000,21.360001,21.200001,21.260000,9.542303,268600
2006-08-23,21.450001,21.490000,21.129999,21.170000,9.501908,808800
2006-08-24,21.129999,21.190001,20.820000,20.870001,9.367256,273100
2006-08-25,20.900000,21.049999,20.820000,20.950001,9.403162,257100
2006-08-28,21.059999,21.150000,21.000000,21.090000,9.465999,230400
2006-08-29,21.330000,21.400000,21.170000,21.400000,9.605140,315600
2006-08-30,21.469999,21.490000,21.320000,21.400000,9.605140,141000
2006-08-31,21.610001,21.610001,21.450001,21.540001,9.667978,942400
2006-09-01,21.530001,21.709999,21.450001,21.650000,9.717348,456500
2006-09-05,22.020000,22.030001,21.799999,22.010000,9.878932,479300
2006-09-06,21.670000,21.719999,21.500000,21.559999,9.676957,438600
2006-09-07,21.410000,21.500000,21.230000,21.340000,9.578208,257400
2006-09-08,21.330000,21.330000,21.209999,21.309999,9.564744,222400
2006-09-11,20.879999,21.080000,20.250000,20.780001,9.326860,607000
2006-09-12,20.709999,20.860001,20.690001,20.840000,9.353791,283100
2006-09-13,20.870001,21.020000,20.850000,21.010000,9.430094,254000
2006-09-14,21.150000,21.200001,21.020000,21.049999,9.448046,307200
2006-09-15,21.090000,21.090000,20.900000,21.020000,9.434581,499500
2006-09-18,21.040001,21.299999,21.040001,21.280001,9.551279,352300
2006-09-19,21.219999,21.250000,20.750000,20.930000,9.394184,323600
2006-09-20,20.850000,20.969999,20.840000,20.910000,9.385212,448900
2006-09-21,20.940001,20.980000,20.780001,20.830000,9.349301,445900
2006-09-22,20.820000,20.820000,20.520000,20.580000,9.237091,873900
2006-09-25,20.600000,20.860001,20.500000,20.840000,9.353791,438200
2006-09-26,20.730000,20.879999,20.700001,20.860001,9.362769,923200
2006-09-27,20.950001,21.200001,20.930000,21.150000,9.492931,555100
2006-09-28,21.120001,21.170000,21.049999,21.170000,9.501908,461600
2006-09-29,21.150000,21.270000,21.150000,21.200001,9.515372,349200
2006-10-02,21.290001,21.490000,21.290001,21.379999,9.596163,377500
2006-10-03,21.299999,21.360001,21.110001,21.139999,9.488441,558300
2006-10-04,21.090000,21.430000,21.030001,21.379999,9.596163,752400
2006-10-05,21.540001,21.639999,21.480000,21.639999,9.712859,261900
2006-10-06,21.459999,21.459999,21.350000,21.440001,9.623096,296900
2006-10-09,21.379999,21.540001,21.379999,21.490000,9.645535,163300
2006-10-10,21.580000,21.620001,21.500000,21.570000,9.681443,564700
2006-10-11,21.600000,21.709999,21.520000,21.620001,9.703886,327300
2006-10-12,21.790001,22.000000,21.790001,21.990000,9.869953,295500
2006-10-13,21.959999,22.070000,21.879999,22.000000,9.874441,292900
2006-10-16,22.240000,22.370001,22.049999,22.240000,9.982163,516300
2006-10-17,22.049999,22.100000,21.790001,21.889999,9.825071,648300
2006-10-18,22.200001,22.200001,22.070000,22.100000,9.919327,350000
2006-10-19,22.110001,22.280001,22.110001,22.209999,9.968696,212500
2006-10-20,22.440001,22.500000,22.270000,22.500000,10.098861,517900
2006-10-23,22.500000,22.500000,22.250000,22.420000,10.062954,371200
2006-10-24,22.270000,22.450001,22.200001,22.450001,10.076421,263000
2006-10-25,22.299999,22.590000,22.299999,22.530001,10.112327,392400
2006-10-26,22.600000,23.000000,22.570000,23.000000,10.323279,362500
2006-10-27,22.740000,22.870001,22.639999,22.700001,10.188628,459700
2006-10-30,22.700001,23.250000,22.700001,23.250000,10.435492,525900
2006-10-31,22.610001,23.030001,22.610001,23.020000,10.332256,170900
2006-11-01,23.180000,23.400000,23.030001,23.400000,10.502815,2846300
2006-11-02,22.990000,23.200001,22.990000,23.129999,10.381628,547500
2006-11-03,23.600000,23.600000,23.000000,23.250000,10.435492,469700
2006-11-06,23.250000,23.540001,23.170000,23.500000,10.547701,883500
2006-11-07,22.940001,23.700001,22.940001,23.700001,10.637468,775000
2006-11-08,23.100000,23.410000,23.049999,23.309999,10.462420,463300
2006-11-09,24.059999,24.059999,23.070000,23.270000,10.444467,334600
2006-11-10,23.139999,23.190001,23.040001,23.180000,10.404072,328900
2006-11-13,23.020000,23.020000,22.900000,22.959999,10.305326,466200
2006-11-14,23.190001,23.290001,23.049999,23.219999,10.422025,329100
2006-11-15,23.080000,23.160000,22.950001,23.059999,10.350212,328800
2006-11-16,23.190001,23.190001,22.900000,22.900000,10.278395,324400
2006-11-17,22.910000,23.129999,22.900000,23.080000,10.359189,324400
2006-11-20,22.990000,22.990000,22.549999,22.700001,10.188628,1681300
2006-11-21,22.969999,23.049999,22.820000,23.040001,10.341234,734700
2006-11-22,23.200001,23.410000,23.200001,23.410000,10.507303,438500
2006-11-24,23.330000,23.570000,23.330000,23.540001,10.565653,187700
2006-11-27,23.450001,23.480000,23.219999,23.260000,10.439982,555300
2006-11-28,23.120001,23.700001,23.020000,23.700001,10.637468,368300
2006-11-29,23.760000,23.840000,23.700001,23.820000,10.691329,512800
2006-11-30,23.969999,24.049999,23.820000,24.020000,10.781094,370500
2006-12-01,23.889999,23.889999,23.559999,23.650000,10.615024,2972700
2006-12-04,24.139999,24.139999,23.680000,23.990000,10.767632,489100
2006-12-05,23.629999,23.870001,23.629999,23.870001,10.713775,699000
2006-12-06,23.850000,24.000000,23.680000,24.000000,10.772119,598000
2006-12-07,23.860001,24.030001,23.700001,23.840000,10.700302,383800
2006-12-08,23.750000,23.870001,23.400000,23.540001,10.565653,360100
2006-12-11,23.610001,23.910000,23.610001,23.820000,10.691329,888200
2006-12-12,23.760000,23.879999,23.690001,23.850000,10.704793,331300
2006-12-13,23.959999,24.040001,23.900000,24.030001,10.785586,341200
2006-12-14,24.309999,24.420000,24.180000,24.400000,10.951655,549300
2006-12-15,24.240000,24.370001,24.129999,24.219999,10.870863,249900
2006-12-18,24.250000,24.250000,24.059999,24.150000,10.839446,827800
2006-12-19,23.990000,24.190001,23.990000,24.160000,10.843933,340900
2006-12-20,23.290001,23.330000,23.160000,23.270000,10.942684,355800
2006-12-21,23.180000,23.240000,23.059999,23.139999,10.881554,359300
2006-12-22,23.270000,23.270000,23.139999,23.219999,10.919172,305700
2006-12-26,23.320000,23.389999,23.250000,23.280001,10.947388,255400
2006-12-27,23.379999,23.660000,23.379999,23.660000,11.126081,533400
2006-12-28,23.990000,23.990000,23.590000,23.740000,11.163701,260800
2006-12-29,24.400000,24.400000,23.500000,23.500000,11.050843,330500
2007-01-03,23.780001,23.920000,23.459999,23.540001,11.069653,878800
2007-01-04,23.209999,23.290001,22.719999,23.100000,10.862742,781900
2007-01-05,22.980000,23.000000,22.620001,22.719999,10.684047,515600
2007-01-08,22.680000,22.900000,22.500000,22.850000,10.745179,428600
2007-01-09,23.110001,23.110001,22.840000,22.980000,10.806310,519600
2007-01-10,22.610001,22.860001,22.549999,22.820000,10.731075,379700
2007-01-11,22.980000,23.250000,22.920000,23.030001,10.829828,731700
2007-01-12,23.290001,23.420000,23.200001,23.420000,11.013222,1191400
2007-01-16,23.500000,23.500000,23.200001,23.379999,10.994412,1093800
2007-01-17,23.330000,23.490000,23.290001,23.360001,10.985007,839100
2007-01-18,23.540001,23.660000,23.440001,23.500000,11.050843,688100
2007-01-19,23.549999,23.850000,23.549999,23.809999,11.196621,1023600
2007-01-22,23.969999,23.969999,23.709999,23.760000,11.173110,356000
2007-01-23,24.100000,24.260000,24.030001,24.260000,11.408234,814400
2007-01-24,23.830000,24.059999,23.830000,24.059999,11.314179,926900
2007-01-25,23.799999,24.059999,23.440001,23.520000,11.060246,986000
2007-01-26,23.620001,23.620001,23.389999,23.530001,11.064950,656800
2007-01-29,23.559999,23.620001,23.490000,23.540001,11.069653,1435300
2007-01-30,24.090000,24.090000,23.709999,23.950001,11.262453,565100
2007-01-31,23.600000,23.950001,23.580000,23.920000,11.248348,651800
2007-02-01,24.520000,24.520000,23.850000,23.860001,11.220133,647300
2007-02-02,23.940001,23.990000,23.730000,23.860001,11.220133,1460400
2007-02-05,23.950001,24.000000,23.850000,23.969999,11.271860,678800
2007-02-06,24.110001,24.290001,24.070000,24.230000,11.394125,705400
2007-02-07,24.350000,24.430000,24.299999,24.389999,11.469363,761300
2007-02-08,24.469999,24.559999,24.370001,24.530001,11.535198,958100
2007-02-09,24.549999,24.570000,24.260000,24.379999,11.464663,710200
2007-02-12,24.520000,24.520000,24.100000,24.230000,11.394125,409300
2007-02-13,24.459999,24.719999,24.040001,24.690001,11.610440,841400
2007-02-14,24.709999,24.950001,24.670000,24.950001,11.732701,1158400
2007-02-15,24.969999,24.980000,24.850000,24.930000,11.723296,305300
2007-02-16,24.950001,25.030001,24.740000,24.990000,11.751513,2324900
2007-02-20,25.080000,25.459999,24.900000,25.129999,11.817352,913400
2007-02-21,25.049999,25.150000,24.930000,25.120001,11.812650,521800
2007-02-22,25.400000,25.450001,25.250000,25.290001,11.892590,559600
2007-02-23,25.500000,25.840000,25.410000,25.709999,12.090093,616000
2007-02-26,26.150000,26.150000,25.530001,25.750000,12.108903,937900
2007-02-27,25.209999,25.290001,24.200001,24.459999,11.502281,2333000
2007-02-28,24.500000,25.070000,24.010000,24.600000,11.568114,766900
2007-03-01,23.969999,24.500000,23.500000,24.500000,11.521091,1015600
2007-03-02,24.110001,24.420000,23.660000,24.420000,11.483472,593300
2007-03-05,23.309999,23.510000,22.750000,23.000000,10.815717,1872700
2007-03-06,23.969999,24.430000,23.690001,24.430000,11.488172,997600
2007-03-07,24.190001,24.430000,24.020000,24.170000,11.365910,701700
2007-03-08,24.360001,24.420000,24.209999,24.270000,11.412935,566300
2007-03-09,24.480000,24.730000,24.250000,24.250000,11.403529,557000
2007-03-12,22.500000,24.950001,22.350000,24.840000,11.680976,519400
2007-03-13,24.700001,24.920000,24.120001,24.160000,11.361206,1178900
2007-03-14,23.940001,24.570000,23.860001,24.570000,11.554009,948600
2007-03-15,24.870001,25.000000,24.629999,25.000000,11.756214,536400
2007-03-16,24.969999,24.980000,24.740000,24.840000,11.680976,361900
2007-03-19,25.219999,25.280001,25.059999,25.209999,11.854967,734300
2007-03-20,25.200001,25.540001,25.110001,25.540001,12.010151,549200
2007-03-21,25.540001,25.969999,25.200001,25.770000,12.118307,1490700
2007-03-22,26.510000,26.510000,25.709999,25.870001,12.165335,800500
2007-03-23,25.850000,25.879999,25.709999,25.750000,12.108903,426200
2007-03-26,26.450001,26.450001,25.799999,26.370001,12.400455,747600
2007-03-27,26.209999,26.209999,25.780001,25.809999,12.137113,715100
2007-03-28,25.770000,25.770000,25.320000,25.480000,11.981936,692900
2007-03-29,25.950001,25.950001,25.570000,25.719999,12.094793,604800
2007-03-30,25.990000,26.020000,25.860001,25.950001,12.202950,692600
2007-04-02,25.870001,26.280001,25.850000,26.010000,12.231166,382000
2007-04-03,26.379999,26.790001,26.250000,26.480000,12.452183,575400
2007-04-04,26.620001,26.750000,26.450001,26.700001,12.555641,1056100
2007-04-05,26.820000,26.850000,26.400000,26.830000,12.616771,1476600
2007-04-09,27.620001,27.620001,26.719999,26.820000,12.612067,1769700
2007-04-10,27.230000,27.500000,27.080000,27.350000,12.861300,1792400
2007-04-11,27.350000,27.350000,27.070000,27.110001,12.748442,2009300
2007-04-12,27.320000,27.549999,27.139999,27.530001,12.945947,2433900
2007-04-13,27.549999,27.580000,27.370001,27.559999,12.960055,1786600
2007-04-16,27.799999,27.850000,27.629999,27.770000,13.058804,1624100
2007-04-17,27.950001,27.959999,27.770000,27.850000,13.096423,1167100
2007-04-18,27.850000,27.910000,27.700001,27.860001,13.101127,1621400
2007-04-19,27.590000,27.650000,27.330000,27.580000,12.969460,874700
2007-04-20,27.850000,28.030001,27.709999,27.709999,13.030592,942000
2007-04-23,27.650000,28.260000,26.650000,27.620001,12.988267,1498000
2007-04-24,27.280001,27.459999,27.120001,27.200001,12.790763,1964800
2007-04-25,27.500000,27.770000,27.459999,27.709999,13.030592,1150600
2007-04-26,27.459999,27.559999,27.309999,27.450001,12.908325,739500
2007-04-27,27.420000,27.500000,27.290001,27.370001,12.870705,698300
2007-04-30,27.430000,27.490000,27.090000,27.090000,12.739036,901400
2007-05-01,27.230000,27.350000,27.090000,27.129999,12.757845,729800
2007-05-02,27.459999,27.660000,27.400000,27.660000,13.007077,1168700
2007-05-03,27.520000,27.590000,27.420000,27.580000,12.969460,828200
2007-05-04,27.639999,27.860001,27.549999,27.860001,13.101127,649600
2007-05-07,28.200001,28.250000,27.790001,27.850000,13.096423,522100
2007-05-08,27.850000,27.850000,27.570000,27.780001,13.063509,1178600
2007-05-09,28.040001,28.250000,27.920000,28.250000,13.284526,2017400
2007-05-10,28.209999,28.209999,27.730000,27.799999,13.072913,1661700
2007-05-11,27.980000,28.280001,27.850000,28.219999,13.270417,835000
2007-05-14,28.280001,28.299999,27.930000,28.100000,13.213985,2120000
2007-05-15,27.990000,28.299999,27.900000,28.059999,13.195176,1069100
2007-05-16,27.889999,27.940001,27.650000,27.799999,13.072913,2149400
2007-05-17,27.889999,28.000000,27.790001,27.990000,13.162255,1954900
2007-05-18,27.980000,28.170000,27.840000,28.090000,13.209284,1310400
2007-05-21,27.889999,28.110001,27.850000,28.000000,13.166960,1913800
2007-05-22,28.000000,28.000000,27.730000,27.790001,13.068208,857200
2007-05-23,28.040001,28.219999,27.910000,27.950001,13.143448,544600
2007-05-24,27.690001,27.740000,27.100000,27.100000,12.743739,1694500
2007-05-25,27.360001,27.650000,27.320000,27.650000,13.002373,805800
2007-05-29,27.670000,27.690001,27.389999,27.590000,12.974161,1731800
2007-05-30,27.250000,27.660000,27.219999,27.580000,12.969460,569700
2007-05-31,27.889999,28.040001,27.820000,27.900000,13.119937,519400
2007-06-01,28.100000,28.240000,28.000000,28.190001,13.256309,843700
2007-06-04,28.350000,28.520000,28.270000,28.459999,13.383274,678800
2007-06-05,28.469999,28.580000,28.270000,28.500000,13.402087,813000
2007-06-06,28.240000,28.309999,27.990000,28.100000,13.213985,813300
2007-06-07,28.200001,28.340000,27.790001,27.910000,13.124639,1282100
2007-06-08,27.820000,28.219999,27.719999,28.180000,13.251608,599200
2007-06-11,28.129999,28.350000,28.000000,28.350000,13.331545,694900
2007-06-12,27.830000,28.030001,27.670000,27.670000,13.011781,875400
2007-06-13,27.740000,28.080000,27.730000,28.020000,13.176365,766100
2007-06-14,28.020000,28.150000,28.000000,28.100000,13.213985,518600
2007-06-15,28.389999,28.500000,28.299999,28.500000,13.402087,771900
2007-06-18,28.690001,28.690001,28.469999,28.629999,13.463217,593600
2007-06-19,28.740000,29.070000,28.740000,28.990000,13.632509,577300
2007-06-20,29.080000,29.170000,28.770000,28.950001,13.613698,643400
2007-06-21,28.870001,29.080000,28.750000,29.020000,13.646612,995300
2007-06-22,29.000000,29.000000,28.600000,28.850000,13.566671,950300
2007-06-25,28.950001,29.049999,28.700001,29.049999,13.660720,647900
2007-06-26,28.740000,28.840000,28.520000,28.549999,13.425595,973300
2007-06-27,27.930000,28.100000,27.830000,28.000000,13.166960,1280800
2007-06-28,28.400000,28.590000,28.400000,28.490000,13.397382,661700
2007-06-29,28.639999,28.650000,28.290001,28.469999,13.387980,1430700
2007-07-02,28.680000,29.120001,28.680000,29.120001,13.693640,866400
2007-07-03,28.969999,29.020000,28.900000,29.020000,13.646612,717400
2007-07-05,29.350000,29.370001,29.110001,29.350000,13.801798,688100
2007-07-06,29.480000,29.799999,29.290001,29.450001,13.848824,1612800
2007-07-09,29.650000,29.709999,29.549999,29.690001,13.961682,1107400
2007-07-10,29.299999,29.370001,29.160000,29.320000,13.787689,1240300
2007-07-11,29.309999,29.410000,29.150000,29.350000,13.801798,903700
2007-07-12,29.410000,29.910000,29.410000,29.850000,14.036922,983400
2007-07-13,29.719999,29.930000,29.680000,29.930000,14.074545,553500
2007-07-16,29.900000,29.969999,29.780001,29.969999,14.093352,563800
2007-07-17,29.879999,30.010000,29.799999,29.870001,14.046325,758900
2007-07-18,29.770000,29.879999,29.650000,29.840000,14.032220,1386600
2007-07-19,30.180000,30.230000,30.120001,30.200001,14.201506,798800
2007-07-20,30.240000,30.330000,29.820000,30.129999,14.168588,835100
2007-07-23,30.309999,30.400000,30.240000,30.350000,14.272041,556700
2007-07-24,30.240000,30.299999,29.850000,29.990000,14.102755,1147700
2007-07-25,30.090000,30.170000,29.780001,30.100000,14.154486,1242000
2007-07-26,28.969999,29.150000,28.110001,28.480000,13.392685,6576300
2007-07-27,27.820000,28.480000,27.500000,27.500000,12.931836,8716200
2007-07-30,27.860001,28.230000,27.639999,28.129999,13.228090,1163100
2007-07-31,28.500000,28.530001,27.799999,28.040001,13.185772,2464400
2007-08-01,27.389999,27.600000,26.920000,27.540001,12.950648,2195400
2007-08-02,27.580000,28.250000,27.570000,27.799999,13.072913,1169500
2007-08-03,27.510000,27.620001,26.799999,26.799999,12.602662,1334000
2007-08-06,27.230000,27.639999,26.950001,27.480000,12.922433,1087700
2007-08-07,27.379999,27.719999,27.139999,27.719999,13.035292,559600
2007-08-08,28.309999,28.580000,28.160000,28.490000,13.397382,1319000
2007-08-09,27.600000,28.059999,27.290001,27.290001,12.833083,1689100
2007-08-10,26.650000,27.350000,26.469999,27.350000,12.861300,3050100
2007-08-13,27.709999,27.770000,27.350000,27.410000,12.889518,2293800
2007-08-14,27.160000,27.160000,26.250000,26.370001,12.400455,740900
2007-08-15,25.780001,26.070000,25.170000,25.209999,11.854967,3136700
2007-08-16,23.670000,24.290001,23.129999,24.139999,11.351801,5535900
2007-08-17,24.930000,25.430000,24.420000,24.930000,11.723296,3244000
2007-08-20,25.680000,26.500000,25.230000,25.850000,12.155928,2555200
2007-08-21,25.590000,25.850000,25.400000,25.750000,12.108903,1931800
2007-08-22,26.379999,26.650000,26.250000,26.600000,12.508612,1275600
2007-08-23,27.549999,27.549999,27.000000,27.420000,12.894217,2361200
2007-08-24,27.330000,27.969999,27.200001,27.850000,13.096423,3189100
2007-08-27,27.900000,27.900000,27.650000,27.650000,13.002373,452800
2007-08-28,27.379999,27.500000,26.610001,26.830000,12.616771,978600
2007-08-29,27.080000,27.830000,27.080000,27.780001,13.063509,1788700
2007-08-30,27.040001,27.610001,27.000000,27.120001,12.753142,770700
2007-08-31,28.100000,28.100000,27.650000,27.940001,13.138748,815200
2007-09-04,28.100000,28.610001,28.100000,28.469999,13.387980,1690000
2007-09-05,27.809999,27.850000,27.540001,27.600000,12.978863,1138800
2007-09-06,28.240000,28.540001,27.530001,28.340000,13.326845,699300
2007-09-07,27.950001,28.090000,27.610001,27.809999,13.077614,882900
2007-09-10,27.920000,28.040001,27.450001,27.840000,13.091722,877000
2007-09-11,28.250000,28.870001,28.200001,28.870001,13.576078,1591600
2007-09-12,28.440001,28.840000,28.230000,28.549999,13.425595,1598100
2007-09-13,28.629999,29.000000,28.559999,28.889999,13.585487,2052500
2007-09-14,28.620001,29.000000,28.540001,28.940001,13.608996,1049200
2007-09-17,28.510000,28.850000,28.280001,28.410000,13.359762,931400
2007-09-18,28.549999,29.610001,28.299999,29.340000,13.797095,1213200
2007-09-19,29.920000,30.040001,29.740000,29.990000,14.102755,1065800
2007-09-20,30.170000,30.240000,29.980000,30.020000,14.116866,661800
2007-09-21,30.320000,30.400000,30.190001,30.200001,14.201506,727600
2007-09-24,30.650000,30.670000,30.299999,30.530001,14.356691,810700
2007-09-25,30.480000,31.020000,30.430000,30.959999,14.558900,1812700
2007-09-26,31.139999,31.330000,31.000000,31.299999,14.718783,4942500
2007-09-27,31.480000,31.549999,31.280001,31.549999,14.836344,3716300
2007-09-28,31.770000,31.959999,31.600000,31.790001,14.949206,1049900
2007-10-01,32.000000,32.599998,31.959999,32.590000,15.325402,4222600
2007-10-02,32.349998,32.360001,32.009998,32.259998,15.170221,6580800
2007-10-03,32.279999,32.439999,31.959999,32.130001,15.109087,2014600
2007-10-04,32.049999,32.270000,31.940001,32.090000,15.090279,2504300
2007-10-05,32.570000,32.840000,32.480000,32.639999,15.348920,2267700
2007-10-08,32.570000,32.580002,32.139999,32.200001,15.142004,1397600
2007-10-09,32.580002,33.250000,32.580002,33.060001,15.546422,1839200
2007-10-10,33.000000,33.119999,32.750000,33.020000,15.527608,1837400
2007-10-11,33.700001,33.980000,33.029999,33.250000,15.635771,2683300
2007-10-12,33.340000,33.590000,33.270000,33.480000,15.743927,1395500
2007-10-15,33.470001,33.490002,32.770000,33.000000,15.518202,1717600
2007-10-16,32.419998,32.490002,32.029999,32.330002,15.203140,2047200
2007-10-17,32.900002,32.919998,32.009998,32.419998,15.245458,1912400
2007-10-18,32.900002,33.160000,32.750000,33.099998,15.565227,1390900
2007-10-19,32.959999,32.959999,31.830000,31.830000,14.968013,1739400
2007-10-22,31.280001,31.959999,31.170000,31.920000,15.010335,2119000
2007-10-23,32.709999,32.910000,32.279999,32.770000,15.410048,1407800
2007-10-24,32.740002,32.860001,31.990000,32.860001,15.452373,2149200
2007-10-25,32.889999,32.980000,32.520000,32.950001,15.494693,1033900
2007-10-26,33.509998,33.950001,33.509998,33.919998,15.950832,840700
2007-10-29,34.230000,34.340000,34.099998,34.320000,16.138935,1778000
2007-10-30,33.980000,34.080002,33.840000,33.840000,15.913208,1789700
2007-10-31,34.240002,34.830002,34.009998,34.709999,16.322329,1997700
2007-11-01,34.070000,34.090000,33.240002,33.380001,15.696900,5096300
2007-11-02,33.639999,33.779999,33.049999,33.740002,15.866192,3042000
2007-11-05,32.830002,33.230000,32.759998,33.000000,15.518202,1756500
2007-11-06,33.450001,33.689999,33.259998,33.669998,15.833273,2044000
2007-11-07,33.759998,33.970001,33.070000,33.110001,15.569939,3282600
2007-11-08,33.470001,33.750000,32.590000,33.400002,15.706303,5980600
2007-11-09,32.470001,34.540001,32.070000,32.209999,15.146707,3182900
2007-11-12,31.160000,31.920000,30.270000,30.760000,14.464849,3281600
2007-11-13,31.799999,32.270000,31.629999,32.240002,15.160819,2762900
2007-11-14,32.790001,32.820000,32.000000,32.250000,15.165517,2332800
2007-11-15,31.600000,31.840000,31.190001,31.260000,14.699970,2109800
2007-11-16,31.780001,31.840000,31.260000,31.639999,14.878670,3121900
2007-11-19,31.440001,31.700001,30.690001,30.840000,14.502469,2208800
2007-11-20,31.070000,31.480000,30.790001,31.400000,14.765808,2200300
2007-11-21,30.290001,30.549999,29.959999,30.190001,14.196805,3398800
2007-11-23,30.260000,30.680000,30.150000,30.559999,14.370798,972200
2007-11-26,31.020000,31.190001,30.080000,30.100000,14.154486,3149900
2007-11-27,30.280001,30.750000,30.139999,30.650000,14.413121,5144600
2007-11-28,30.940001,31.660000,30.830000,31.650000,14.883367,5480400
2007-11-29,30.990000,31.469999,30.860001,31.360001,14.746996,2177800
2007-11-30,32.009998,32.090000,31.360001,31.639999,14.878670,1816600
2007-12-03,31.580000,31.820000,31.370001,31.510000,14.817531,1788200
2007-12-04,31.059999,31.230000,30.950001,31.090000,14.620028,1140800
2007-12-05,31.340000,31.660000,31.290001,31.480000,14.803426,3284500
2007-12-06,31.459999,32.110001,31.440001,32.080002,15.085579,2225900
2007-12-07,32.099998,32.119999,31.760000,31.760000,14.935094,1648300
2007-12-10,31.930000,32.369999,31.840000,32.369999,15.221948,1223900
2007-12-11,32.520000,32.750000,31.190001,31.520000,14.822237,1587800
2007-12-12,32.560001,32.630001,31.670000,31.900000,15.000933,2400000
2007-12-13,31.420000,31.670000,31.160000,31.670000,14.892775,3030400
2007-12-14,30.700001,30.790001,30.270000,30.320000,14.257939,2734000
2007-12-17,29.309999,29.500000,29.040001,29.200001,13.731259,3059600
2007-12-18,29.500000,29.650000,28.809999,29.340000,13.797095,4342800
2007-12-19,29.190001,29.309999,28.959999,29.200001,13.731259,1996800
2007-12-20,27.889999,28.010000,27.600000,27.950001,13.744536,3205500
2007-12-21,28.530001,28.809999,28.490000,28.719999,14.123187,1755200
2007-12-24,28.940001,29.219999,28.660000,29.000000,14.260879,612500
2007-12-26,28.920000,29.080000,28.770000,29.030001,14.275633,771400
2007-12-27,29.059999,29.110001,28.700001,28.840000,14.182199,1564300
2007-12-28,28.980000,29.200001,28.830000,29.120001,14.319889,922900
2007-12-31,28.879999,29.200001,28.770000,28.820000,14.172363,629000
2008-01-02,29.020000,29.180000,28.600000,28.780001,14.152699,2417300
2008-01-03,29.110001,29.150000,28.840000,28.920000,14.221539,2167300
2008-01-04,28.540001,28.620001,28.030001,28.090000,13.813384,3007000
2008-01-07,28.139999,28.240000,27.780001,28.020000,13.778959,4147000
2008-01-08,28.209999,28.490000,27.750000,27.770000,13.656021,2468700
2008-01-09,27.820000,28.150000,27.600000,28.120001,13.828135,3001600
2008-01-10,27.730000,28.639999,27.730000,28.540001,14.034675,2311100
2008-01-11,27.879999,27.969999,27.570000,27.670000,13.606847,1957600
2008-01-14,28.190001,28.320000,27.910000,28.139999,13.837969,1871300
2008-01-15,27.790001,27.850000,26.959999,27.000000,13.277370,2720200
2008-01-16,26.650000,26.940001,26.260000,26.639999,13.100333,2891500
2008-01-17,26.799999,26.930000,25.629999,25.709999,12.643008,3137500
2008-01-18,26.520000,26.790001,25.799999,26.090000,12.829875,3942900
2008-01-22,23.600000,25.059999,23.000000,24.860001,12.225015,4109400
2008-01-23,23.610001,25.540001,23.340000,24.900000,12.244685,6285000
2008-01-24,25.639999,25.950001,25.370001,25.950001,12.761026,3169500
2008-01-25,27.219999,27.330000,26.620001,26.790001,13.174101,2631100
2008-01-28,26.500000,27.250000,26.209999,27.250000,13.400310,2304900
2008-01-29,26.719999,26.889999,26.530001,26.860001,13.208527,1338900
2008-01-30,26.030001,26.900000,26.010000,26.200001,12.883965,2393100
2008-01-31,25.910000,27.070000,25.889999,26.879999,13.218362,2390100
2008-02-01,27.860001,28.430000,27.860001,28.430000,13.980583,2601800
2008-02-04,27.920000,27.920000,27.370001,27.770000,13.656021,6850100
2008-02-05,26.750000,26.900000,26.430000,26.459999,13.011822,6091800
2008-02-06,26.540001,26.750000,26.250000,26.270000,12.918391,2664500
2008-02-07,25.910000,26.540001,25.850000,26.250000,12.908552,3447300
2008-02-08,25.950001,26.370001,25.950001,26.230000,12.898718,2812700
2008-02-11,26.209999,26.450001,26.020000,26.379999,12.972484,2861700
2008-02-12,26.889999,27.150000,26.600000,26.740000,13.149514,1601100
2008-02-13,26.049999,26.309999,25.830000,26.260000,12.913473,2086600
2008-02-14,26.820000,26.820000,26.299999,26.330000,12.947897,2446400
2008-02-15,26.610001,26.750000,26.360001,26.730000,13.144592,2850000
2008-02-19,27.190001,27.270000,26.780001,26.840000,13.198690,2395100
2008-02-20,25.920000,26.600000,25.889999,26.520000,13.041330,2518400
2008-02-21,26.879999,27.030001,26.370001,26.450001,13.006904,1992700
2008-02-22,26.799999,26.930000,26.370001,26.830000,13.193772,1448400
2008-02-25,27.219999,27.740000,26.980000,27.680000,13.611764,2236700
2008-02-26,27.510000,28.040001,27.469999,27.950001,13.744536,2119600
2008-02-27,28.090000,28.340000,27.879999,28.219999,13.877312,2988700
2008-02-28,27.840000,28.070000,27.709999,27.809999,13.675691,2012900
2008-02-29,27.190001,27.200001,26.520000,26.540001,13.051163,1252100
2008-03-03,26.459999,26.830000,26.389999,26.820000,13.188853,1768100
2008-03-04,26.120001,26.309999,25.670000,26.080000,12.824958,1872300
2008-03-05,26.240000,26.670000,26.200001,26.600000,13.080667,1570500
2008-03-06,26.580000,26.580000,25.809999,25.809999,12.692178,1866400
2008-03-07,25.200001,25.559999,24.809999,25.219999,12.402046,2245200
2008-03-10,25.180000,25.270000,24.610001,24.730000,12.161090,2268800
2008-03-11,25.670000,25.830000,25.299999,25.760000,12.667594,2618000
2008-03-12,25.690001,25.910000,25.549999,25.639999,12.608583,1753500
2008-03-13,25.260000,25.980000,25.170000,25.870001,12.721691,3180000
2008-03-14,26.200001,26.200001,25.129999,25.280001,12.431551,2806000
2008-03-17,24.430000,25.059999,24.340000,24.709999,12.151252,3269200
2008-03-18,25.150000,25.670000,24.990000,25.360001,12.470895,2147500
2008-03-19,26.070000,26.190001,24.910000,24.910000,12.249601,3568100
2008-03-20,24.650000,25.139999,24.340000,24.840000,12.215182,3837800
2008-03-24,25.049999,25.850000,24.980000,25.520000,12.549575,2261600
2008-03-25,25.799999,25.990000,25.520000,25.520000,12.549575,1514900
2008-03-26,26.170000,26.230000,25.930000,26.030001,12.800370,1067900
2008-03-27,26.370001,26.370001,25.790001,25.850000,12.711854,1702000
2008-03-28,26.030001,26.040001,25.690001,25.780001,12.677430,1313500
2008-03-31,25.690001,25.920000,25.680000,25.760000,12.667594,1307100
2008-04-01,26.160000,26.440001,26.049999,26.389999,12.977396,1839800
2008-04-02,26.690001,26.950001,26.530001,26.700001,13.129846,1016900
2008-04-03,26.840000,27.440001,26.840000,27.260000,13.405229,2839600
2008-04-04,27.520000,27.719999,27.400000,27.590000,13.567508,6465400
2008-04-07,27.830000,28.000000,27.000000,27.670000,13.606847,2018900
2008-04-08,27.290001,27.750000,27.219999,27.680000,13.611764,1901900
2008-04-09,27.180000,27.230000,26.900000,27.010000,13.282288,1308000
2008-04-10,26.799999,26.990000,26.620001,26.940001,13.247868,1330800
2008-04-11,26.559999,26.719999,26.459999,26.500000,13.031494,850700
2008-04-14,26.299999,26.389999,26.129999,26.270000,12.918391,947300
2008-04-15,26.650000,26.799999,26.510000,26.799999,13.179018,1159200
2008-04-16,27.430000,27.959999,27.379999,27.889999,13.715033,1237500
2008-04-17,27.250000,27.430000,27.170000,27.379999,13.464236,1320600
2008-04-18,27.190001,27.400000,27.059999,27.370001,13.459319,1371500
2008-04-21,28.049999,28.180000,27.930000,28.180000,13.857643,1054800
2008-04-22,27.870001,28.049999,27.700001,27.860001,13.700280,839700
2008-04-23,28.420000,28.540001,28.219999,28.389999,13.960913,969000
2008-04-24,27.969999,28.100000,27.580000,27.930000,13.734701,1277300
2008-04-25,28.129999,28.180000,27.820000,27.930000,13.734701,4743300
2008-04-28,28.090000,28.139999,27.770000,27.770000,13.656021,914600
2008-04-29,27.500000,27.559999,27.360001,27.459999,13.503580,1870000
2008-04-30,27.760000,28.190001,27.760000,27.780001,13.660941,1771400
2008-05-01,27.530001,28.020000,27.500000,27.959999,13.749453,1251100
2008-05-02,28.320000,28.450001,28.219999,28.430000,13.980583,1613500
2008-05-05,28.540001,28.629999,28.309999,28.610001,14.069098,5676800
2008-05-06,28.379999,28.889999,28.270000,28.840000,14.182199,2880500
2008-05-07,28.299999,28.350000,27.820000,27.860001,13.700280,1686200
2008-05-08,28.639999,28.870001,28.590000,28.620001,14.074015,2185700
2008-05-09,28.610001,28.879999,28.570000,28.790001,14.157611,1183700
2008-05-12,29.120001,29.530001,29.100000,29.520000,14.516595,1273900
2008-05-13,29.330000,29.340000,29.110001,29.260000,14.388733,1688400
2008-05-14,29.410000,29.650000,29.360001,29.430000,14.472334,1835200
2008-05-15,29.520000,29.910000,29.490000,29.879999,14.693620,2475000
2008-05-16,30.150000,30.410000,30.049999,30.320000,14.909997,1228800
2008-05-19,30.350000,30.540001,30.190001,30.190001,14.846066,1268500
2008-05-20,29.969999,29.980000,29.700001,29.750000,14.629693,1076500
2008-05-21,29.870001,29.990000,29.440001,29.469999,14.492007,1412000
2008-05-22,29.740000,29.799999,29.480000,29.639999,14.575600,2023400
2008-05-23,29.360001,29.440001,29.020000,29.129999,14.324808,1085100
2008-05-27,29.190001,29.270000,28.969999,29.270000,14.393652,1294600
2008-05-28,29.030001,29.200001,28.910000,29.129999,14.324808,1003600
2008-05-29,29.010000,29.120001,28.850000,29.010000,14.265797,1470000
2008-05-30,28.889999,29.280001,28.860001,29.270000,14.393652,1289000
2008-06-02,28.610001,28.840000,28.280001,28.840000,14.182199,1510900
2008-06-03,28.389999,28.469999,28.030001,28.180000,13.857643,2757800
2008-06-04,28.290001,28.549999,28.070000,28.070000,13.803546,2528200
2008-06-05,28.080000,28.620001,28.049999,28.600000,14.064180,2478000
2008-06-06,28.290001,28.440001,27.990000,28.020000,13.778959,2267900
2008-06-09,28.049999,28.049999,27.469999,27.700001,13.621600,1428300
2008-06-10,27.129999,27.410000,27.120001,27.320000,13.434731,1403000
2008-06-11,27.469999,27.510000,27.070000,27.080000,13.316709,2257900
2008-06-12,26.750000,26.920000,26.570000,26.650000,13.105256,1831300
2008-06-13,26.820000,27.139999,26.740000,27.090000,13.321630,1180500
2008-06-16,26.840000,26.959999,26.760000,26.860001,13.208527,1630800
2008-06-17,27.299999,27.490000,27.170000,27.330000,13.439648,1593900
2008-06-18,27.110001,27.340000,27.049999,27.250000,13.400310,3767300
2008-06-19,27.160000,27.469999,27.080000,27.389999,13.469155,1911100
2008-06-20,26.740000,26.820000,26.500000,26.629999,13.095421,1156700
2008-06-23,26.809999,26.830000,26.600000,26.730000,13.144592,1733000
2008-06-24,26.750000,26.980000,26.709999,26.750000,13.154430,2554500
2008-06-25,26.860001,27.240000,26.840000,26.950001,13.252784,1168700
2008-06-26,26.900000,26.980000,26.459999,26.540001,13.051163,2402700
2008-06-27,26.930000,27.139999,26.820000,26.900000,13.228193,2230100
2008-06-30,26.709999,26.900000,26.469999,26.469999,13.016738,1596600
2008-07-01,25.820000,26.090000,25.680000,25.980000,12.775784,3116400
2008-07-02,26.330000,26.410000,25.570000,25.570000,12.574165,1700200
2008-07-03,25.690001,25.770000,25.379999,25.549999,12.564328,1084400
2008-07-07,25.580000,25.820000,25.160000,25.320000,12.451221,2654600
2008-07-08,25.240000,25.520000,25.090000,25.469999,12.524987,2220300
2008-07-09,25.740000,25.780001,25.120001,25.120001,12.352876,1510300
2008-07-10,25.360001,25.610001,25.270000,25.570000,12.574165,1809300
2008-07-11,25.250000,25.410000,24.850000,25.260000,12.421717,2747000
2008-07-14,25.719999,25.780001,25.400000,25.450001,12.515153,2229200
2008-07-15,25.139999,25.209999,24.820000,24.969999,12.279106,2754500
2008-07-16,25.070000,25.670000,25.040001,25.620001,12.598747,2481000
2008-07-17,25.830000,25.969999,25.549999,25.670000,12.623335,2421800
2008-07-18,25.459999,25.590000,25.360001,25.490000,12.534822,1702200
2008-07-21,26.219999,26.290001,26.030001,26.219999,12.893802,1425100
2008-07-22,26.020000,26.250000,25.840000,26.219999,12.893802,1895100
2008-07-23,26.490000,26.600000,26.389999,26.459999,13.011822,1677000
2008-07-24,26.330000,26.379999,25.850000,25.879999,12.726606,1309100
2008-07-25,25.840000,25.889999,25.540001,25.700001,12.638087,796300
2008-07-28,25.340000,25.350000,24.709999,24.760000,12.175839,749600
2008-07-29,24.690001,24.990000,24.620001,24.980000,12.284029,783800
2008-07-30,24.930000,25.230000,24.850000,25.170000,12.377461,1447500
2008-07-31,25.100000,25.230000,24.809999,24.879999,12.234852,1410500
2008-08-01,24.500000,24.780001,24.139999,24.190001,11.895541,1467400
2008-08-04,24.200001,24.280001,23.870001,23.959999,11.782434,1917400
2008-08-05,23.770000,24.170000,23.770000,24.170000,11.885705,3074900
2008-08-06,24.170000,24.400000,24.070000,24.370001,11.984055,2506600
2008-08-07,24.170000,24.330000,23.940001,23.950001,11.777518,1158200
2008-08-08,23.600000,24.059999,23.549999,23.980000,11.792272,2367000
2008-08-11,23.950001,24.110001,23.820000,23.889999,11.748013,1570300
2008-08-12,23.790001,23.850000,23.520000,23.610001,11.610324,1106600
2008-08-13,23.080000,23.450001,22.860001,23.340000,11.477550,1701900
2008-08-14,23.170000,23.459999,23.150000,23.190001,11.403789,2660200
2008-08-15,23.020000,23.120001,22.879999,23.059999,11.339859,1093900
2008-08-18,23.450001,23.540001,22.980000,23.030001,11.325108,1841600
2008-08-19,22.680000,22.850000,22.510000,22.750000,11.187415,1945800
2008-08-20,23.040001,23.290001,22.920000,23.270000,11.443126,2067500
2008-08-21,22.770000,23.280001,22.770000,23.280001,11.448045,1707700
2008-08-22,23.260000,23.430000,23.180000,23.309999,11.462797,1877200
2008-08-25,23.180000,23.400000,22.940001,22.980000,11.300514,1430400
2008-08-26,23.030001,23.240000,22.969999,23.040001,11.330021,1257000
2008-08-27,23.290001,23.389999,23.120001,23.340000,11.477550,672300
2008-08-28,24.120001,24.139999,23.870001,23.959999,11.782434,1245000
2008-08-29,24.020000,24.059999,23.760000,23.820000,11.713592,926800
2008-09-02,23.410000,23.570000,23.219999,23.240000,11.428373,2648300
2008-09-03,23.059999,23.129999,22.780001,22.990000,11.305433,1740800
2008-09-04,22.570000,22.570000,21.629999,21.670000,10.656318,7380700
2008-09-05,21.440001,21.650000,21.120001,21.590000,10.616979,2620000
2008-09-08,22.809999,22.830000,21.930000,22.389999,11.010381,5360200
2008-09-09,21.920000,21.990000,21.049999,21.070000,10.361266,2573000
2008-09-10,21.480000,21.650000,21.190001,21.450001,10.548135,2569600
2008-09-11,20.520000,21.250000,20.459999,21.240000,10.444865,2468500
2008-09-12,21.450001,22.260000,21.400000,22.260000,10.946456,2645600
2008-09-15,20.969999,21.350000,20.650000,20.660000,10.159645,3906300
2008-09-16,20.010000,20.959999,20.000000,20.940001,10.297340,5656200
2008-09-17,19.920000,20.299999,19.290001,19.740000,9.707234,6852000
2008-09-18,20.350000,20.930000,19.620001,20.740000,10.198985,5193600
2008-09-19,22.540001,22.709999,21.629999,22.290001,10.961209,2177500
2008-09-22,22.900000,23.150000,22.639999,22.680000,11.152991,2039200
2008-09-23,22.809999,23.150000,22.209999,22.430000,11.030052,1983600
2008-09-24,22.809999,22.950001,22.530001,22.700001,11.162827,1669400
2008-09-25,22.799999,23.200001,22.799999,23.030001,11.325108,1622700
2008-09-26,22.209999,22.620001,22.100000,22.600000,11.113654,1111300
2008-09-29,21.190001,21.330000,19.540001,19.799999,9.736734,3671400
2008-09-30,20.490000,20.770000,20.150000,20.540001,10.100640,1766000
2008-10-01,20.680000,21.000000,20.430000,20.750000,10.203908,2758600
2008-10-02,20.290001,20.290001,19.490000,19.600000,9.638389,2201800
2008-10-03,19.969999,20.530001,19.480000,19.480000,9.579375,1595700
2008-10-06,18.410000,18.420000,16.389999,17.110001,8.413919,5782500
2008-10-07,18.469999,18.469999,17.020000,17.020000,8.369660,3475600
2008-10-08,15.430000,16.700001,15.260000,15.960000,7.848401,5447500
2008-10-09,16.969999,17.139999,15.180000,15.540000,7.641865,3356200
2008-10-10,14.050000,15.140000,13.140000,14.410000,7.086182,4692000
2008-10-13,15.930000,17.459999,15.710000,17.400000,8.556530,3143600
2008-10-14,17.709999,17.870001,16.000000,16.580000,8.153289,3631400
2008-10-15,16.040001,16.170000,14.860000,14.930000,7.341894,2300400
2008-10-16,15.360000,16.000000,14.410000,15.960000,7.848401,3441300
2008-10-17,14.660000,15.870000,14.660000,15.100000,7.425491,2985000
2008-10-20,15.780000,16.709999,15.780000,16.709999,8.217214,3166800
2008-10-21,15.980000,16.360001,15.570000,15.680000,7.710709,1806800
2008-10-22,15.250000,15.290000,14.310000,14.560000,7.159945,3374500
2008-10-23,14.420000,14.880000,13.640000,14.610000,7.184534,2956400
2008-10-24,12.380000,13.520000,12.220000,13.240000,6.510828,4788500
2008-10-27,12.930000,13.340000,12.700000,12.700000,6.245282,2994900
2008-10-28,13.510000,14.460000,12.900000,14.400000,7.081264,5358400
2008-10-29,14.120000,15.170000,14.010000,14.350000,7.056675,2590500
2008-10-30,15.320000,15.430000,14.520000,15.240000,7.494338,3012600
2008-10-31,14.770000,15.350000,14.530000,14.990000,7.371398,3812300
2008-11-03,15.500000,15.930000,15.440000,15.800000,7.769720,4310000
2008-11-04,16.400000,17.100000,16.379999,17.100000,8.409003,2902700
2008-11-05,16.639999,17.030001,16.000000,16.230000,7.981176,3925400
2008-11-06,15.750000,16.070000,14.830000,14.890000,7.322224,4057800
2008-11-07,15.240000,15.600000,15.070000,15.550000,7.646782,4005900
2008-11-10,15.740000,15.910000,14.700000,14.830000,7.292719,3512500
2008-11-11,14.510000,14.660000,13.880000,14.280000,7.022252,2782700
2008-11-12,14.020000,14.210000,13.300000,13.350000,6.564923,5280800
2008-11-13,13.350000,14.550000,12.690000,14.520000,7.140276,6051100
2008-11-14,13.520000,13.990000,13.210000,13.360000,6.569841,4207100
2008-11-17,13.070000,13.500000,12.850000,12.890000,6.338715,2617700
2008-11-18,12.610000,13.090000,12.410000,12.880000,6.333797,2054000
2008-11-19,12.840000,12.920000,11.900000,11.920000,5.861712,2773400
2008-11-20,11.690000,11.950000,10.780000,10.960000,5.389629,5750000
2008-11-21,11.950000,12.400000,11.470000,12.370000,6.083003,5773300
2008-11-24,12.330000,13.180000,12.250000,12.880000,6.333797,3881400
2008-11-25,13.650000,13.760000,13.090000,13.480000,6.628850,3873000
2008-11-26,12.750000,13.530000,12.750000,13.520000,6.648520,2796600
2008-11-28,13.410000,13.790000,13.370000,13.660000,6.717366,827600
2008-12-01,12.930000,13.070000,12.500000,12.500000,6.146930,3467500
2008-12-02,12.700000,13.130000,12.690000,13.050000,6.417396,3279200
2008-12-03,12.550000,13.230000,12.510000,13.230000,6.505911,3432100
2008-12-04,12.740000,13.100000,12.400000,12.550000,6.171517,2757600
2008-12-05,12.230000,13.000000,12.080000,12.920000,6.353467,2586200
2008-12-08,13.550000,14.050000,13.550000,13.840000,6.805882,2808100
2008-12-09,13.260000,13.540000,13.110000,13.130000,6.456737,3683800
2008-12-10,13.410000,13.660000,13.190000,13.430000,6.604263,2745900
2008-12-11,13.300000,13.750000,13.120000,13.350000,6.564923,3191500
2008-12-12,13.050000,13.480000,13.030000,13.390000,6.584592,3265100
2008-12-15,13.460000,13.660000,13.200000,13.380000,6.579672,2344500
2008-12-16,13.400000,14.960000,13.260000,14.340000,7.051760,3740100
2008-12-17,13.840000,14.340000,13.810000,14.100000,6.933738,2814400
2008-12-18,14.310000,14.310000,13.320000,13.450000,6.614097,3879800
2008-12-19,13.850000,14.080000,13.710000,13.710000,6.741954,2127000
2008-12-22,13.740000,13.870000,13.550000,13.660000,6.717366,3821400
2008-12-23,12.750000,12.950000,12.590000,12.590000,6.622680,4978000
2008-12-24,12.860000,13.000000,12.790000,12.870000,6.769968,1142400
2008-12-26,12.750000,13.160000,12.750000,13.120000,6.901477,884000
2008-12-29,13.170000,13.220000,12.940000,12.940000,6.806789,2758900
2008-12-30,13.250000,13.440000,13.150000,13.390000,7.043503,1476500
2008-12-31,13.420000,14.100000,13.270000,14.010000,7.369640,1666400
2009-01-02,13.640000,14.250000,13.640000,14.160000,7.448542,1940800
2009-01-05,13.960000,14.180000,13.790000,13.970000,7.348597,4108600
2009-01-06,14.220000,14.550000,14.180000,14.410000,7.580049,3520700
2009-01-07,14.180000,14.250000,13.810000,13.850000,7.285475,2362800
2009-01-08,13.650000,13.970000,13.560000,13.960000,7.343337,1069400
2009-01-09,13.840000,13.900000,13.500000,13.500000,7.101367,1916800
2009-01-12,13.350000,13.350000,12.910000,13.000000,6.838354,1991200
2009-01-13,12.740000,12.880000,12.540000,12.750000,6.706846,2187700
2009-01-14,12.570000,12.610000,12.260000,12.300000,6.470133,2394900
2009-01-15,12.380000,12.590000,11.870000,12.510000,6.580599,3139000
2009-01-16,12.780000,12.800000,12.230000,12.570000,6.612161,2144400
2009-01-20,12.140000,12.160000,11.440000,11.510000,6.054572,3277100
2009-01-21,11.750000,12.220000,11.510000,12.170000,6.401750,3421700
2009-01-22,12.080000,12.080000,11.570000,11.800000,6.207121,2363000
2009-01-23,11.060000,11.640000,11.060000,11.590000,6.096654,2522200
2009-01-26,11.710000,11.900000,11.500000,11.660000,6.133478,2014900
2009-01-27,11.890000,12.110000,11.790000,11.990000,6.307064,1926400
2009-01-28,12.360000,12.650000,12.300000,12.420000,6.533256,2023600
2009-01-29,12.050000,12.080000,11.770000,11.780000,6.196599,2217500
2009-01-30,11.910000,11.950000,11.480000,11.610000,6.107173,2481100
2009-02-02,11.410000,11.770000,11.410000,11.660000,6.133478,1818800
2009-02-03,11.720000,12.140000,11.610000,12.090000,6.359668,2487500
2009-02-04,11.750000,12.040000,11.650000,11.710000,6.159775,2738100
2009-02-05,11.700000,12.080000,11.580000,12.030000,6.328105,2250400
2009-02-06,12.150000,12.790000,12.150000,12.670000,6.664763,3076800
2009-02-09,12.780000,12.890000,12.500000,12.690000,6.675283,1839600
2009-02-10,12.500000,12.510000,11.600000,11.710000,6.159775,4410600
2009-02-11,12.150000,12.190000,11.800000,12.060000,6.343888,1348900
2009-02-12,11.900000,12.180000,11.740000,12.140000,6.385969,1859400
2009-02-13,12.180000,12.460000,12.180000,12.250000,6.443833,2311500
2009-02-17,11.630000,11.630000,11.310000,11.410000,6.001969,2289300
2009-02-18,11.480000,11.500000,11.250000,11.470000,6.033532,1790800
2009-02-19,12.030000,12.030000,11.560000,11.590000,6.096654,1392500
2009-02-20,11.410000,11.700000,11.250000,11.580000,6.091393,3025100
2009-02-23,11.570000,11.670000,11.140000,11.190000,5.886243,3884400
2009-02-24,11.270000,11.800000,11.270000,11.740000,6.175556,3097500
2009-02-25,11.640000,11.660000,11.300000,11.420000,6.007230,2166500
2009-02-26,11.670000,11.740000,11.320000,11.390000,5.991448,1845200
2009-02-27,11.160000,11.430000,11.050000,11.220000,5.902023,2426700
2009-03-02,10.840000,10.920000,10.580000,10.590000,5.570627,2602100
2009-03-03,10.890000,11.000000,10.660000,10.780000,5.670573,3192000
2009-03-04,11.000000,11.390000,10.970000,11.230000,5.907284,3891200
2009-03-05,10.900000,10.950000,10.570000,10.680000,5.617967,2629800
2009-03-06,10.930000,11.020000,10.570000,10.770000,5.665312,3393000
2009-03-09,10.520000,10.800000,10.500000,10.510000,5.528545,1862600
2009-03-10,11.050000,11.390000,11.000000,11.310000,5.949368,2936700
2009-03-11,11.490000,11.540000,11.260000,11.390000,5.991448,2575700
2009-03-12,11.290000,11.730000,11.240000,11.650000,6.128216,3252700
2009-03-13,11.930000,12.050000,11.800000,11.920000,6.270242,4079800
2009-03-16,12.060000,12.290000,11.940000,11.970000,6.296544,2497000
2009-03-17,12.200000,12.530000,12.120000,12.520000,6.585859,4041200
2009-03-18,12.400000,12.890000,12.190000,12.710000,6.685804,4334200
2009-03-19,12.980000,13.190000,12.910000,12.940000,6.806789,3500300
2009-03-20,13.000000,13.120000,12.810000,12.850000,6.759448,3303500
2009-03-23,13.180000,13.790000,13.180000,13.700000,7.206571,4590300
2009-03-24,13.400000,13.740000,13.330000,13.390000,7.043503,4377600
2009-03-25,13.560000,13.820000,13.250000,13.630000,7.169750,3611000
2009-03-26,13.890000,14.110000,13.860000,14.010000,7.369640,7542100
2009-03-27,13.640000,13.660000,13.450000,13.600000,7.153970,2136000
2009-03-30,13.000000,13.100000,12.850000,12.950000,6.812050,2951000
2009-03-31,13.380000,13.570000,13.200000,13.390000,7.043503,4863500
2009-04-01,13.330000,13.710000,13.240000,13.620000,7.164489,7039700
2009-04-02,14.210000,14.590000,14.200000,14.410000,7.580049,7049900
2009-04-03,14.300000,14.570000,14.180000,14.560000,7.658955,3226700
2009-04-06,14.380000,14.390000,14.100000,14.320000,7.532707,1916900
2009-04-07,14.130000,14.220000,13.950000,13.980000,7.353859,4204300
2009-04-08,14.000000,14.120000,13.780000,13.880000,7.301257,6369700
2009-04-09,14.340000,14.450000,14.220000,14.420000,7.585312,2217600
2009-04-13,14.490000,14.830000,14.330000,14.700000,7.732596,3061300
2009-04-14,14.640000,14.770000,14.470000,14.500000,7.627392,3243300
2009-04-15,14.380000,14.780000,14.340000,14.740000,7.753640,3786800
2009-04-16,14.780000,14.860000,14.560000,14.780000,7.774682,2306300
2009-04-17,14.650000,14.740000,14.520000,14.710000,7.737857,1895100
2009-04-20,14.040000,14.160000,13.730000,13.730000,7.222353,2836800
2009-04-21,13.640000,14.180000,13.550000,14.150000,7.443284,2247400
2009-04-22,13.910000,14.180000,13.770000,13.870000,7.295998,2753300
2009-04-23,14.280000,14.430000,14.120000,14.400000,7.574790,2866300
2009-04-24,14.550000,14.710000,14.500000,14.590000,7.674733,2359400
2009-04-27,14.240000,14.420000,14.140000,14.200000,7.469585,3203900
2009-04-28,13.820000,14.200000,13.790000,13.990000,7.359118,3578000
2009-04-29,14.260000,14.740000,14.240000,14.600000,7.679996,2234300
2009-04-30,14.930000,15.130000,14.690000,14.690000,7.727339,6726700
2009-05-01,14.760000,14.950000,14.640000,14.810000,7.790462,7226600
2009-05-04,15.370000,15.690000,15.230000,15.640000,8.227063,6183000
2009-05-05,15.550000,15.700000,15.390000,15.490000,8.148158,3582000
2009-05-06,15.740000,15.950000,15.540000,15.800000,8.311228,6009400
2009-05-07,16.590000,16.590000,15.600000,15.690000,8.253366,4624400
2009-05-08,16.200001,16.490000,15.910000,16.379999,8.616323,4601500
2009-05-11,16.059999,16.059999,15.680000,15.750000,8.284926,3824500
2009-05-12,15.970000,16.020000,15.610000,15.880000,8.353310,3742400
2009-05-13,15.420000,15.420000,15.020000,15.080000,7.932489,4071300
2009-05-14,15.000000,15.360000,14.950000,15.300000,8.048215,2831800
2009-05-15,15.290000,15.390000,14.940000,15.010000,7.895667,2146800
2009-05-18,15.300000,15.740000,15.300000,15.650000,8.232323,3469300
2009-05-19,16.160000,16.170000,15.880000,15.940000,8.384870,3403800
2009-05-20,16.139999,16.320000,15.950000,15.950000,8.390133,4000400
2009-05-21,15.590000,15.760000,15.390000,15.660000,8.237582,2808900
2009-05-22,15.890000,15.990000,15.780000,15.810000,8.316486,3620700
2009-05-26,15.610000,16.260000,15.530000,16.240000,8.542679,4571100
2009-05-27,16.049999,16.110001,15.630000,15.680000,8.248104,3813000
2009-05-28,15.740000,15.890000,15.490000,15.820000,8.321749,5530000
2009-05-29,16.280001,16.500000,16.160000,16.469999,8.663665,4663500
2009-06-01,16.910000,17.270000,16.830000,17.160000,9.026626,5234500
2009-06-02,17.270000,17.580000,17.230000,17.450001,9.179172,4968700
2009-06-03,17.370001,17.379999,16.799999,16.980000,8.931937,4913500
2009-06-04,16.760000,17.040001,16.610001,16.900000,8.889859,4289700
2009-06-05,17.320000,17.320000,16.750000,16.850000,8.863557,3149000
2009-06-08,16.580000,16.750000,16.330000,16.610001,8.737310,2931700
2009-06-09,16.950001,17.129999,16.820000,17.020000,8.952980,2410700
2009-06-10,17.530001,17.590000,17.049999,17.350000,9.126571,4579000
2009-06-11,17.650000,18.030001,17.620001,17.850000,9.389585,4219400
2009-06-12,17.590000,17.700001,17.389999,17.650000,9.284378,2624100
2009-06-15,17.160000,17.230000,16.709999,16.860001,8.868817,3741300
2009-06-16,17.170000,17.180000,16.629999,16.719999,8.795173,5093600
2009-06-17,16.469999,16.680000,16.180000,16.480000,8.668927,5261700
2009-06-18,16.610001,16.870001,16.459999,16.719999,8.795173,5282600
2009-06-19,16.850000,16.990000,16.700001,16.809999,8.842515,2162500
2009-06-22,16.500000,16.530001,16.100000,16.110001,8.474298,4568200
2009-06-23,16.100000,16.139999,15.710000,16.030001,8.457414,5244600
2009-06-24,16.379999,16.530001,16.090000,16.309999,8.605140,3106400
2009-06-25,16.240000,16.719999,16.219999,16.670000,8.795077,3001800
2009-06-26,16.760000,16.900000,16.690001,16.809999,8.868941,1851400
2009-06-29,16.820000,16.980000,16.690001,16.969999,8.953355,1874900
2009-06-30,16.980000,17.070000,16.719999,16.799999,8.863664,1952300
2009-07-01,16.889999,17.040001,16.820000,16.870001,8.900596,2417200
2009-07-02,16.389999,16.430000,16.180000,16.219999,8.557659,3072300
2009-07-06,15.840000,16.120001,15.790000,16.120001,8.504898,3156100
2009-07-07,16.139999,16.139999,15.580000,15.650000,8.256926,3702400
2009-07-08,15.810000,15.940000,15.320000,15.550000,8.204167,5084700
2009-07-09,15.870000,15.900000,15.620000,15.750000,8.309686,2252700
2009-07-10,15.590000,15.750000,15.530000,15.720000,8.293857,2668500
2009-07-13,15.570000,15.920000,15.400000,15.850000,8.362446,3659900
2009-07-14,16.389999,16.500000,16.209999,16.410000,8.657898,4202400
2009-07-15,16.930000,17.219999,16.889999,17.219999,9.085257,6306500
2009-07-16,17.230000,17.450001,17.160000,17.350000,9.153844,3095500
2009-07-17,17.250000,17.330000,17.129999,17.280001,9.116911,3104700
2009-07-20,17.700001,17.830000,17.520000,17.809999,9.396539,3720300
2009-07-21,17.980000,17.990000,17.500000,17.719999,9.349054,5824000
2009-07-22,17.600000,17.830000,17.510000,17.690001,9.333227,4550700
2009-07-23,17.719999,18.150000,17.700001,18.030001,9.512613,4107000
2009-07-24,17.920000,18.040001,17.770000,17.980000,9.486231,2368200
2009-07-27,18.160000,18.260000,18.000000,18.219999,9.612854,2512600
2009-07-28,18.260000,18.430000,18.100000,18.290001,9.649784,2929100
2009-07-29,18.129999,18.150000,17.850000,18.030001,9.512613,2604600
2009-07-30,18.600000,18.840000,18.520000,18.610001,9.818618,3581900
2009-07-31,18.590000,18.990000,18.570000,18.930000,9.987450,2748400
2009-08-03,19.200001,19.450001,19.160000,19.440001,10.256524,5408800
2009-08-04,19.260000,19.520000,19.190001,19.430000,10.251248,3372100
2009-08-05,19.260000,19.330000,18.900000,19.260000,10.161559,3153600
2009-08-06,19.620001,19.650000,19.230000,19.379999,10.224870,5158900
2009-08-07,19.459999,19.590000,19.320000,19.469999,10.272355,3006400
2009-08-10,19.309999,19.440001,19.049999,19.250000,10.156283,4285300
2009-08-11,19.170000,19.219999,19.020000,19.080000,10.066587,3559200
2009-08-12,19.160000,19.709999,19.070000,19.530001,10.304009,3820100
2009-08-13,20.040001,20.180000,19.850000,20.120001,10.615294,3006600
2009-08-14,20.170000,20.180000,19.440001,19.610001,10.346217,7421400
2009-08-17,19.160000,19.190001,18.950001,19.120001,10.087694,3851000
2009-08-18,19.280001,19.559999,19.200001,19.469999,10.272355,2446600
2009-08-19,19.090000,19.629999,19.080000,19.559999,10.319837,2732100
2009-08-20,19.330000,19.520000,19.209999,19.500000,10.288183,2476800
2009-08-21,19.370001,19.580000,19.309999,19.490000,10.282906,2923700
2009-08-24,20.120001,20.190001,19.900000,19.910000,10.504498,3120300
2009-08-25,20.110001,20.240000,19.860001,19.930000,10.515047,3629400
2009-08-26,19.750000,19.860001,19.610001,19.740000,10.414804,1714600
2009-08-27,20.000000,20.260000,19.740000,20.160000,10.636399,3359800
2009-08-28,20.570000,20.610001,20.250000,20.370001,10.747196,2167300
2009-08-31,20.230000,20.320000,20.080000,20.270000,10.694434,2750200
2009-09-01,20.320000,20.590000,19.809999,19.850000,10.472842,6240300
2009-09-02,19.770000,20.000000,19.670000,19.799999,10.446459,3920000
2009-09-03,20.100000,20.230000,19.889999,20.190001,10.652228,5650100
2009-09-04,20.190001,20.590000,20.100000,20.530001,10.831607,5375200
2009-09-08,21.260000,21.280001,21.080000,21.120001,11.142894,5352000
2009-09-09,21.230000,21.350000,21.090000,21.190001,11.179823,6490200
2009-09-10,21.190001,21.510000,21.049999,21.469999,11.327553,2985200
2009-09-11,21.520000,21.660000,21.350000,21.430000,11.306450,2824600
2009-09-14,21.090000,21.340000,21.040001,21.320000,11.248411,3015500
2009-09-15,21.209999,21.440001,21.010000,21.320000,11.248411,5399500
2009-09-16,22.090000,22.340000,21.980000,22.320000,11.776011,9774000
2009-09-17,22.080000,22.280001,21.950001,22.030001,11.623008,5067600
2009-09-18,22.170000,22.170000,21.930000,22.049999,11.633560,2489600
2009-09-21,21.690001,21.870001,21.580000,21.820000,11.512212,2379300
2009-09-22,22.209999,22.250000,22.070000,22.209999,11.717973,3428000
2009-09-23,22.410000,22.620001,22.059999,22.170000,11.696871,4721800
2009-09-24,22.350000,22.420000,21.740000,21.790001,11.496382,6189500
2009-09-25,21.830000,22.160000,21.830000,22.000000,11.607179,5274000
2009-09-28,22.040001,22.450001,21.980000,22.360001,11.797113,3516300
2009-09-29,22.450001,22.570000,22.299999,22.459999,11.849874,2880300
2009-09-30,22.760000,22.809999,22.340000,22.600000,11.923739,4832100
2009-10-01,22.500000,22.500000,21.750000,21.780001,11.491111,5851500
2009-10-02,21.260000,21.620001,21.120001,21.440001,11.311726,5249000
2009-10-05,21.700001,21.990000,21.600000,21.870001,11.538591,5571200
2009-10-06,22.250000,22.510000,22.200001,22.360001,11.797113,5775300
2009-10-07,22.510000,22.700001,22.440001,22.629999,11.939565,3372600
2009-10-08,23.309999,23.650000,23.230000,23.480000,12.388024,7857900
2009-10-09,23.290001,23.420000,23.180000,23.370001,12.329988,5384200
2009-10-12,23.450001,23.540001,23.350000,23.440001,12.366920,3455100
2009-10-13,23.459999,23.530001,23.270000,23.430000,12.361646,5715700
2009-10-14,24.080000,24.219999,23.969999,24.150000,12.741516,5462200
2009-10-15,24.139999,24.350000,24.070000,24.320000,12.831211,5540500
2009-10-16,23.920000,24.120001,23.830000,24.040001,12.683480,3958300
2009-10-19,24.129999,24.450001,24.030001,24.370001,12.857588,3778500
2009-10-20,24.459999,24.459999,23.959999,24.110001,12.720416,5088700
2009-10-21,24.170000,24.570000,24.070000,24.090000,12.709866,6986200
2009-10-22,24.070000,24.420000,23.820000,24.410000,12.878694,4625300
2009-10-23,24.480000,24.510000,24.010000,24.150000,12.741516,4849600
2009-10-26,24.139999,24.440001,23.709999,23.809999,12.562136,6795300
2009-10-27,23.709999,23.830000,23.389999,23.520000,12.409128,5717700
2009-10-28,22.850000,22.950001,22.260000,22.459999,11.849874,12490500
2009-10-29,22.549999,23.010000,22.459999,22.920000,12.092573,8961300
2009-10-30,22.600000,22.709999,21.740000,21.930000,11.570249,8321400
2009-11-02,22.190001,22.610001,21.889999,22.280001,11.754909,8385100
2009-11-03,21.730000,22.150000,21.559999,22.129999,11.675764,7660200
2009-11-04,22.459999,22.600000,22.260000,22.309999,11.770736,6459800
2009-11-05,22.450001,22.600000,22.360001,22.530001,11.886806,4693500
2009-11-06,22.610001,23.000000,22.570000,22.930000,12.097851,6838300
2009-11-09,23.700001,24.010000,23.650000,23.959999,12.641271,8407200
2009-11-10,23.830000,24.070000,23.780001,24.030001,12.678206,6344100
2009-11-11,24.219999,24.370001,24.030001,24.129999,12.730967,6307600
2009-11-12,24.110001,24.230000,23.580000,23.650000,12.477715,5711500
2009-11-13,23.790001,24.139999,23.650000,24.110001,12.720416,4267000
2009-11-16,24.240000,24.570000,24.240000,24.500000,12.926177,6596400
2009-11-17,23.879999,24.160000,23.719999,24.129999,12.730967,5973800
2009-11-18,24.129999,24.139999,23.840000,24.020000,12.672929,4738800
2009-11-19,23.629999,23.639999,23.190001,23.520000,12.409128,6681500
2009-11-20,23.059999,23.469999,23.000000,23.299999,12.293059,4284100
2009-11-23,23.959999,23.980000,23.719999,23.790001,12.551583,3573900
2009-11-24,23.570000,23.570000,23.200001,23.410000,12.351094,5357100
2009-11-25,23.780001,24.020000,23.660000,23.990000,12.657104,3077400
2009-11-27,22.469999,23.000000,22.250000,22.820000,12.039813,5999900
2009-11-30,23.120001,23.430000,23.030001,23.330000,12.308885,4830800
2009-12-01,23.870001,24.030001,23.740000,23.900000,12.609619,6323100
2009-12-02,23.930000,24.170000,23.840000,23.879999,12.599068,3582900
2009-12-03,24.020000,24.170000,23.620001,23.620001,12.461894,5279300
2009-12-04,23.900000,24.040001,23.260000,23.520000,12.409128,7963400
2009-12-07,23.020000,23.350000,22.990000,23.129999,12.203367,6158100
2009-12-08,22.889999,22.889999,22.570000,22.670000,11.960672,7635400
2009-12-09,22.709999,22.860001,22.530001,22.809999,12.034535,6964600
2009-12-10,23.100000,23.190001,22.990000,23.070000,12.171711,4632600
2009-12-11,23.139999,23.160000,22.910000,22.959999,12.113674,3854200
2009-12-14,23.080000,23.200001,22.950001,23.170000,12.224469,2956400
2009-12-15,22.850000,23.000000,22.730000,22.830000,12.045083,4359900
2009-12-16,22.799999,22.900000,22.700001,22.740000,11.997603,4447200
2009-12-17,22.350000,22.389999,22.200001,22.389999,11.812942,4702600
2009-12-18,22.469999,22.540001,22.200001,22.530001,11.886806,3329800
2009-12-21,22.280001,22.420000,22.230000,22.270000,11.749632,3862500
2009-12-22,21.910000,21.940001,21.740000,21.780001,11.817456,5412000
2009-12-23,22.000000,22.200001,21.980000,22.080000,11.980232,3836100
2009-12-24,22.350000,22.530001,22.260000,22.530001,12.224388,1177500
2009-12-28,22.639999,22.700001,22.480000,22.580000,12.251522,4359000
2009-12-29,23.040001,23.110001,22.809999,22.809999,12.376314,4382200
2009-12-30,22.770000,22.900000,22.660000,22.799999,12.370886,2428100
2009-12-31,23.049999,23.100000,22.840000,22.840000,12.392590,2073600
2010-01-04,23.500000,23.809999,23.480000,23.719999,12.870063,4967500
2010-01-05,23.799999,23.900000,23.620001,23.790001,12.908045,5501300
2010-01-06,23.799999,23.990000,23.770000,23.879999,12.956877,5656500
2010-01-07,23.770000,23.799999,23.610001,23.770000,12.897197,3127300
2010-01-08,23.840000,24.070000,23.740000,24.049999,13.049121,3014200
2010-01-11,24.360001,24.370001,24.100000,24.290001,13.179337,5566400
2010-01-12,23.650000,23.830000,23.440001,23.490000,12.745271,6107200
2010-01-13,23.680000,23.870001,23.480000,23.850000,12.940601,4210100
2010-01-14,24.040001,24.170000,23.969999,24.150000,13.103376,4347300
2010-01-15,23.889999,23.940001,23.549999,23.639999,12.826656,4217500
2010-01-19,23.629999,24.030001,23.540001,23.990000,13.016564,3202100
2010-01-20,23.420000,23.440001,23.100000,23.280001,12.631330,4879900
2010-01-21,23.250000,23.320000,22.500000,22.500000,12.208116,9086100
2010-01-22,22.500000,22.610001,22.040001,22.040001,11.958523,6838800
2010-01-25,22.450001,22.490000,22.240000,22.379999,12.143004,4901500
2010-01-26,22.000000,22.299999,21.879999,21.980000,11.925970,6995700
2010-01-27,21.770000,21.950001,21.520000,21.879999,11.871713,6399900
2010-01-28,22.240000,22.250000,21.590000,21.680000,11.763193,4108800
2010-01-29,21.639999,21.780001,21.070000,21.100000,11.448500,11208800
2010-02-01,21.280001,21.610001,21.230000,21.610001,11.725214,6584200
2010-02-02,21.570000,21.840000,21.450001,21.760000,11.806602,5981400
2010-02-03,21.650000,21.740000,21.450001,21.490000,11.660105,5006300
2010-02-04,21.170000,21.209999,20.440001,20.469999,11.106670,7085700
2010-02-05,20.469999,20.650000,20.030001,20.590000,11.171780,11707300
2010-02-08,20.690001,20.860001,20.430000,20.459999,11.101245,5037900
2010-02-09,20.980000,21.320000,20.770000,21.059999,11.426792,5574900
2010-02-10,20.930000,21.049999,20.600000,20.930000,11.356258,6618500
2010-02-11,21.240000,21.660000,21.090000,21.660000,11.752341,5278800
2010-02-12,21.070000,21.379999,20.940001,21.280001,11.546165,9460900
2010-02-16,21.860001,22.160000,21.780001,22.139999,12.012786,3777700
2010-02-17,22.459999,22.500000,22.270000,22.379999,12.143004,6785900
2010-02-18,22.250000,22.570000,22.250000,22.549999,12.235243,3988600
2010-02-19,22.200001,22.459999,22.100000,22.379999,12.143004,4593200
2010-02-22,22.750000,22.760000,22.559999,22.680000,12.305779,4884000
2010-02-23,22.719999,22.780001,22.139999,22.219999,12.056190,5147600
2010-02-24,22.080000,22.360001,22.010000,22.340000,12.121296,4680000
2010-02-25,21.400000,21.860001,21.290001,21.820000,11.839158,8232300
2010-02-26,22.070000,22.250000,21.840000,22.139999,12.012786,6337000
2010-03-01,22.510000,22.770000,22.440001,22.770000,12.354609,5769700
2010-03-02,22.920000,23.090000,22.850000,22.889999,12.419722,5385200
2010-03-03,23.120001,23.309999,23.049999,23.150000,12.560790,3270100
2010-03-04,23.150000,23.180000,22.920000,23.020000,12.490256,3726100
2010-03-05,23.360001,23.629999,23.309999,23.610001,12.810380,3570200
2010-03-08,23.610001,23.639999,23.480000,23.480000,12.739841,4780600
2010-03-09,23.440001,23.850000,23.440001,23.719999,12.870063,6434000
2010-03-10,23.780001,23.959999,23.639999,23.799999,12.913473,4436700
2010-03-11,23.660000,23.740000,23.520000,23.730000,12.875489,3077000
2010-03-12,23.840000,23.850000,23.639999,23.719999,12.870063,2974600
2010-03-15,23.469999,23.530001,23.280001,23.469999,12.734418,4209400
2010-03-16,23.629999,23.889999,23.540001,23.889999,12.962300,4231800
2010-03-17,24.100000,24.270000,24.059999,24.160000,13.108800,6219500
2010-03-18,24.070000,24.110001,23.900000,23.980000,13.011134,6315100
2010-03-19,23.750000,24.100000,23.680000,23.750000,12.886341,3420700
2010-03-22,23.469999,23.959999,23.459999,23.910000,12.973151,5938200
2010-03-23,24.030001,24.260000,23.930000,24.250000,13.157634,3924800
2010-03-24,23.809999,23.990000,23.750000,23.760000,12.891773,6282600
2010-03-25,24.080000,24.190001,23.770000,23.820000,12.924324,4700700
2010-03-26,23.889999,23.980000,23.660000,23.830000,12.929749,4513800
2010-03-29,24.110001,24.280001,24.059999,24.219999,13.141355,5755000
2010-03-30,24.309999,24.370001,24.129999,24.260000,13.163059,3576300
2010-03-31,23.959999,24.110001,23.879999,24.010000,13.027413,5340900
2010-04-01,24.290001,24.469999,24.270000,24.469999,13.277004,3512600
2010-04-05,24.570000,24.660000,24.450001,24.620001,13.358391,4393200
2010-04-06,24.530001,24.799999,24.510000,24.780001,13.445204,4899200
2010-04-07,24.690001,24.709999,24.459999,24.600000,13.347541,5255800
2010-04-08,24.360001,24.650000,24.280001,24.590000,13.342108,3481600
2010-04-09,24.700001,24.820000,24.650000,24.790001,13.450633,3822400
2010-04-12,24.740000,24.799999,24.680000,24.709999,13.407219,3210800
2010-04-13,24.670000,24.680000,24.410000,24.660000,13.380094,3379100
2010-04-14,24.950001,25.139999,24.900000,25.120001,13.629683,3544500
2010-04-15,24.980000,25.110001,24.940001,25.070000,13.602550,3338500
2010-04-16,24.879999,24.940001,24.309999,24.480000,13.282429,4834800
2010-04-19,24.110001,24.360001,24.010000,24.320000,13.195614,4721100
2010-04-20,24.670000,24.730000,24.559999,24.670000,13.385521,3812400
2010-04-21,24.580000,24.629999,24.309999,24.549999,13.320410,3487700
2010-04-22,24.139999,24.400000,23.930000,24.379999,13.228168,4556400
2010-04-23,23.980000,24.290001,23.860001,24.290001,13.179337,4887500
2010-04-26,24.360001,24.420000,24.170000,24.240000,13.152209,3178400
2010-04-27,23.889999,24.000000,23.240000,23.350000,12.669312,5619000
2010-04-28,23.719999,23.879999,23.510000,23.750000,12.886341,4527900
2010-04-29,23.879999,24.010000,23.809999,23.959999,13.000282,3594700
2010-04-30,23.920000,23.950001,23.379999,23.440001,12.718143,5310100
2010-05-03,23.680000,23.850000,23.540001,23.730000,12.875489,4666000
2010-05-04,22.790001,22.799999,22.360001,22.490000,12.202688,8712700
2010-05-05,22.200001,22.629999,22.120001,22.299999,12.099596,8141400
2010-05-06,21.860001,22.040001,18.270000,20.809999,11.291148,12797400
2010-05-07,21.090000,21.340000,20.410000,20.840000,11.307427,11688500
2010-05-10,22.309999,22.559999,22.170000,22.430000,12.170133,15628600
2010-05-11,21.760000,22.290001,21.760000,21.920000,11.893415,8974300
2010-05-12,22.059999,22.180000,21.940001,22.080000,11.980232,5897300
2010-05-13,22.110001,22.320000,21.920000,21.950001,11.909696,6030200
2010-05-14,21.639999,21.709999,21.059999,21.209999,11.508183,10178300
2010-05-17,21.200001,21.350000,20.530001,21.000000,11.394238,11222300
2010-05-18,21.100000,21.160000,20.320000,20.440001,11.090395,6054700
2010-05-19,19.750000,19.900000,19.280001,19.730000,10.705158,10444100
2010-05-20,18.760000,18.950001,18.260000,18.469999,10.021504,10603000
2010-05-21,18.420000,19.299999,18.320000,19.290001,10.466422,14377300
2010-05-24,19.440001,19.650000,19.240000,19.250000,10.444720,5306000
2010-05-25,18.370001,19.100000,18.290001,19.100000,10.363331,7534600
2010-05-26,19.260000,19.590000,18.860001,18.940001,10.276519,8416400
2010-05-27,19.809999,20.250000,19.730000,20.240000,10.981878,5902800
2010-05-28,20.280001,20.350000,19.900000,20.110001,10.911341,5657600
2010-06-01,19.590000,19.959999,19.440001,19.480000,10.569511,5043400
2010-06-02,19.540001,20.080000,19.459999,20.059999,10.884212,3952300
2010-06-03,20.330000,20.430000,19.889999,20.120001,10.916768,19465800
2010-06-04,19.549999,19.629999,18.930000,19.080000,10.352479,11611200
2010-06-07,19.100000,19.129999,18.629999,18.650000,10.119170,4612000
2010-06-08,19.000000,19.520000,18.870001,19.430000,10.542383,7714500
2010-06-09,19.639999,19.980000,19.370001,19.480000,10.569511,6151800
2010-06-10,20.350000,20.570000,20.280001,20.520000,11.133800,6263200
2010-06-11,20.240000,20.670000,20.219999,20.629999,11.193482,4051400
2010-06-14,21.010000,21.209999,20.750000,20.780001,11.274873,6416300
2010-06-15,20.770000,21.320000,20.770000,21.230000,11.519032,5916700
2010-06-16,20.870001,21.230000,20.870001,21.090000,11.443070,7466000
2010-06-17,21.129999,21.180000,20.790001,21.040001,11.415943,6823600
2010-06-18,21.280001,21.340000,21.150000,21.230000,11.519032,2707100
2010-06-21,21.760000,21.809999,21.299999,21.459999,11.643829,4570500
2010-06-22,21.450001,21.510000,20.950001,21.059999,11.426792,4950100
2010-06-23,20.780001,20.920000,20.450001,20.740000,11.362692,5196700
2010-06-24,20.480000,20.540001,20.200001,20.320000,11.132590,6309500
2010-06-25,20.270000,20.490000,19.990000,20.440001,11.198334,5201500
2010-06-28,20.320000,20.320000,20.040001,20.160000,11.044933,6019700
2010-06-29,19.549999,19.549999,19.059999,19.200001,10.518984,8047700
2010-06-30,19.070000,19.320000,18.900000,18.980000,10.398456,9161800
2010-07-01,18.950001,19.110001,18.559999,18.990000,10.403934,9332300
2010-07-02,19.200001,19.280001,18.809999,18.980000,10.398456,3913700
2010-07-06,19.480000,19.719999,19.160000,19.280001,10.562813,3681600
2010-07-07,19.299999,19.910000,19.280001,19.879999,10.891531,7128500
2010-07-08,20.450001,20.580000,20.129999,20.350000,11.149026,6486600
2010-07-09,20.360001,20.559999,20.299999,20.500000,11.231206,3152100
2010-07-12,20.360001,20.520000,20.270000,20.360001,11.154511,5539200
2010-07-13,20.490000,20.750000,20.469999,20.620001,11.296951,4521700
2010-07-14,20.650000,20.889999,20.580000,20.730000,11.357214,4546000
2010-07-15,20.750000,20.790001,20.330000,20.709999,11.346257,6255800
2010-07-16,20.430000,20.459999,19.980000,20.040001,10.979192,3752400
2010-07-19,20.100000,20.190001,19.860001,20.100000,11.012063,2209800
2010-07-20,20.160000,20.840000,20.129999,20.790001,11.390087,3632300
2010-07-21,20.790001,20.820000,20.219999,20.320000,11.132590,5209300
2010-07-22,20.760000,21.129999,20.750000,20.959999,11.483225,4868700
2010-07-23,21.120001,21.370001,21.020000,21.309999,11.674978,3177100
2010-07-26,21.379999,21.650000,21.320000,21.610001,11.839333,2663700
2010-07-27,21.690001,21.750000,21.400000,21.530001,11.795506,7284800
2010-07-28,21.370001,21.490000,21.250000,21.379999,11.713327,3921100
2010-07-29,21.709999,21.790001,21.280001,21.559999,11.811945,4259100
2010-07-30,21.280001,21.670000,21.240000,21.549999,11.806463,3763400
2010-08-02,22.070000,22.330000,21.950001,22.260000,12.195450,3979100
2010-08-03,22.049999,22.209999,21.910000,22.020000,12.063958,3517200
2010-08-04,22.100000,22.309999,22.000000,22.250000,12.189966,3361900
2010-08-05,22.059999,22.120001,21.930000,22.080000,12.096833,6518900
2010-08-06,21.850000,22.110001,21.700001,22.070000,12.091352,5424300
2010-08-09,22.379999,22.410000,22.180000,22.280001,12.206407,4739900
2010-08-10,21.750000,22.030001,21.590000,21.889999,11.992741,4187200
2010-08-11,21.070000,21.110001,20.850000,20.889999,11.444875,4491900
2010-08-12,20.600000,20.920000,20.570000,20.840000,11.417479,5651100
2010-08-13,21.010000,21.180000,20.980000,21.000000,11.505140,2504400
2010-08-16,20.940001,21.299999,20.900000,21.230000,11.631148,1650100
2010-08-17,21.490000,21.780001,21.459999,21.610001,11.839333,3355200
2010-08-18,21.690001,21.690001,21.320000,21.459999,11.757156,2609300
2010-08-19,21.299999,21.370001,20.870001,21.040001,11.527056,3032000
2010-08-20,20.799999,21.100000,20.719999,21.100000,11.559926,1548200
2010-08-23,21.150000,21.290001,20.900000,20.900000,11.450352,2714800
2010-08-24,20.410000,20.559999,20.219999,20.410000,11.181899,4498800
2010-08-25,20.129999,20.420000,19.940001,20.360001,11.154511,3418500
2010-08-26,20.670000,20.790001,20.389999,20.450001,11.203813,3685100
2010-08-27,20.770000,21.200001,20.469999,21.170000,11.598277,7941400
2010-08-30,21.200001,21.309999,21.020000,21.020000,11.516096,3346000
2010-08-31,20.980000,21.200001,20.879999,21.059999,11.538010,2943400
2010-09-01,21.879999,22.330000,21.879999,22.230000,12.179011,7169600
2010-09-02,22.110001,22.280001,22.080000,22.250000,12.189966,4895300
2010-09-03,22.480000,22.540001,22.299999,22.420000,12.283108,5474700
2010-09-07,22.290001,22.410000,22.139999,22.219999,12.173532,8633200
2010-09-08,22.299999,22.549999,22.290001,22.430000,12.288583,4995000
2010-09-09,22.980000,22.980000,22.700001,22.750000,12.463901,2975900
2010-09-10,22.700001,22.790001,22.590000,22.700001,12.436510,3097500
2010-09-13,23.139999,23.270000,23.120001,23.230000,12.726875,3411100
2010-09-14,23.150000,23.549999,23.080000,23.420000,12.830969,4920000
2010-09-15,23.290001,23.430000,23.139999,23.410000,12.825493,7392200
2010-09-16,23.059999,23.200001,22.980000,23.200001,12.710438,3532800
2010-09-17,23.280001,23.309999,23.049999,23.120001,12.666608,2418300
2010-09-20,23.410000,23.709999,23.320000,23.639999,12.951498,4137500
2010-09-21,23.500000,23.719999,23.280001,23.540001,12.896712,5602000
2010-09-22,23.660000,23.809999,23.440001,23.559999,12.907670,5565500
2010-09-23,23.320000,23.610001,23.240000,23.330000,12.781660,6323400
2010-09-24,23.740000,24.000000,23.719999,23.950001,13.121340,3784200
2010-09-27,24.010000,24.150000,23.950001,23.980000,13.137773,2837200
2010-09-28,24.150000,24.410000,23.860001,24.379999,13.356918,5454400
2010-09-29,24.120001,24.250000,24.000000,24.129999,13.219953,3480600
2010-09-30,24.020000,24.129999,23.549999,23.740000,13.006285,5408300
2010-10-01,23.950001,24.010000,23.690001,23.990000,13.143251,3745600
2010-10-04,23.920000,24.030001,23.620001,23.780001,13.028199,6100000
2010-10-05,23.969999,24.389999,23.900000,24.320000,13.324044,5629000
2010-10-06,24.510000,24.660000,24.459999,24.530001,13.439099,2675200
2010-10-07,24.870001,24.889999,24.379999,24.469999,13.406222,5242600
2010-10-08,24.510000,24.889999,24.430000,24.860001,13.619898,4598100
2010-10-11,24.770000,24.870001,24.629999,24.730000,13.548672,3550400
2010-10-12,24.389999,24.570000,24.120001,24.510000,13.428142,5713700
2010-10-13,24.540001,24.860001,24.490000,24.680000,13.521278,4078200
2010-10-14,24.860001,25.000000,24.690001,24.889999,13.636331,2461700
2010-10-15,25.000000,25.059999,24.610001,24.840000,13.608939,2474100
2010-10-18,24.650000,24.950001,24.549999,24.760000,13.565108,2517000
2010-10-19,24.160000,24.290001,23.809999,23.910000,13.099424,6438600
2010-10-20,24.100000,24.650000,24.049999,24.469999,13.406222,3360500
2010-10-21,24.389999,24.610001,23.959999,24.200001,13.258302,4067300
2010-10-22,24.400000,24.450001,24.260000,24.340000,13.335005,2391600
2010-10-25,25.059999,25.160000,24.860001,24.879999,13.630850,2989600
2010-10-26,24.540001,24.709999,24.490000,24.660000,13.510318,2304500
2010-10-27,24.080000,24.230000,23.830000,24.209999,13.263783,2799100
2010-10-28,24.600000,24.629999,24.330000,24.459999,13.400747,4193700
2010-10-29,24.330000,24.469999,24.270000,24.469999,13.406222,2473100
2010-11-01,24.840000,24.930000,24.510000,24.639999,13.499361,3815600
2010-11-02,25.240000,25.290001,25.150000,25.180000,13.795209,3582400
2010-11-03,25.219999,25.420000,24.879999,25.389999,13.910257,4182400
2010-11-04,26.040001,26.260000,25.959999,26.240000,14.375946,5239200
2010-11-05,26.209999,26.360001,26.150000,26.270000,14.392381,4686900
2010-11-08,25.870001,26.090000,25.809999,26.020000,14.255414,2889900
2010-11-09,26.020000,26.059999,25.410000,25.459999,13.948611,6792400
2010-11-10,25.410000,25.590000,25.129999,25.570000,14.008878,4129300
2010-11-11,25.340000,25.340000,25.139999,25.280001,13.849998,5600600
2010-11-12,25.100000,25.180000,24.600000,24.790001,13.581543,3297700
2010-11-15,25.010000,25.129999,24.780001,24.809999,13.592499,3676500
2010-11-16,24.719999,24.719999,24.160000,24.320000,13.324044,5765500
2010-11-17,24.299999,24.459999,24.219999,24.320000,13.324044,3704000
2010-11-18,24.730000,24.940001,24.700001,24.820000,13.597978,3594100
2010-11-19,24.469999,24.620001,24.350000,24.620001,13.488407,2756300
2010-11-22,24.520000,24.629999,24.209999,24.590000,13.471971,2429800
2010-11-23,23.889999,23.990000,23.620001,23.709999,12.989848,8565900
2010-11-24,24.170000,24.400000,24.150000,24.320000,13.324044,3301800
2010-11-26,23.690001,23.830000,23.639999,23.650000,12.956976,3722200
2010-11-29,23.660000,23.940001,23.459999,23.920000,13.104902,7119900
2010-11-30,23.450001,23.730000,23.420000,23.520000,12.885756,7780000
2010-12-01,23.940001,24.209999,23.889999,24.170000,13.241866,4684000
2010-12-02,24.360001,24.840000,24.330000,24.740000,13.554150,3499800
2010-12-03,24.809999,25.120001,24.809999,25.049999,13.723986,3089500
2010-12-06,24.879999,25.000000,24.809999,24.900000,13.641808,2360600
2010-12-07,25.389999,25.420000,24.940001,24.940001,13.663722,3018700
2010-12-08,24.889999,24.900000,24.530001,24.780001,13.576064,4501800
2010-12-09,25.129999,25.150000,24.879999,25.010000,13.702072,2539300
2010-12-10,25.200001,25.240000,25.080000,25.200001,13.806170,1506200
2010-12-13,25.490000,25.660000,25.420000,25.500000,13.970527,2024300
2010-12-14,25.610001,25.840000,25.549999,25.620001,14.036267,5172200
2010-12-15,25.420000,25.540001,25.100000,25.139999,13.773294,5240500
2010-12-16,25.320000,25.430000,25.170000,25.410000,13.921217,2250300
2010-12-17,25.209999,25.290001,25.090000,25.290001,13.855474,1658200
2010-12-20,25.320000,25.379999,25.160000,25.290001,13.855474,1242700
2010-12-21,24.940001,25.010000,24.900000,24.940001,14.011091,1895000
2010-12-22,24.990000,25.120001,24.980000,25.090000,14.095363,2079100
2010-12-23,25.170000,25.280001,25.139999,25.200001,14.157160,1829300
2010-12-27,25.139999,25.170000,24.940001,25.170000,14.140306,1769500
2010-12-28,25.490000,25.490000,25.200001,25.240000,14.179632,1382700
2010-12-29,25.430000,25.500000,25.370001,25.430000,14.286368,1211900
2010-12-30,25.420000,25.459999,25.260000,25.420000,14.280748,981700
2010-12-31,25.230000,25.480000,25.150000,25.440001,14.291988,1096200
2011-01-03,25.549999,25.740000,25.469999,25.590000,14.376258,2191400
2011-01-04,25.070000,25.080000,24.700001,24.930000,14.005471,4275000
2011-01-05,24.540001,24.799999,24.500000,24.760000,13.909970,2853400
2011-01-06,24.700001,24.730000,24.400000,24.510000,13.769521,4409300
2011-01-07,24.500000,24.559999,24.180000,24.420000,13.718957,4693500
2011-01-10,24.299999,24.500000,24.170000,24.450001,13.735814,3859700
2011-01-11,24.360001,24.459999,24.270000,24.410000,13.713339,4154900
2011-01-12,24.650000,24.770000,24.520000,24.709999,13.881878,5263900
2011-01-13,25.000000,25.120001,24.809999,24.879999,13.977383,3870100
2011-01-14,24.740000,24.940001,24.709999,24.889999,13.983004,2690800
2011-01-18,25.020000,25.110001,24.950001,25.100000,14.100978,2470000
2011-01-19,25.330000,25.370001,24.980000,25.080000,14.089744,1851100
2011-01-20,24.629999,24.719999,24.389999,24.660000,13.853786,3500500
2011-01-21,24.750000,24.770000,24.570000,24.639999,13.842552,2170400
2011-01-24,24.760000,25.129999,24.740000,25.030001,14.061647,1437800
2011-01-25,24.770000,24.910000,24.629999,24.910000,13.994234,4466100
2011-01-26,25.000000,25.170000,24.920000,25.100000,14.100978,5997800
2011-01-27,24.990000,25.070000,24.870001,25.030001,14.061647,5493300
2011-01-28,25.010000,25.070000,24.500000,24.570000,13.803230,3778000
2011-01-31,24.740000,24.930000,24.680000,24.870001,13.971768,3533400
2011-02-01,25.170000,25.500000,25.139999,25.370001,14.252663,4097800
2011-02-02,25.240000,25.340000,25.190001,25.290001,14.207719,2644200
2011-02-03,25.469999,25.660000,25.299999,25.629999,14.398726,2432300
2011-02-04,25.980000,26.000000,25.709999,25.860001,14.527941,3328500
2011-02-07,25.910000,26.059999,25.900000,25.950001,14.578504,2173000
2011-02-08,25.980000,26.180000,25.910000,26.100000,14.662769,3326200
2011-02-09,25.950001,26.040001,25.809999,25.969999,14.589737,2101800
2011-02-10,25.719999,25.870001,25.639999,25.860001,14.527941,7575300
2011-02-11,25.580000,25.860001,25.549999,25.790001,14.488612,3467400
2011-02-14,25.910000,26.049999,25.879999,26.030001,14.623445,2471400
2011-02-15,25.879999,25.930000,25.709999,25.770000,14.477380,3041700
2011-02-16,25.840000,26.110001,25.809999,26.020000,14.617826,4499200
2011-02-17,26.010000,26.350000,25.950001,26.309999,14.780745,6705500
2011-02-18,26.200001,26.350000,26.150000,26.270000,14.758275,3100800
2011-02-22,25.629999,25.740000,25.240000,25.320000,14.224573,3804000
2011-02-23,25.430000,25.540001,25.180000,25.420000,14.280748,3130400
2011-02-24,25.540001,25.650000,25.270000,25.530001,14.342550,3258100
2011-02-25,25.830000,26.049999,25.830000,26.030001,14.623445,2411100
2011-02-28,26.049999,26.160000,25.990000,26.110001,14.668389,2147100
2011-03-01,26.000000,26.040001,25.500000,25.530001,14.342550,5554300
2011-03-02,25.690001,25.940001,25.690001,25.840000,14.516706,4476800
2011-03-03,25.980000,26.120001,25.889999,26.110001,14.668389,3202200
2011-03-04,26.000000,26.020000,25.719999,25.950001,14.578504,5095500
2011-03-07,25.900000,25.940001,25.389999,25.540001,14.348167,3327000
2011-03-08,25.540001,25.840000,25.450001,25.730000,14.454908,5150700
2011-03-09,25.559999,25.650000,25.430000,25.559999,14.359404,3834900
2011-03-10,24.870001,24.879999,24.639999,24.680000,13.865026,4542200
2011-03-11,24.450001,25.030001,24.430000,24.969999,14.027944,4449700
2011-03-14,24.570000,24.719999,24.410000,24.709999,13.881878,3623100
2011-03-15,23.500000,24.090000,23.410000,24.000000,13.483007,8315600
2011-03-16,23.879999,23.969999,23.170000,23.450001,13.174026,8030200
2011-03-17,23.860001,23.930000,23.650000,23.740000,13.336941,4044600
2011-03-18,24.440001,24.480000,24.280001,24.400000,13.707722,7022900
2011-03-21,24.930000,25.020000,24.879999,24.950001,14.016709,3813500
2011-03-22,25.010000,25.070000,24.910000,24.950001,14.016709,3228900
2011-03-23,24.900000,25.260000,24.820000,25.150000,14.129068,3387500
2011-03-24,25.510000,25.740000,25.410000,25.660000,14.415579,4404600
2011-03-25,25.730000,25.930000,25.670000,25.770000,14.477380,4292400
2011-03-28,25.780001,25.900000,25.740000,25.750000,14.466145,3866500
2011-03-29,25.760000,26.190001,25.709999,26.160000,14.696477,5391600
2011-03-30,26.440001,26.590000,26.379999,26.540001,14.909960,3680800
2011-03-31,26.549999,26.730000,26.510000,26.620001,14.954901,4715400
2011-04-01,26.820000,27.020000,26.690001,26.930000,15.129059,5886600
2011-04-04,26.840000,26.900000,26.730000,26.900000,15.112204,2723600
2011-04-05,26.740000,26.969999,26.709999,26.870001,15.095349,2746800
2011-04-06,27.230000,27.389999,27.190001,27.299999,15.336919,5599800
2011-04-07,27.389999,27.480000,27.070000,27.280001,15.325686,3902800
2011-04-08,27.719999,27.750000,27.450001,27.559999,15.482985,3293500
2011-04-11,27.910000,27.959999,27.570000,27.620001,15.516694,2904000
2011-04-12,27.350000,27.360001,27.010000,27.090000,15.218943,3192600
2011-04-13,27.350000,27.469999,27.139999,27.299999,15.336919,3046100
2011-04-14,27.070000,27.400000,26.990000,27.360001,15.370629,3697800
2011-04-15,27.209999,27.320000,27.090000,27.230000,15.297594,3976900
2011-04-18,26.889999,26.889999,26.520000,26.870001,15.095349,3727100
2011-04-19,26.809999,26.950001,26.740000,26.910000,15.117820,2823100
2011-04-20,27.639999,27.809999,27.629999,27.709999,15.567257,3066600
2011-04-21,27.879999,28.049999,27.830000,28.040001,15.752644,2712100
2011-04-25,28.090000,28.110001,27.900000,28.070000,15.769500,3034400
2011-04-26,28.070000,28.320000,28.000000,28.219999,15.853774,5200000
2011-04-27,28.070000,28.340000,27.850000,28.280001,15.887476,5320900
2011-04-28,28.139999,28.360001,28.049999,28.350000,15.926801,4093600
2011-04-29,28.049999,28.280001,27.990000,28.270000,15.881857,6585600
2011-05-02,28.070000,28.219999,27.870001,27.930000,15.690845,2773600
2011-05-03,27.629999,27.750000,27.320000,27.500000,15.449278,4210900
2011-05-04,27.260000,27.280001,26.740000,26.820000,15.067260,4920500
2011-05-05,26.700001,26.830000,26.250000,26.410000,14.836925,8228100
2011-05-06,27.190001,27.320000,26.719999,26.879999,15.100966,5949700
2011-05-09,26.990000,27.230000,26.879999,27.190001,15.275125,2335300
2011-05-10,27.100000,27.370001,27.040001,27.330000,15.353773,6046200
2011-05-11,27.299999,27.330000,26.639999,26.790001,15.050409,6795700
2011-05-12,26.420000,26.709999,26.209999,26.629999,14.960518,4843000
2011-05-13,26.559999,26.590000,26.010000,26.209999,14.724570,4565200
2011-05-16,26.219999,26.530001,26.080000,26.200001,14.718948,7103600
2011-05-17,26.139999,26.459999,25.959999,26.410000,14.836925,4997100
2011-05-18,26.370001,26.719999,26.299999,26.650000,14.971753,5014600
2011-05-19,26.959999,27.020000,26.690001,26.879999,15.100966,4512200
2011-05-20,26.719999,26.840000,26.420000,26.620001,14.954901,3452800
2011-05-23,25.740000,25.879999,25.629999,25.770000,14.477380,7716400
2011-05-24,26.000000,26.110001,25.850000,25.950001,14.578504,3095600
2011-05-25,25.650000,25.930000,25.610001,25.860001,14.527941,4756300
2011-05-26,26.190001,26.420000,26.020000,26.299999,14.775128,5328900
2011-05-27,26.549999,26.700001,26.459999,26.540001,14.909960,4812800
2011-05-31,26.730000,26.770000,26.490000,26.719999,15.011082,6323100
2011-06-01,26.700001,26.740000,26.030001,26.100000,14.662769,8041300
2011-06-02,26.010000,26.129999,25.709999,26.070000,14.645918,4997300
2011-06-03,25.580000,26.160000,25.580000,25.889999,14.544790,5173700
2011-06-06,26.049999,26.070000,25.730000,25.780001,14.482996,5246100
2011-06-07,26.080000,26.200001,25.959999,25.980000,14.595357,3371800
2011-06-08,25.570000,25.690001,25.450001,25.510000,14.331313,4613700
2011-06-09,25.639999,25.959999,25.600000,25.850000,14.522322,3399500
2011-06-10,25.650000,25.690001,25.240000,25.330000,14.230191,6711800
2011-06-13,25.480000,25.590000,25.209999,25.400000,14.269515,3413800
2011-06-14,25.930000,26.170000,25.910000,26.059999,14.640301,4968400
2011-06-15,25.690001,25.790001,25.230000,25.340000,14.235808,5897900
2011-06-16,25.040001,25.230000,24.879999,25.110001,14.106596,5614100
2011-06-17,25.480000,25.530001,25.209999,25.410000,14.275132,7774900
2011-06-20,25.090000,25.280001,25.059999,25.230000,14.174013,7124900
2011-06-21,25.430000,25.719999,25.420000,25.680000,14.426817,3811300
2011-06-22,25.090000,25.350000,25.020000,25.040001,14.309668,2700600
2011-06-23,24.520000,24.900000,24.330000,24.900000,14.229657,7347500
2011-06-24,24.940001,24.959999,24.590000,24.639999,14.081081,2593300
2011-06-27,24.420000,24.670000,24.330000,24.600000,14.058218,3354800
2011-06-28,24.760000,25.100000,24.709999,25.090000,14.338239,5467300
2011-06-29,25.379999,25.600000,25.250000,25.480000,14.561111,5102200
2011-06-30,25.980000,26.139999,25.930000,26.049999,14.886856,3148000
2011-07-01,25.799999,26.290001,25.709999,26.240000,14.995435,3528600
2011-07-05,25.850000,25.910000,25.709999,25.809999,14.749701,4278000
2011-07-06,25.620001,25.719999,25.510000,25.639999,14.652550,3073100
2011-07-07,25.990000,26.190001,25.969999,26.080000,14.903996,4191300
2011-07-08,25.830000,25.959999,25.719999,25.950001,14.829708,3165700
2011-07-11,25.379999,25.469999,25.129999,25.219999,14.412532,3183900
2011-07-12,24.900000,25.129999,24.809999,24.860001,14.206803,3632600
2011-07-13,25.209999,25.610001,25.129999,25.330000,14.475393,5303900
2011-07-14,25.320000,25.430000,24.940001,25.000000,14.286807,4409000
2011-07-15,24.910000,24.950001,24.680000,24.850000,14.201086,3810700
2011-07-18,24.700001,24.740000,24.430000,24.600000,14.058218,3491500
2011-07-19,25.010000,25.280001,24.980000,25.190001,14.395388,4973200
2011-07-20,25.530001,25.570000,25.389999,25.480000,14.561111,2434800
2011-07-21,25.620001,26.030001,25.580000,25.900000,14.801133,4818400
2011-07-22,26.070000,26.100000,25.900000,26.080000,14.903996,2113300
2011-07-25,25.690001,25.850000,25.620001,25.740000,14.709697,3140500
2011-07-26,26.010000,26.100000,25.860001,25.980000,14.846847,2650400
2011-07-27,26.059999,26.059999,25.580000,25.680000,14.675408,4681600
2011-07-28,25.629999,25.760000,25.410000,25.459999,14.549682,2534000
2011-07-29,25.059999,25.389999,24.990000,25.209999,14.406818,4162500
2011-08-01,25.770000,25.790001,25.020000,25.240000,14.423961,8076700
2011-08-02,24.870001,25.000000,24.459999,24.480000,13.989644,5960600
2011-08-03,24.139999,24.240000,23.660000,24.209999,13.835344,7117700
2011-08-04,23.330000,23.379999,22.459999,22.500000,12.858125,7390200
2011-08-05,22.680000,22.690001,21.620001,22.280001,12.732400,12368800
2011-08-08,21.360001,21.670000,20.450001,20.490000,11.709468,11161900
2011-08-09,21.650000,22.500000,20.910000,22.490000,12.852412,15588500
2011-08-10,22.010000,22.110001,21.389999,21.430000,12.246650,10105000
2011-08-11,21.889999,23.020000,21.820000,22.709999,12.978134,12662100
2011-08-12,22.910000,23.030001,22.629999,22.840000,13.052425,8018400
2011-08-15,23.530001,23.850000,23.510000,23.809999,13.606756,5127700
2011-08-16,23.200001,23.510000,22.969999,23.320000,13.326736,9251700
2011-08-17,23.809999,24.040001,23.530001,23.730000,13.561035,6234400
2011-08-18,22.870001,22.889999,22.260000,22.610001,12.920988,9687100
2011-08-19,22.410000,22.940001,22.270000,22.330000,12.760973,5291400
2011-08-22,22.889999,22.889999,22.309999,22.360001,12.778121,9037800
2011-08-23,22.850000,23.480000,22.740000,23.389999,13.366736,7092200
2011-08-24,23.100000,23.400000,22.930000,23.280001,13.303874,4295100
2011-08-25,23.340000,23.450001,22.809999,22.900000,13.086718,6497000
2011-08-26,22.959999,23.570000,22.610001,23.469999,13.412454,5077000
2011-08-29,23.850000,24.160000,23.850000,24.139999,13.795341,2681600
2011-08-30,23.850000,24.219999,23.709999,24.120001,13.783911,8742400
2011-08-31,24.350000,24.549999,24.160000,24.340000,13.909638,3885400
2011-09-01,24.209999,24.459999,24.070000,24.090000,13.766767,5940900
2011-09-02,23.500000,23.700001,23.360001,23.480000,13.418168,3702700
2011-09-06,22.639999,22.980000,22.559999,22.940001,13.109575,7237300
2011-09-07,23.510000,23.860001,23.469999,23.830000,13.618184,3483600
2011-09-08,23.450001,23.719999,23.240000,23.320000,13.326736,5886400
2011-09-09,22.959999,23.010000,22.420000,22.580000,12.903847,10190400
2011-09-12,21.920000,22.260000,21.709999,22.240000,12.709543,5551400
2011-09-13,22.160000,22.350000,22.000000,22.290001,12.738117,7419400
2011-09-14,22.000000,22.309999,21.590000,22.090000,12.623825,5847400
2011-09-15,22.400000,22.520000,22.180000,22.480000,12.846696,4361400
2011-09-16,22.660000,22.760000,22.450001,22.660000,12.949560,2810000
2011-09-19,21.930000,22.139999,21.719999,22.020000,12.583817,3189400
2011-09-20,22.120001,22.330000,21.870001,21.889999,12.509531,4877000
2011-09-21,21.900000,21.959999,21.070000,21.090000,12.052351,4542400
2011-09-22,20.100000,20.200001,19.639999,19.930000,11.389444,8443200
2011-09-23,19.940001,20.299999,19.910000,20.070000,11.469449,7576800
2011-09-26,20.330000,20.639999,19.959999,20.600000,11.772330,8038000
2011-09-27,21.430000,21.660000,21.129999,21.240000,12.138071,5291900
2011-09-28,21.270000,21.430000,20.620001,20.670000,11.812332,4417700
2011-09-29,21.000000,21.180000,20.330000,20.750000,11.858049,4859600
2011-09-30,20.240000,20.540001,20.030001,20.059999,11.463734,4121100
2011-10-03,19.820000,20.090000,19.370001,19.400000,11.086559,6360400
2011-10-04,19.139999,19.850000,18.910000,19.840000,11.338013,8500000
2011-10-05,20.100000,20.480000,19.900000,20.410000,11.663749,6150700
2011-10-06,20.799999,21.350000,20.670000,21.299999,12.172359,4630400
2011-10-07,21.850000,21.889999,21.290001,21.430000,12.246650,7450400
2011-10-10,22.129999,22.480000,22.100000,22.420000,12.812408,4478400
2011-10-11,22.070000,22.389999,22.010000,22.370001,12.783835,4737900
2011-10-12,22.760000,23.110001,22.700001,22.770000,13.012422,4598400
2011-10-13,22.660000,22.910000,22.420000,22.850000,13.058145,3266000
2011-10-14,23.190001,23.360001,23.080000,23.320000,13.326736,2916000
2011-10-17,23.070000,23.110001,22.580000,22.680000,12.960991,6862900
2011-10-18,22.549999,23.240000,22.250000,23.020000,13.155293,5188400
2011-10-19,22.930000,23.100000,22.500000,22.600000,12.915273,3286300
2011-10-20,22.540001,22.610001,22.100000,22.540001,12.880987,3865100
2011-10-21,22.820000,23.070000,22.709999,23.020000,13.155293,8927800
2011-10-24,23.320000,23.850000,23.309999,23.760000,13.578181,4297000
2011-10-25,23.420000,23.490000,23.059999,23.120001,13.212440,7267800
2011-10-26,23.450001,23.520000,22.969999,23.450001,13.401025,4166500
2011-10-27,24.930000,25.320000,24.660000,25.160000,14.378246,5289200
2011-10-28,24.650000,24.920000,24.610001,24.870001,14.212518,5198900
2011-10-31,24.129999,24.160000,23.740000,23.740000,13.566751,4277300
2011-11-01,22.670000,23.200001,22.590000,22.860001,13.063856,6185300
2011-11-02,23.160000,23.299999,22.840000,23.139999,13.223868,3926500
2011-11-03,23.440001,23.709999,23.000000,23.620001,13.498178,4024200
2011-11-04,23.440001,23.580000,23.070000,23.510000,13.435314,6823600
2011-11-07,23.520000,23.709999,23.270000,23.670000,13.526751,3289000
2011-11-08,23.750000,24.040001,23.540001,23.969999,13.698192,2602100
2011-11-09,23.150000,23.170000,22.730000,22.760000,13.006711,2327200
2011-11-10,23.270000,23.290001,22.809999,23.129999,13.218154,3557900
2011-11-11,23.510000,23.910000,23.500000,23.799999,13.601044,2412200
2011-11-14,23.389999,23.430000,23.070000,23.240000,13.281015,1973900
2011-11-15,23.160000,23.410000,23.000000,23.290001,13.309588,1979900
2011-11-16,22.959999,23.260000,22.760000,22.780001,13.018138,3545000
2011-11-17,22.760000,22.850000,22.170000,22.299999,12.743832,4261800
2011-11-18,22.469999,22.490000,22.209999,22.260000,12.720975,2349800
2011-11-21,21.709999,21.750000,21.360001,21.570000,12.326659,3112900
2011-11-22,21.520000,21.740000,21.400000,21.580000,12.332374,2031400
2011-11-23,21.080000,21.120001,20.780001,20.820000,11.898054,2629000
2011-11-25,20.700001,21.040001,20.680000,20.700001,11.829476,1901300
2011-11-28,21.790001,21.860001,21.440001,21.629999,12.360943,2782100
2011-11-29,21.910000,22.090000,21.809999,21.889999,12.509531,3889200
2011-11-30,23.070000,23.280001,23.020000,23.260000,13.292447,7341000
2011-12-01,23.040001,23.270000,22.930000,23.040001,13.166721,4830700
2011-12-02,23.660000,23.690001,23.290001,23.309999,13.321019,3835800
2011-12-05,23.790001,23.879999,23.530001,23.690001,13.538179,3767100
2011-12-06,23.410000,23.590000,23.309999,23.400000,13.372452,2961700
2011-12-07,23.340000,23.629999,23.190001,23.530001,13.446745,2508600
2011-12-08,23.260000,23.280001,22.700001,22.760000,13.006711,3531100
2011-12-09,22.780001,23.180000,22.700001,23.150000,13.229584,2168100
2011-12-12,22.580000,22.629999,22.299999,22.440001,12.823841,2468600
2011-12-13,22.600000,22.830000,22.049999,22.170000,12.669542,3115000
2011-12-14,22.000000,22.100000,21.740000,21.870001,12.498096,3547200
2011-12-15,22.150000,22.150000,21.840000,21.889999,12.509531,11313700
2011-12-16,22.049999,22.180000,21.780001,21.889999,12.509531,7286000
2011-12-19,21.750000,21.790001,21.309999,21.360001,12.206651,3479700
2011-12-20,21.240000,21.480000,21.209999,21.459999,12.649925,3213200
2011-12-21,21.490000,21.510000,21.250000,21.469999,12.655821,2839700
2011-12-22,21.540001,21.750000,21.490000,21.670000,12.773713,1853500
2011-12-23,21.719999,21.820000,21.660000,21.790001,12.844450,1324300
2011-12-27,21.740000,21.860001,21.690001,21.750000,12.820873,1930700
2011-12-28,21.580000,21.580000,21.090000,21.110001,12.443611,2277100
2011-12-29,21.180000,21.480000,21.129999,21.450001,12.644033,2127200
2011-12-30,21.370001,21.549999,21.309999,21.440001,12.638138,1498900
2012-01-03,21.959999,22.190001,21.950001,22.080000,13.015394,2787500
2012-01-04,22.209999,22.379999,22.070000,22.340000,13.168655,2432800
2012-01-05,21.990000,22.100000,21.809999,22.049999,12.997710,1865800
2012-01-06,21.879999,21.879999,21.590000,21.760000,12.826765,3673200
2012-01-09,21.780001,21.830000,21.590000,21.830000,12.868028,1627700
2012-01-10,22.280001,22.350000,22.180000,22.250000,13.115605,1645300
2012-01-11,22.240000,22.420000,22.170000,22.379999,13.192234,1164400
2012-01-12,22.490000,22.520000,22.209999,22.480000,13.251180,2735200
2012-01-13,22.180000,22.320000,21.930000,22.299999,13.145077,4374200
2012-01-17,22.590000,22.670000,22.430000,22.480000,13.251180,2381800
2012-01-18,22.570000,22.889999,22.510000,22.879999,13.486967,2133500
2012-01-19,22.820000,22.889999,22.730000,22.840000,13.463392,2679100
2012-01-20,22.840000,22.950001,22.790001,22.940001,13.522331,2817000
2012-01-23,23.010000,23.170000,22.900000,23.020000,13.569493,2865800
2012-01-24,22.709999,22.910000,22.639999,22.840000,13.463392,4090700
2012-01-25,22.930000,23.500000,22.820000,23.430000,13.811174,4276300
2012-01-26,23.719999,23.799999,23.379999,23.500000,13.852436,3090900
2012-01-27,23.440001,23.650000,23.389999,23.600000,13.911383,2510400
2012-01-30,23.200001,23.440001,23.090000,23.370001,13.775805,2136100
2012-01-31,23.600000,23.620001,23.260000,23.420000,13.805282,2357800
2012-02-01,23.600000,23.820000,23.600000,23.660000,13.946750,3266700
2012-02-02,23.690001,23.799999,23.559999,23.670000,13.952643,2592900
2012-02-03,23.870001,24.059999,23.799999,24.020000,14.158957,5972100
2012-02-06,23.770000,23.879999,23.709999,23.870001,14.070539,4365600
2012-02-07,23.840000,23.959999,23.730000,23.860001,14.064643,3427000
2012-02-08,23.969999,24.059999,23.770000,23.900000,14.088223,1714400
2012-02-09,24.000000,24.010000,23.799999,23.879999,14.076434,1731900
2012-02-10,23.320000,23.360001,23.209999,23.270000,13.716865,2534100
2012-02-13,23.690001,23.750000,23.580000,23.650000,13.940856,3310500
2012-02-14,23.450001,23.500000,23.139999,23.330000,13.752226,4796200
2012-02-15,23.469999,23.510000,23.209999,23.260000,13.710966,2544100
2012-02-16,23.110001,23.420000,23.040001,23.370001,13.775805,3130500
2012-02-17,23.330000,23.340000,23.090000,23.190001,13.669703,3334400
2012-02-21,23.580000,23.670000,23.469999,23.520000,13.864225,3876000
2012-02-22,23.480000,23.590000,23.430000,23.480000,13.840645,3041700
2012-02-23,23.610001,23.740000,23.510000,23.719999,13.982119,2838900
2012-02-24,23.809999,23.950001,23.730000,23.760000,14.005696,3524600
2012-02-27,23.570000,23.930000,23.480000,23.799999,14.029276,2794900
2012-02-28,23.760000,23.860001,23.680000,23.809999,14.035171,2764500
2012-02-29,24.100000,24.180000,23.670000,23.750000,13.999803,7614500
2012-03-01,23.860001,24.000000,23.809999,23.900000,14.088223,4322000
2012-03-02,23.780001,23.799999,23.650000,23.719999,13.982119,2770900
2012-03-05,23.629999,23.639999,23.420000,23.510000,13.858330,1657600
2012-03-06,22.860001,22.879999,22.610001,22.740000,13.404441,3297700
2012-03-07,22.690001,22.910000,22.650000,22.870001,13.481071,2551300
2012-03-08,23.100000,23.270000,22.990000,23.200001,13.675595,2345100
2012-03-09,23.180000,23.330000,23.110001,23.150000,13.646124,1859300
2012-03-12,22.940001,22.990000,22.830000,22.959999,13.534124,1876800
2012-03-13,23.170000,23.480000,23.120001,23.450001,13.822967,2709400
2012-03-14,23.309999,23.340000,23.059999,23.180000,13.663808,2260200
2012-03-15,23.320000,23.500000,23.240000,23.480000,13.840645,2069400
2012-03-16,23.620001,23.670000,23.570000,23.620001,13.923172,11836600
2012-03-19,23.549999,23.830000,23.510000,23.730000,13.988015,2096000
2012-03-20,23.190001,23.260000,23.080000,23.219999,13.687384,1694300
2012-03-21,23.100000,23.150000,22.980000,23.110001,13.622545,2313000
2012-03-22,22.830000,22.930000,22.740000,22.879999,13.486967,2756800
2012-03-23,23.000000,23.240000,22.879999,23.200001,13.675595,2505100
2012-03-26,23.440001,23.580000,23.430000,23.559999,13.887803,1713600
2012-03-27,23.520000,23.549999,23.350000,23.350000,13.764015,1489000
2012-03-28,23.420000,23.469999,23.170000,23.379999,13.781699,2480600
2012-03-29,23.200001,23.430000,23.049999,23.389999,13.787596,4290300
2012-03-30,23.520000,23.549999,23.360001,23.510000,13.858330,2442700
2012-04-02,23.400000,23.740000,23.340000,23.629999,13.929064,1962000
2012-04-03,23.450001,23.459999,23.100000,23.260000,13.710966,3390000
2012-04-04,23.030001,23.100000,22.889999,22.980000,13.545913,3739000
2012-04-05,23.010000,23.200001,23.010000,23.120001,13.628441,2165600
2012-04-09,22.900000,23.070000,22.850000,22.930000,13.516442,946600
2012-04-10,22.950001,22.990000,22.549999,22.610001,13.327812,2414600
2012-04-11,22.920000,23.000000,22.809999,22.840000,13.463392,2209600
2012-04-12,23.150000,23.469999,23.150000,23.450001,13.822967,2173800
2012-04-13,23.430000,23.440001,23.129999,23.150000,13.646124,1684500
2012-04-16,23.340000,23.379999,23.110001,23.240000,13.699176,2264700
2012-04-17,23.400000,23.600000,23.309999,23.490000,13.846541,2130700
2012-04-18,23.469999,23.600000,23.430000,23.459999,13.828857,1395800
2012-04-19,23.549999,23.650000,23.320000,23.490000,13.846541,3553000
2012-04-20,23.629999,23.730000,23.580000,23.610001,13.917278,1169000
2012-04-23,23.190001,23.299999,23.080000,23.250000,13.705071,1598800
2012-04-24,23.400000,23.540001,23.360001,23.440001,13.817068,1259300
2012-04-25,23.670000,23.790001,23.620001,23.780001,14.017483,1445600
2012-04-26,23.629999,23.889999,23.610001,23.820000,14.041064,1781000
2012-04-27,23.920000,24.030001,23.799999,23.950001,14.117692,1532300
2012-04-30,23.840000,23.860001,23.750000,23.840000,14.052855,1777600
2012-05-01,23.760000,24.059999,23.760000,23.959999,14.123586,2229800
2012-05-02,23.750000,23.920000,23.660000,23.900000,14.088223,1863700
2012-05-03,23.809999,23.820000,23.600000,23.690001,13.964432,1461100
2012-05-04,23.309999,23.360001,23.070000,23.100000,13.616649,2803300
2012-05-07,23.010000,23.160000,22.950001,23.090000,13.610757,1555900
2012-05-08,22.660000,22.700001,22.389999,22.620001,13.333705,3264300
2012-05-09,22.320000,22.600000,22.190001,22.440001,13.227603,3814600
2012-05-10,22.920000,22.959999,22.680000,22.719999,13.392650,6595900
2012-05-11,22.480000,22.750000,22.459999,22.510000,13.268865,2190200
2012-05-14,22.309999,22.469999,22.240000,22.290001,13.139183,2569300
2012-05-15,22.230000,22.340000,22.010000,22.070000,13.009500,3271400
2012-05-16,21.850000,21.980000,21.580000,21.580000,12.720665,3308200
2012-05-17,21.520000,21.549999,21.180000,21.180000,12.484877,3280200
2012-05-18,21.180000,21.200001,20.809999,20.850000,12.290351,3062000
2012-05-21,20.930000,21.400000,20.920000,21.370001,12.596875,4338300
2012-05-22,21.410000,21.520000,21.070000,21.230000,12.514348,2018400
2012-05-23,20.840000,20.969999,20.530001,20.959999,12.355190,2957600
2012-05-24,20.940001,20.969999,20.639999,20.850000,12.290351,2555100
2012-05-25,20.650000,20.760000,20.559999,20.580000,12.131196,2108800
2012-05-29,21.170000,21.280001,20.980000,21.209999,12.502562,2138200
2012-05-30,20.790001,20.799999,20.610001,20.650000,12.172461,2428100
2012-05-31,20.809999,20.889999,20.500000,20.760000,12.237304,2518100
2012-06-01,20.500000,20.629999,20.350000,20.370001,12.007411,2894400
2012-06-04,20.570000,20.639999,20.360001,20.570000,12.125305,2220300
2012-06-05,20.590000,20.799999,20.580000,20.790001,12.254983,2643200
2012-06-06,21.120001,21.510000,21.120001,21.510000,12.679399,4765400
2012-06-07,21.850000,21.870001,21.450001,21.520000,12.685294,2295700
2012-06-08,21.070000,21.500000,21.030001,21.490000,12.667612,1271700
2012-06-11,21.610001,21.629999,21.120001,21.139999,12.461297,1692900
2012-06-12,21.370001,21.500000,21.200001,21.490000,12.667612,1959900
2012-06-13,21.290001,21.480000,21.190001,21.260000,12.532037,1439700
2012-06-14,21.200001,21.430000,21.100000,21.370001,12.596875,1611100
2012-06-15,21.440001,21.680000,21.410000,21.670000,12.773713,1479900
2012-06-18,21.740000,22.020000,21.690001,21.940001,12.932871,1623300
2012-06-19,22.290001,22.430000,22.250000,22.320000,13.156868,3483800
2012-06-20,22.299999,22.459999,22.059999,22.190001,13.080236,3450500
2012-06-21,21.610001,21.629999,20.940001,20.969999,12.620436,2001700
2012-06-22,21.080000,21.170000,20.950001,21.110001,12.704690,1298100
2012-06-25,20.770000,20.780001,20.600000,20.719999,12.469980,1700600
2012-06-26,20.930000,21.110001,20.760000,21.000000,12.638489,1592100
2012-06-27,21.180000,21.299999,21.120001,21.270000,12.800982,1053300
2012-06-28,20.959999,21.110001,20.809999,21.049999,12.668580,1622400
2012-06-29,21.809999,21.879999,21.740000,21.850000,13.150050,1491700
2012-07-02,21.990000,22.040001,21.860001,22.030001,13.258380,945000
2012-07-03,21.950001,22.180000,21.940001,22.180000,13.348653,1204400
2012-07-05,22.129999,22.230000,22.030001,22.139999,13.324580,1162600
2012-07-06,21.879999,21.950001,21.730000,21.889999,13.174121,1005200
2012-07-09,21.770000,21.840000,21.670000,21.840000,13.144032,911900
2012-07-10,21.879999,21.900000,21.459999,21.540001,12.963483,2323000
2012-07-11,21.740000,21.840000,21.570000,21.750000,13.089867,1182800
2012-07-12,21.360001,21.510000,21.230000,21.430000,12.897279,1466200
2012-07-13,21.510000,21.840000,21.510000,21.809999,13.125975,780400
2012-07-16,21.830000,21.889999,21.700001,21.850000,13.150050,952900
2012-07-17,22.059999,22.209999,21.809999,22.170000,13.342635,1326900
2012-07-18,22.059999,22.389999,22.059999,22.309999,13.426889,1745800
2012-07-19,22.670000,22.770000,22.570000,22.690001,13.655586,1968700
2012-07-20,22.580000,22.600000,22.400000,22.420000,13.493091,2969300
2012-07-23,21.850000,22.040001,21.760000,22.000000,13.240324,2276800
2012-07-24,22.100000,22.120001,21.680000,21.870001,13.162085,1415700
2012-07-25,22.150000,22.260000,21.950001,22.139999,13.324580,3683800
2012-07-26,22.570000,22.670000,22.490000,22.559999,13.577353,1725200
2012-07-27,22.860001,23.230000,22.830000,23.170000,13.944468,2865000
2012-07-30,23.180000,23.290001,23.139999,23.190001,13.956507,1159000
2012-07-31,23.270000,23.330000,23.139999,23.180000,13.950487,3700200
2012-08-01,23.350000,23.370001,23.100000,23.120001,13.914378,2522600
2012-08-02,23.030001,23.280001,22.879999,23.070000,13.884285,3052300
2012-08-03,23.400000,23.600000,23.370001,23.520000,14.155109,1831800
2012-08-06,23.490000,23.639999,23.459999,23.520000,14.155109,1536200
2012-08-07,23.690001,23.770000,23.620001,23.620001,14.215293,2532600
2012-08-08,23.690001,23.870001,23.670000,23.780001,14.311583,1061900
2012-08-09,23.719999,23.840000,23.690001,23.770000,14.305563,1380200
2012-08-10,23.520000,23.760000,23.480000,23.760000,14.299549,1325500
2012-08-13,23.549999,23.620001,23.420000,23.510000,14.149091,2177100
2012-08-14,23.490000,23.549999,23.389999,23.469999,14.125019,2650500
2012-08-15,23.360001,23.450001,23.340000,23.410000,14.088909,3172000
2012-08-16,23.570000,23.799999,23.510000,23.740000,14.287515,2262500
2012-08-17,23.709999,23.740000,23.620001,23.670000,14.245383,1608400
2012-08-20,23.790001,23.850000,23.719999,23.840000,14.347696,844500
2012-08-21,24.139999,24.240000,23.980000,24.049999,14.474081,4894400
2012-08-22,23.850000,24.120001,23.809999,24.090000,14.498154,1468100
2012-08-23,23.930000,23.950001,23.730000,23.790001,14.317602,2341000
2012-08-24,23.620001,23.820000,23.559999,23.760000,14.299549,1351900
2012-08-27,23.660000,23.719999,23.570000,23.600000,14.203257,1380100
2012-08-28,23.629999,23.750000,23.590000,23.680000,14.251400,1286600
2012-08-29,23.709999,23.740000,23.590000,23.620001,14.215293,1068900
2012-08-30,23.430000,23.430000,23.129999,23.180000,13.950487,2404700
2012-08-31,23.450001,23.600000,23.240000,23.469999,14.125019,2780800
2012-09-04,23.160000,23.209999,22.969999,23.049999,13.872245,7548500
2012-09-05,22.990000,23.059999,22.879999,22.990000,13.836140,2768800
2012-09-06,23.219999,23.600000,23.209999,23.549999,14.173165,5736100
2012-09-07,23.610001,23.760000,23.610001,23.730000,14.281497,2071100
2012-09-10,23.559999,23.650000,23.430000,23.450001,14.112986,1790000
2012-09-11,23.700001,23.870001,23.690001,23.809999,14.329641,2546100
2012-09-12,23.969999,23.990000,23.840000,23.900000,14.383806,1664500
2012-09-13,23.840000,24.450001,23.770000,24.330000,14.642592,3272900
2012-09-14,24.440001,24.709999,24.410000,24.490000,14.738885,1930400
2012-09-17,24.379999,24.420000,24.139999,24.209999,14.570375,1643200
2012-09-18,24.110001,24.170000,24.020000,24.160000,14.540281,1901000
2012-09-19,24.219999,24.389999,24.170000,24.330000,14.642592,1428100
2012-09-20,23.969999,24.180000,23.879999,24.170000,14.546302,4116800
2012-09-21,24.309999,24.330000,24.160000,24.160000,14.540281,1273700
2012-09-24,23.969999,24.080000,23.910000,24.030001,14.462045,3496900
2012-09-25,24.070000,24.120001,23.660000,23.700001,14.263436,4376900
2012-09-26,23.639999,23.709999,23.530001,23.620001,14.215293,1452700
2012-09-27,23.930000,24.150000,23.830000,24.059999,14.480101,1398400
2012-09-28,23.900000,23.910000,23.730000,23.790001,14.317602,3303800
2012-10-01,24.030001,24.260000,23.969999,24.020000,14.456025,2305500
2012-10-02,24.150000,24.180000,23.910000,23.990000,14.437972,3128800
2012-10-03,23.930000,23.980000,23.780001,23.809999,14.329641,4976500
2012-10-04,23.940001,24.150000,23.879999,24.030001,14.462045,3949300
2012-10-05,24.299999,24.340000,23.910000,24.010000,14.450007,2811900
2012-10-08,23.980000,24.059999,23.920000,24.010000,14.450007,1226000
2012-10-09,24.139999,24.190001,23.920000,23.969999,14.425932,3796500
2012-10-10,24.129999,24.170000,23.930000,24.010000,14.450007,2397800
2012-10-11,24.320000,24.350000,24.150000,24.150000,14.534266,2934000
2012-10-12,24.150000,24.240000,24.020000,24.070000,14.486118,2622200
2012-10-15,24.209999,24.379999,24.090000,24.309999,14.630559,3939000
2012-10-16,24.370001,24.490000,24.340000,24.469999,14.726852,1951800
2012-10-17,24.719999,24.940001,24.660000,24.889999,14.979623,6167900
2012-10-18,24.850000,25.049999,24.740000,24.820000,14.937492,2781000
2012-10-19,24.830000,24.850000,24.520000,24.559999,14.781014,2256700
2012-10-22,24.590000,24.709999,24.430000,24.610001,14.811109,2481200
2012-10-23,24.330000,24.330000,24.120001,24.260000,14.600468,3108100
2012-10-24,24.469999,24.520000,24.370001,24.420000,14.696759,2217200
2012-10-25,24.690001,24.750000,24.450001,24.600000,14.805092,1177100
2012-10-26,24.450001,24.559999,24.370001,24.490000,14.738885,1402400
2012-10-31,24.570000,24.639999,24.480000,24.580000,14.793050,1908500
2012-11-01,24.379999,24.580000,24.370001,24.580000,14.793050,3061400
2012-11-02,24.540001,24.549999,24.150000,24.200001,14.564357,2097100
2012-11-05,24.340000,24.400000,24.250000,24.360001,14.660650,3226500
2012-11-06,24.620001,24.760000,24.610001,24.719999,14.877308,5300900
2012-11-07,24.620001,24.639999,24.370001,24.500000,14.744905,3271100
2012-11-08,24.570000,24.690001,24.400000,24.400000,14.684722,3497700
2012-11-09,24.410000,24.650000,24.389999,24.500000,14.744905,2959600
2012-11-12,24.580000,24.620001,24.500000,24.530001,14.762964,1423300
2012-11-13,24.150000,24.379999,24.120001,24.240000,14.588428,4079800
2012-11-14,24.180000,24.230000,23.809999,23.860001,14.359733,4339000
2012-11-15,23.770000,23.820000,23.629999,23.780001,14.311583,3497200
2012-11-16,23.700001,23.840000,23.459999,23.790001,14.317602,2162900
2012-11-19,24.030001,24.219999,24.020000,24.209999,14.570375,2767600
2012-11-20,24.100000,24.160000,23.950001,24.100000,14.504171,1828400
2012-11-21,24.059999,24.120001,23.980000,24.090000,14.498154,1568100
2012-11-23,24.299999,24.559999,24.299999,24.559999,14.781014,853700
2012-11-26,24.430000,24.500000,24.340000,24.490000,14.738885,1388300
2012-11-27,24.610001,24.700001,24.520000,24.540001,14.768980,1737100
2012-11-28,24.500000,24.760000,24.420000,24.730000,14.883328,3822700
2012-11-29,24.889999,24.969999,24.809999,24.879999,14.973605,2324000
2012-11-30,24.950001,25.030001,24.910000,24.969999,15.027765,1771700
2012-12-03,25.150000,25.170000,24.969999,24.990000,15.039806,2919800
2012-12-04,25.049999,25.120001,25.010000,25.040001,15.069896,3670800
2012-12-05,25.100000,25.219999,24.959999,25.070000,15.087951,3348000
2012-12-06,25.139999,25.260000,25.110001,25.180000,15.154154,2239900
2012-12-07,25.350000,25.410000,25.309999,25.400000,15.286557,1771700
2012-12-10,25.420000,25.490000,25.410000,25.459999,15.322663,1400200
2012-12-11,25.559999,25.709999,25.559999,25.620001,15.418958,2160900
2012-12-12,25.730000,25.870001,25.680000,25.700001,15.467104,1603800
2012-12-13,25.620001,25.709999,25.469999,25.570000,15.388865,2032900
2012-12-14,25.530001,25.680000,25.520000,25.600000,15.406922,1632100
2012-12-17,25.540001,25.730000,25.510000,25.709999,15.473125,2092100
2012-12-18,24.830000,24.969999,24.760000,24.900000,15.526123,3909400
2012-12-19,24.900000,24.959999,24.799999,24.830000,15.482475,2066600
2012-12-20,24.889999,24.959999,24.820000,24.950001,15.557301,1722300
2012-12-21,24.740000,24.850000,24.690001,24.750000,15.432593,2546300
2012-12-24,24.709999,24.730000,24.620001,24.650000,15.370236,544500
2012-12-26,24.600000,24.770000,24.530001,24.610001,15.345303,1175900
2012-12-27,24.850000,24.860001,24.629999,24.780001,15.451306,3889700
2012-12-28,24.770000,24.889999,24.670000,24.690001,15.395185,2644000
2012-12-31,24.670000,25.160000,24.670000,25.139999,15.675777,3194000
2013-01-02,25.420000,25.500000,25.309999,25.490000,15.894009,3725200
2013-01-03,25.500000,25.549999,25.340000,25.370001,15.819185,2103900
2013-01-04,25.360001,25.520000,25.290001,25.480000,15.887774,1239800
2013-01-07,25.340000,25.420000,25.280001,25.400000,15.837893,1548300
2013-01-08,25.230000,25.270000,25.139999,25.230000,15.731894,1067700
2013-01-09,25.379999,25.480000,25.330000,25.389999,15.831657,1814400
2013-01-10,25.610001,25.700001,25.520000,25.680000,16.012484,1539000
2013-01-11,25.510000,25.520000,25.420000,25.459999,15.875305,2267200
2013-01-14,25.459999,25.549999,25.400000,25.530001,15.918955,1621100
2013-01-15,25.420000,25.530001,25.379999,25.510000,15.906486,2309600
2013-01-16,25.570000,25.709999,25.540001,25.690001,16.018721,2670800
2013-01-17,25.799999,25.920000,25.770000,25.820000,16.099779,2504500
2013-01-18,25.719999,25.809999,25.650000,25.770000,16.068604,1590900
2013-01-22,25.780001,25.910000,25.750000,25.889999,16.143429,1957600
2013-01-23,25.910000,25.950001,25.850000,25.920000,16.162136,2055500
2013-01-24,25.879999,26.000000,25.830000,25.900000,16.149668,1069300
2013-01-25,26.030001,26.049999,25.920000,25.990000,16.205782,1080700
2013-01-28,25.940001,25.980000,25.860001,25.940001,16.174606,1296500
2013-01-29,26.150000,26.250000,26.110001,26.209999,16.342960,1713100
2013-01-30,26.190001,26.280001,26.100000,26.110001,16.280607,2546900
2013-01-31,26.090000,26.200001,26.059999,26.120001,16.286842,1142800
2013-02-01,26.299999,26.389999,26.250000,26.320000,16.411547,2426300
2013-02-04,26.110001,26.160000,26.010000,26.049999,16.243195,1606400
2013-02-05,26.059999,26.200001,26.040001,26.129999,16.293077,1480000
2013-02-06,25.990000,26.139999,25.959999,26.120001,16.286842,1283900
2013-02-07,26.170000,26.219999,25.910000,25.980000,16.199547,2710700
2013-02-08,26.260000,26.350000,26.250000,26.299999,16.399076,1202200
2013-02-11,26.219999,26.280001,26.170000,26.209999,16.342960,931700
2013-02-12,26.209999,26.350000,26.190001,26.240000,16.361671,1979500
2013-02-13,26.520000,26.620001,26.480000,26.540001,16.548731,1497600
2013-02-14,26.660000,26.760000,26.650000,26.760000,16.685909,1289300
2013-02-15,26.830000,26.840000,26.650000,26.740000,16.673441,1427400
2013-02-19,27.120001,27.270000,27.120001,27.270000,17.003916,2671500
2013-02-20,27.190001,27.200001,26.840000,26.850000,16.742025,1803200
2013-02-21,26.490000,26.559999,26.309999,26.379999,16.448961,2233000
2013-02-22,26.719999,26.889999,26.620001,26.889999,16.766966,3663500
2013-02-25,27.040001,27.070000,26.570000,26.600000,16.586143,2122200
2013-02-26,26.549999,26.650000,26.379999,26.600000,16.586143,3500700
2013-02-27,26.570000,26.959999,26.530001,26.910000,16.779438,1860600
2013-02-28,26.980000,27.110001,26.879999,26.879999,16.760733,1657500
2013-03-01,26.850000,26.990000,26.780001,26.940001,16.798145,2095800
2013-03-04,26.620001,26.809999,26.600000,26.790001,16.704611,2646200
2013-03-05,27.110001,27.260000,27.090000,27.219999,16.972736,1714100
2013-03-06,27.459999,27.480000,27.250000,27.360001,17.060030,1619400
2013-03-07,27.389999,27.500000,27.379999,27.450001,17.116146,1558900
2013-03-08,27.459999,27.459999,27.320000,27.430000,17.103676,2075800
2013-03-11,27.440001,27.610001,27.400000,27.590000,17.203445,727000
2013-03-12,27.580000,27.629999,27.480000,27.570000,17.190973,1445800
2013-03-13,27.440001,27.440001,27.290001,27.360001,17.060030,774000
2013-03-14,27.260000,27.340000,27.230000,27.260000,16.997675,1522200
2013-03-15,27.559999,27.690001,27.510000,27.690001,17.265800,1475800
2013-03-18,27.250000,27.450001,27.209999,27.309999,17.028854,1937300
2013-03-19,26.950001,26.959999,26.650000,26.820000,16.723318,2986600
2013-03-20,26.860001,26.950001,26.860001,26.900000,16.773205,1290000
2013-03-21,26.740000,26.870001,26.680000,26.760000,16.685909,11754500
2013-03-22,26.920000,27.120001,26.920000,27.090000,16.891672,1116500
2013-03-25,27.120001,27.180000,26.820000,26.959999,16.810617,2396700
2013-03-26,26.990000,27.080000,26.920000,27.070000,16.879208,1633200
2013-03-27,26.940001,27.110001,26.889999,27.100000,16.897911,1106400
2013-03-28,26.990000,27.110001,26.950001,27.040001,16.860500,2185000
2013-04-01,26.990000,27.080000,26.889999,26.930000,16.791910,1652000
2013-04-02,27.120001,27.209999,27.049999,27.080000,16.885441,1799900
2013-04-03,27.059999,27.100000,26.690001,26.730000,16.667198,2075900
2013-04-04,26.639999,26.770000,26.520000,26.740000,16.673441,1444500
2013-04-05,26.260000,26.440001,26.150000,26.420000,16.473906,2066500
2013-04-08,26.559999,26.639999,26.430000,26.639999,16.611082,1959200
2013-04-09,27.030001,27.240000,26.930000,27.120001,16.910385,2791800
2013-04-10,27.260000,27.450001,27.260000,27.370001,17.066267,988000
2013-04-11,27.570000,27.700001,27.500000,27.559999,17.184736,1272500
2013-04-12,27.400000,27.450001,27.200001,27.360001,17.060030,1544400
2013-04-15,26.820000,26.850000,26.309999,26.330000,16.417784,2674700
2013-04-16,26.820000,27.020000,26.709999,26.959999,16.810617,2873300
2013-04-17,26.830000,26.850000,26.530001,26.680000,16.636023,2023200
2013-04-18,26.620001,26.639999,26.320000,26.450001,16.492609,1539100
2013-04-19,26.469999,26.549999,26.389999,26.469999,16.505083,2077200
2013-04-22,26.540001,26.670000,26.370001,26.650000,16.617317,834600
2013-04-23,26.940001,27.120001,26.860001,27.090000,16.891672,1733900
2013-04-24,27.420000,27.570000,27.360001,27.480000,17.134855,1519400
2013-04-25,27.590000,27.730000,27.510000,27.559999,17.184736,1595500
2013-04-26,27.420000,27.480000,27.340000,27.440001,17.109911,1685800
2013-04-29,27.700001,27.920000,27.700001,27.860001,17.371799,1604800
2013-04-30,27.990000,28.150000,27.889999,28.100000,17.521452,2576400
2013-05-01,27.809999,27.840000,27.590000,27.620001,17.222151,1123200
2013-05-02,27.549999,27.700001,27.500000,27.629999,17.228386,1471200
2013-05-03,27.809999,28.000000,27.809999,27.980000,17.446625,1226600
2013-05-06,27.629999,27.760000,27.610001,27.740000,17.296976,772600
2013-05-07,27.400000,27.480000,27.320000,27.459999,17.122385,2083400
2013-05-08,27.610001,27.730000,27.590000,27.690001,17.265800,1497200
2013-05-09,27.690001,27.690001,27.190001,27.340000,17.047558,1759700
2013-05-10,27.170000,27.250000,27.059999,27.230000,16.978971,1848200
2013-05-13,27.200001,27.219999,27.090000,27.150000,16.929085,1333600
2013-05-14,27.059999,27.230000,27.059999,27.180000,16.947794,2214200
2013-05-15,26.910000,26.980000,26.830000,26.940001,16.798145,1573400
2013-05-16,26.709999,26.870001,26.540001,26.590000,16.579905,2905700
2013-05-17,26.420000,26.549999,26.389999,26.530001,16.542494,4996300
2013-05-20,26.660000,26.889999,26.650000,26.870001,16.754496,2097400
2013-05-21,26.480000,26.760000,26.400000,26.590000,16.579905,2043700
2013-05-22,26.400000,26.719999,25.980000,26.070000,16.255665,4884000
2013-05-23,25.740000,26.030001,25.650000,25.920000,16.162136,3319900
2013-05-24,25.010000,25.059999,24.910000,25.049999,15.619659,2292200
2013-05-28,25.240000,25.320000,25.010000,25.070000,15.632126,2542700
2013-05-29,24.980000,25.070000,24.850000,24.969999,15.569768,1598700
2013-05-30,24.969999,25.180000,24.950001,25.059999,15.625890,1012800
2013-05-31,24.639999,24.730000,24.410000,24.410000,15.220592,2946400
2013-06-03,24.650000,24.969999,24.570000,24.950001,15.557301,3770300
2013-06-04,24.770000,24.820000,24.500000,24.650000,15.370236,1984100
2013-06-05,24.129999,24.180000,23.820000,23.840000,14.865173,2320000
2013-06-06,23.639999,24.040001,23.590000,24.030001,14.983647,4175500
2013-06-07,23.650000,23.950001,23.590000,23.879999,14.890116,2730400
2013-06-10,23.690001,23.780001,23.610001,23.650000,14.746700,3580100
2013-06-11,23.129999,23.410000,23.070000,23.280001,14.515991,2188500
2013-06-12,23.610001,23.639999,23.260000,23.270000,14.509761,2831000
2013-06-13,23.660000,24.070000,23.580000,24.000000,14.964939,3160700
2013-06-14,24.090000,24.230000,23.889999,23.940001,14.927526,2461000
2013-06-17,24.340000,24.440001,24.160000,24.320000,15.164475,1951700
2013-06-18,24.049999,24.299999,24.040001,24.180000,15.077178,1254100
2013-06-19,24.250000,24.350000,23.549999,23.570000,14.696819,3927400
2013-06-20,22.889999,22.889999,22.450001,22.510000,14.035867,4031900
2013-06-21,22.840000,22.879999,22.510000,22.719999,14.166807,2721400
2013-06-24,22.559999,22.799999,22.340000,22.600000,14.091985,3384700
2013-06-25,22.920000,23.080000,22.719999,23.010000,14.347634,2791300
2013-06-26,23.370001,23.480000,23.200001,23.280001,14.515991,1354500
2013-06-27,23.090000,23.240000,23.049999,23.059999,14.721560,1781700
2013-06-28,22.719999,22.740000,22.500000,22.580000,14.415123,2652800
2013-07-01,22.430000,22.600000,22.379999,22.459999,14.338514,1684100
2013-07-02,22.520000,22.730000,22.469999,22.559999,14.402357,1988100
2013-07-03,22.020000,22.280001,22.020000,22.200001,14.172532,952000
2013-07-05,22.530001,22.580000,22.190001,22.379999,14.287443,1964200
2013-07-08,22.540001,22.670000,22.530001,22.610001,14.434278,1582200
2013-07-09,23.000000,23.110001,22.799999,23.080000,14.734326,1965100
2013-07-10,23.150000,23.270000,22.809999,22.879999,14.606647,2931200
2013-07-11,23.430000,23.549999,23.320000,23.500000,15.002452,2846800
2013-07-12,23.160000,23.240000,23.110001,23.190001,14.804547,1483900
2013-07-15,23.230000,23.360001,23.230000,23.330000,14.893924,1291300
2013-07-16,23.549999,23.650000,23.480000,23.650000,15.098214,993200
2013-07-17,23.830000,23.870001,23.580000,23.680000,15.117363,3439900
2013-07-18,23.540001,23.650000,23.490000,23.600000,15.066295,2252700
2013-07-19,23.549999,23.590000,23.510000,23.549999,15.034373,857000
2013-07-22,23.660000,23.799999,23.639999,23.730000,15.149288,956700
2013-07-23,23.799999,23.900000,23.680000,23.820000,15.206746,1992800
2013-07-24,23.900000,23.920000,23.549999,23.650000,15.098214,1600400
2013-07-25,23.690001,23.910000,23.580000,23.870001,15.238663,1203200
2013-07-26,23.900000,24.059999,23.770000,24.049999,15.353577,1422400
2013-07-29,23.840000,23.950001,23.809999,23.860001,15.232281,1323400
2013-07-30,23.620001,23.620001,23.420000,23.510000,15.008837,1533400
2013-07-31,23.299999,23.440001,23.180000,23.260000,14.849238,2148500
2013-08-01,23.260000,23.360001,23.200001,23.270000,14.855623,4731200
2013-08-02,23.290001,23.490000,23.250000,23.410000,14.945003,1065000
2013-08-05,23.290001,23.370001,23.260000,23.350000,14.906693,1364400
2013-08-06,23.420000,23.459999,23.290001,23.420000,14.951381,1634300
2013-08-07,22.950001,23.090000,22.920000,23.020000,14.696022,2048700
2013-08-08,23.480000,23.770000,23.480000,23.680000,15.117363,1526800
2013-08-09,23.670000,23.910000,23.670000,23.830000,15.213128,1117400
2013-08-12,23.900000,24.080000,23.900000,23.980000,15.308887,1876100
2013-08-13,24.110001,24.230000,23.980000,24.170000,15.430183,1708500
2013-08-14,24.190001,24.280001,24.129999,24.170000,15.430183,2322900
2013-08-15,23.950001,24.059999,23.750000,24.010000,15.328038,2300300
2013-08-16,24.139999,24.180000,24.010000,24.080000,15.372725,1458200
2013-08-19,24.070000,24.120001,23.860001,23.870001,15.238663,1729100
2013-08-20,23.690001,23.840000,23.670000,23.740000,15.155673,4110000
2013-08-21,23.610001,23.760000,23.379999,23.459999,14.976916,3058200
2013-08-22,23.570000,23.730000,23.570000,23.629999,15.085443,1636900
2013-08-23,23.790001,23.969999,23.760000,23.930000,15.276970,1466800
2013-08-26,23.930000,23.990000,23.760000,23.780001,15.181207,966000
2013-08-27,23.600000,23.719999,23.480000,23.540001,15.027989,1735000
2013-08-28,23.340000,23.559999,23.299999,23.459999,14.976916,991900
2013-08-29,23.459999,23.540001,23.420000,23.420000,14.951381,991200
2013-08-30,23.660000,23.660000,23.450001,23.480000,14.989685,1098600
2013-09-03,24.360001,24.370001,24.139999,24.170000,15.430183,2454400
2013-09-04,24.320000,24.600000,24.290001,24.510000,15.647241,1994400
2013-09-05,24.350000,24.440001,24.330000,24.370001,15.557861,1030400
2013-09-06,24.549999,24.620001,24.400000,24.520000,15.653625,1764200
2013-09-09,24.719999,24.910000,24.700001,24.889999,15.889835,2078800
2013-09-10,25.209999,25.320000,25.160000,25.290001,16.145191,2156100
2013-09-11,25.209999,25.410000,25.180000,25.370001,16.196272,1172300
2013-09-12,25.150000,25.240000,25.090000,25.120001,16.036665,1516600
2013-09-13,25.070000,25.150000,25.059999,25.110001,16.030281,1054400
2013-09-16,25.540001,25.540001,25.280001,25.299999,16.151575,1355600
2013-09-17,25.480000,25.559999,25.480000,25.540001,16.304792,1067700
2013-09-18,25.430000,26.230000,25.430000,26.209999,16.732525,2491500
2013-09-19,26.200001,26.200001,25.889999,25.900000,16.534618,2056000
2013-09-20,25.799999,25.809999,25.590000,25.600000,16.343100,1418100
2013-09-23,25.709999,25.730000,25.600000,25.680000,16.394169,999200
2013-09-24,25.580000,25.680000,25.459999,25.540001,16.304792,1068400
2013-09-25,25.600000,25.719999,25.549999,25.600000,16.343100,1164800
2013-09-26,25.730000,25.910000,25.719999,25.799999,16.470779,815400
2013-09-27,25.559999,25.639999,25.520000,25.620001,16.355869,706600
2013-09-30,25.280001,25.389999,25.190001,25.270000,16.132427,1793100
2013-10-01,25.309999,25.500000,25.270000,25.480000,16.266487,1643900
2013-10-02,25.290001,25.500000,25.219999,25.469999,16.260103,1581300
2013-10-03,25.510000,25.520000,25.330000,25.420000,16.228184,1596600
2013-10-04,25.520000,25.709999,25.500000,25.639999,16.368631,1209100
2013-10-07,25.110001,25.320000,25.090000,25.190001,16.081356,1193600
2013-10-08,25.240000,25.290001,25.000000,25.030001,15.979206,1196000
2013-10-09,25.139999,25.209999,24.969999,25.129999,16.043051,1283300
2013-10-10,25.250000,25.610001,25.250000,25.580000,16.330330,1573900
2013-10-11,25.670000,25.920000,25.670000,25.920000,16.547390,1277000
2013-10-14,25.690001,25.969999,25.670000,25.969999,16.579308,985600
2013-10-15,25.900000,26.000000,25.780001,25.879999,16.521852,1115200
2013-10-16,26.010000,26.209999,26.000000,26.209999,16.732525,856500
2013-10-17,26.340000,26.600000,26.340000,26.590000,16.975119,1266900
2013-10-18,26.770000,26.910000,26.730000,26.900000,17.173023,1711800
2013-10-21,26.870001,26.910000,26.830000,26.870001,17.153868,1883400
2013-10-22,27.139999,27.320000,27.120001,27.250000,17.396460,1819700
2013-10-23,26.830000,26.850000,26.700001,26.840000,17.134720,1056900
2013-10-24,26.820000,26.940001,26.770000,26.930000,17.192175,1461600
2013-10-25,26.959999,27.070000,26.959999,27.049999,17.268782,880100
2013-10-28,27.059999,27.219999,27.000000,27.139999,17.326241,3469300
2013-10-29,26.910000,26.940001,26.820000,26.840000,17.134720,5904200
2013-10-30,26.850000,26.889999,26.530001,26.690001,17.038960,1217000
2013-10-31,26.809999,26.860001,26.670000,26.670000,17.026188,1794100
2013-11-01,26.660000,26.680000,26.490000,26.650000,17.013420,1375500
2013-11-04,26.680000,26.799999,26.639999,26.760000,17.083641,660100
2013-11-05,26.830000,26.860001,26.709999,26.790001,17.102797,1017400
2013-11-06,27.000000,27.049999,26.910000,27.010000,17.243246,833200
2013-11-07,26.930000,27.000000,26.610001,26.650000,17.013420,989600
2013-11-08,26.590000,26.780001,26.540001,26.750000,17.077263,1917900
2013-11-11,26.530001,26.540001,26.459999,26.500000,16.917664,638700
2013-11-12,26.250000,26.299999,26.100000,26.180000,16.713377,3862300
2013-11-13,25.830000,26.040001,25.809999,26.030001,16.617611,1738400
2013-11-14,25.900000,26.150000,25.879999,26.129999,16.681450,1487600
2013-11-15,26.430000,26.510000,26.360001,26.480000,16.904892,1122400
2013-11-18,26.510000,26.580000,26.280001,26.330000,16.809134,3323100
2013-11-19,26.299999,26.379999,26.230000,26.299999,16.789980,1212000
2013-11-20,26.129999,26.219999,25.799999,25.920000,16.547390,2346900
2013-11-21,25.760000,25.809999,25.660000,25.740000,16.432474,1746100
2013-11-22,25.629999,25.760000,25.570000,25.730000,16.426090,840700
2013-11-25,25.700001,25.770000,25.660000,25.709999,16.413321,856800
2013-11-26,25.469999,25.650000,25.469999,25.580000,16.330330,1044500
2013-11-27,25.440001,25.480000,25.379999,25.480000,16.266487,882200
2013-11-29,25.469999,25.590000,25.340000,25.360001,16.189882,1466300
2013-12-02,25.120001,25.180000,25.040001,25.070000,16.004745,1912400
2013-12-03,24.959999,25.030001,24.860001,25.010000,15.966441,1693000
2013-12-04,24.790001,25.030001,24.780001,24.990000,15.953671,1150800
2013-12-05,24.520000,24.700001,24.480000,24.670000,15.749381,2939300
2013-12-06,24.730000,24.860001,24.680000,24.840000,15.857916,1376800
2013-12-09,24.450001,24.520000,24.430000,24.500000,15.640857,1105800
2013-12-10,24.500000,24.540001,24.420000,24.490000,15.634471,961800
2013-12-11,24.420000,24.430000,24.080000,24.120001,15.398266,2332600
2013-12-12,23.600000,23.620001,23.450001,23.540001,15.027989,1779100
2013-12-13,23.750000,23.830000,23.680000,23.809999,15.200357,1586700
2013-12-16,23.980000,24.139999,23.969999,23.990000,15.315270,1580400
2013-12-17,23.770000,23.799999,23.650000,23.730000,15.149288,1283800
2013-12-18,23.200001,23.459999,22.879999,23.250000,15.212096,2759500
2013-12-19,23.500000,23.639999,23.459999,23.620001,15.454186,3210700
2013-12-20,23.889999,24.000000,23.860001,24.000000,15.702811,2131800
2013-12-23,24.260000,24.389999,24.219999,24.290001,15.892554,1379500
2013-12-24,24.260000,24.389999,24.260000,24.370001,15.944894,337900
2013-12-26,24.209999,24.330000,24.110001,24.330000,15.918723,355400
2013-12-27,24.379999,24.400000,24.209999,24.219999,15.862399,849500
2013-12-30,24.350000,24.350000,24.230000,24.290001,15.908249,1385600
2013-12-31,24.340000,24.440001,24.299999,24.370001,15.960642,994100
2014-01-02,24.330000,24.340000,24.160000,24.180000,15.836205,2460600
2014-01-03,24.520000,24.620001,24.420000,24.420000,15.993385,1702500
2014-01-06,24.360001,24.389999,24.290001,24.340000,15.940992,1851100
2014-01-07,24.250000,24.350000,24.240000,24.299999,15.914794,911100
2014-01-08,24.219999,24.270000,24.059999,24.150000,15.816555,3192900
2014-01-09,24.170000,24.170000,24.030001,24.110001,15.790360,1595400
2014-01-10,24.200001,24.410000,24.200001,24.350000,15.947545,1517200
2014-01-13,24.400000,24.469999,24.170000,24.230000,15.868954,1344800
2014-01-14,23.920000,23.969999,23.830000,23.910000,15.659372,1862100
2014-01-15,23.820000,23.950001,23.809999,23.900000,15.652825,1575900
2014-01-16,23.830000,23.870001,23.750000,23.850000,15.620077,1571400
2014-01-17,23.799999,23.820000,23.650000,23.709999,15.528384,1374600
2014-01-21,23.940001,23.980000,23.780001,23.870001,15.633173,1054300
2014-01-22,24.000000,24.030001,23.850000,23.889999,15.646272,1471000
2014-01-23,23.629999,23.629999,23.280001,23.420000,15.338456,2400500
2014-01-24,23.150000,23.190001,22.900000,22.910000,15.004444,2554600
2014-01-27,23.020000,23.150000,22.809999,23.010000,15.069935,1644300
2014-01-28,23.129999,23.209999,23.059999,23.180000,15.181272,1594500
2014-01-29,22.920000,23.150000,22.920000,22.940001,15.024095,2074400
2014-01-30,23.280001,23.340000,23.170000,23.290001,15.253315,1517200
2014-01-31,22.870001,23.150000,22.820000,23.040001,15.089582,1227000
2014-02-03,23.219999,23.260000,22.680000,22.690001,14.860359,3398900
2014-02-04,23.070000,23.250000,23.030001,23.240000,15.220572,2315100
2014-02-05,23.040001,23.120001,22.900000,23.059999,15.102685,1216900
2014-02-06,23.440001,23.660000,23.440001,23.639999,15.482540,3548900
2014-02-07,23.660000,23.820000,23.610001,23.809999,15.593881,1447600
2014-02-10,23.799999,23.840000,23.750000,23.799999,15.587331,1320700
2014-02-11,24.120001,24.440001,24.110001,24.360001,15.954091,1488300
2014-02-12,24.600000,24.639999,24.469999,24.530001,16.065430,1626100
2014-02-13,24.200001,24.549999,24.190001,24.469999,16.026136,1156700
2014-02-14,24.760000,24.900000,24.740000,24.870001,16.288107,2135300
2014-02-18,24.950001,25.020000,24.889999,24.980000,16.360144,2493800
2014-02-19,24.969999,25.129999,24.820000,24.870001,16.288107,2071700
2014-02-20,24.910000,25.200001,24.879999,25.129999,16.458387,1207100
2014-02-21,25.020000,25.100000,24.990000,25.010000,16.379793,992500
2014-02-24,25.209999,25.500000,25.190001,25.309999,16.576273,1572600
2014-02-25,25.209999,25.260000,25.049999,25.090000,16.432186,2660200
2014-02-26,25.080000,25.139999,24.930000,25.030001,16.392895,2506000
2014-02-27,24.850000,25.059999,24.840000,25.040001,16.399445,1203200
2014-02-28,24.930000,25.049999,24.830000,24.950001,16.340500,1839100
2014-03-03,24.700001,24.799999,24.639999,24.760000,16.216063,2120200
2014-03-04,25.100000,25.160000,25.049999,25.120001,16.451839,1115300
2014-03-05,25.160000,25.250000,25.160000,25.209999,16.510782,1534900
2014-03-06,25.559999,25.670000,25.510000,25.520000,16.713814,1708700
2014-03-07,25.709999,25.709999,25.420000,25.490000,16.694162,1378300
2014-03-10,25.270000,25.280001,25.059999,25.170000,16.484585,1451500
2014-03-11,25.260000,25.320000,24.870001,24.920000,16.320850,2818200
2014-03-12,24.730000,24.920000,24.680000,24.920000,16.320850,1503500
2014-03-13,25.209999,25.280001,24.830000,24.910000,16.314306,3014200
2014-03-14,24.719999,24.870001,24.700001,24.709999,16.183317,1757100
2014-03-17,24.969999,25.100000,24.969999,25.059999,16.412539,1452900
2014-03-18,25.160000,25.309999,25.139999,25.240000,16.530428,2620200
2014-03-19,25.190001,25.190001,24.709999,24.840000,16.268457,1807500
2014-03-20,24.549999,24.830000,24.510000,24.790001,16.235716,1347800
2014-03-21,24.920000,25.040001,24.820000,24.860001,16.281557,2121600
2014-03-24,25.200001,25.200001,24.920000,25.030001,16.392895,1361900
2014-03-25,25.290001,25.410000,25.209999,25.340000,16.595921,1660400
2014-03-26,25.590000,25.670000,25.430000,25.459999,16.674517,2086100
2014-03-27,25.480000,25.600000,25.400000,25.559999,16.740004,1702300
2014-03-28,25.629999,25.740000,25.620001,25.680000,16.818598,840800
2014-03-31,25.750000,25.900000,25.730000,25.870001,16.943037,1177300
2014-04-01,25.790001,25.900000,25.780001,25.900000,16.962681,1833900
2014-04-02,25.860001,25.950001,25.820000,25.930000,16.982334,1180500
2014-04-03,25.850000,25.850000,25.750000,25.809999,16.903738,1785200
2014-04-04,26.080000,26.170000,25.850000,25.889999,16.956133,2121700
2014-04-07,25.930000,26.059999,25.860001,25.900000,16.962681,1742100
2014-04-08,26.170000,26.389999,26.120001,26.360001,17.263952,2366400
2014-04-09,26.670000,26.840000,26.559999,26.799999,17.552116,4341000
2014-04-10,26.590000,26.629999,26.389999,26.400000,17.290148,2454400
2014-04-11,26.360001,26.490000,26.290001,26.290001,17.218105,1244200
2014-04-14,26.190001,26.280001,26.120001,26.240000,17.185358,1316800
2014-04-15,26.040001,26.139999,25.870001,26.059999,17.067467,3089700
2014-04-16,26.280001,26.389999,26.209999,26.370001,17.270502,983000
2014-04-17,26.459999,26.530001,26.340000,26.450001,17.322895,1623900
2014-04-21,26.440001,26.480000,26.410000,26.440001,17.316345,779300
2014-04-22,26.590000,26.750000,26.590000,26.700001,17.486629,1330600
2014-04-23,26.459999,26.610001,26.440001,26.590000,17.414587,549400
2014-04-24,26.570000,26.590000,26.469999,26.540001,17.381840,705800
2014-04-25,26.510000,26.559999,26.410000,26.469999,17.335991,3121600
2014-04-28,26.639999,26.719999,26.480000,26.670000,17.466978,2541900
2014-04-29,26.469999,26.530001,26.420000,26.480000,17.342543,2379100
2014-04-30,26.400000,26.480000,26.309999,26.450001,17.322895,1093800
2014-05-01,26.170000,26.250000,26.120001,26.209999,17.165710,2294000
2014-05-02,26.150000,26.309999,26.110001,26.270000,17.205009,1030000
2014-05-05,26.110001,26.340000,26.059999,26.309999,17.231203,1344100
2014-05-06,26.490000,26.540001,26.410000,26.430000,17.309799,1067400
2014-05-07,26.350000,26.440001,26.260000,26.410000,17.296694,1123100
2014-05-08,26.530001,26.690001,26.530001,26.580000,17.408039,1283200
2014-05-09,26.480000,26.549999,26.420000,26.540001,17.381840,1149700
2014-05-12,26.510000,26.620001,26.480000,26.620001,17.434233,773100
2014-05-13,26.700001,26.700001,26.590000,26.639999,17.447330,1308700
2014-05-14,26.820000,26.840000,26.680000,26.719999,17.499727,766000
2014-05-15,26.780001,26.790001,26.559999,26.670000,17.466978,1230600
2014-05-16,26.750000,26.780001,26.639999,26.730000,17.506273,2201100
2014-05-19,26.350000,26.410000,26.299999,26.379999,17.277052,983700
2014-05-20,26.129999,26.170000,25.930000,25.969999,17.008526,2206100
2014-05-21,26.090000,26.190001,26.049999,26.190001,17.152615,1775900
2014-05-22,26.309999,26.379999,26.299999,26.350000,17.257404,719800
2014-05-23,26.430000,26.490000,26.420000,26.450001,17.322895,513000
2014-05-27,26.629999,26.629999,26.520000,26.600000,17.421135,832200
2014-05-28,26.459999,26.520000,26.420000,26.500000,17.355644,791700
2014-05-29,26.629999,26.750000,26.610001,26.740000,17.512825,630100
2014-05-30,26.540001,26.580000,26.490000,26.559999,17.394934,1782300
2014-06-02,26.570000,26.580000,26.500000,26.540001,17.381840,1198400
2014-06-03,26.400000,26.410000,26.340000,26.389999,17.283598,1130600
2014-06-04,26.219999,26.270000,26.200001,26.250000,17.191910,751300
2014-06-05,26.299999,26.490000,26.190001,26.459999,17.329445,2440000
2014-06-06,26.520000,26.600000,26.469999,26.559999,17.394934,1425400
2014-06-09,26.600000,26.750000,26.580000,26.730000,17.506273,1053400
2014-06-10,26.670000,26.730000,26.580000,26.730000,17.506273,726000
2014-06-11,26.590000,26.610001,26.540001,26.570000,17.401487,812400
2014-06-12,26.540001,26.580000,26.420000,26.459999,17.329445,473100
2014-06-13,26.440001,26.469999,26.370001,26.459999,17.329445,852700
2014-06-16,26.500000,26.580000,26.440001,26.450001,17.322895,648100
2014-06-17,26.129999,26.219999,26.090000,26.190001,17.152615,1766900
2014-06-18,26.080000,26.400000,26.049999,26.400000,17.290148,1709600
2014-06-19,26.680000,26.740000,26.610001,26.680000,17.473528,2919100
2014-06-20,26.559999,26.590000,26.500000,26.590000,17.414587,1666500
2014-06-23,26.719999,26.750000,26.629999,26.730000,17.506273,3130900
2014-06-24,26.500000,26.590000,26.350000,26.360001,17.263952,1284000
2014-06-25,25.920000,26.090000,25.870001,26.070000,17.332428,1573500
2014-06-26,26.340000,26.450001,26.270000,26.430000,17.571775,1509900
2014-06-27,26.280001,26.459999,26.240000,26.430000,17.571775,1680700
2014-06-30,26.000000,26.139999,26.000000,26.129999,17.372320,1716200
2014-07-01,26.139999,26.299999,26.139999,26.250000,17.452101,1808400
2014-07-02,26.389999,26.549999,26.389999,26.500000,17.618315,876700
2014-07-03,26.370001,26.549999,26.340000,26.540001,17.644907,487400
2014-07-07,26.480000,26.540001,26.480000,26.540001,17.644907,1143500
2014-07-08,26.480000,26.500000,26.370001,26.440001,17.578423,992300
2014-07-09,26.290001,26.440001,26.280001,26.420000,17.565123,1869100
2014-07-10,26.059999,26.290001,26.049999,26.270000,17.465399,1117800
2014-07-11,26.559999,26.559999,26.450001,26.549999,17.651552,855300
2014-07-14,26.709999,26.730000,26.660000,26.670000,17.731331,766600
2014-07-15,26.580000,26.610001,26.389999,26.540001,17.644907,1247700
2014-07-16,26.610001,26.650000,26.570000,26.620001,17.698090,1060600
2014-07-17,26.620001,26.680000,26.410000,26.430000,17.571775,959600
2014-07-18,26.650000,26.780001,26.629999,26.730000,17.771225,1236600
2014-07-21,26.600000,26.690001,26.559999,26.620001,17.698090,1350200
2014-07-22,26.820000,26.850000,26.770000,26.809999,17.824411,795400
2014-07-23,27.100000,27.120001,27.049999,27.100000,18.017221,1132500
2014-07-24,27.100000,27.100000,26.980000,27.020000,17.964027,698400
2014-07-25,26.959999,26.959999,26.840000,26.850000,17.851009,647200
2014-07-28,26.930000,26.969999,26.790001,26.950001,17.917490,3137200
2014-07-29,26.990000,27.020000,26.910000,26.910000,17.890896,796400
2014-07-30,27.010000,27.070000,26.860001,26.930000,17.904192,1439400
2014-07-31,26.730000,26.799999,26.570000,26.590000,17.678150,1835500
2014-08-01,26.430000,26.580000,26.340000,26.420000,17.565123,2883000
2014-08-04,26.469999,26.559999,26.360001,26.530001,17.638254,1840500
2014-08-05,26.340000,26.379999,26.160000,26.240000,17.445454,1544100
2014-08-06,26.280001,26.490000,26.260000,26.379999,17.538530,1306800
2014-08-07,26.200001,26.240000,26.000000,26.080000,17.339077,1268500
2014-08-08,25.900000,26.040001,25.840000,26.020000,17.299189,1154200
2014-08-11,25.980000,26.040001,25.910000,26.020000,17.299189,1031200
2014-08-12,26.209999,26.299999,26.200001,26.240000,17.445454,889300
2014-08-13,26.420000,26.480000,26.400000,26.420000,17.565123,818600
2014-08-14,26.570000,26.660000,26.540001,26.629999,17.704737,727300
2014-08-15,26.660000,26.709999,26.490000,26.670000,17.731331,850500
2014-08-18,26.760000,26.879999,26.760000,26.850000,17.851009,994500
2014-08-19,26.940001,26.959999,26.879999,26.879999,17.870949,1707400
2014-08-20,26.990000,27.160000,26.969999,27.070000,17.997271,1329800
2014-08-21,26.990000,27.070000,26.969999,27.049999,17.983976,791300
2014-08-22,27.020000,27.049999,26.889999,26.940001,17.910845,1781800
2014-08-25,26.980000,27.020000,26.959999,26.990000,17.944084,595500
2014-08-26,27.070000,27.100000,27.000000,27.020000,17.964027,381900
2014-08-27,27.190001,27.200001,27.120001,27.120001,18.030516,608100
2014-08-28,27.120001,27.150000,27.070000,27.139999,18.043806,862300
2014-08-29,27.129999,27.200001,27.100000,27.160000,18.057108,1071700
2014-09-02,27.139999,27.180000,27.070000,27.160000,18.057108,1951500
2014-09-03,27.379999,27.379999,27.280001,27.340000,18.176781,897100
2014-09-04,27.430000,27.510000,27.209999,27.250000,18.116943,740400
2014-09-05,27.120001,27.200001,27.000000,27.200001,18.083704,865100
2014-09-08,27.020000,27.020000,26.780001,26.809999,17.824411,805300
2014-09-09,26.809999,26.809999,26.600000,26.650000,17.718035,842300
2014-09-10,26.480000,26.620001,26.430000,26.620001,17.698090,825600
2014-09-11,26.160000,26.250000,26.120001,26.190001,17.412210,2140600
2014-09-12,25.969999,25.980000,25.830000,25.910000,17.226057,1534300
2014-09-15,25.690001,25.690001,25.570000,25.660000,17.059845,1620500
2014-09-16,25.450001,25.879999,25.430000,25.850000,17.186165,2122200
2014-09-17,25.410000,25.430000,25.070000,25.170000,16.734074,2695000
2014-09-18,25.230000,25.389999,25.219999,25.350000,16.853745,1093100
2014-09-19,25.299999,25.309999,25.080000,25.100000,16.687534,867800
2014-09-22,24.750000,24.760000,24.580000,24.700001,16.421600,2431600
2014-09-23,24.790001,24.830000,24.709999,24.719999,16.434893,1696900
2014-09-24,24.790001,24.959999,24.709999,24.950001,16.587805,1526700
2014-09-25,24.500000,24.500000,24.260000,24.280001,16.142363,2118200
2014-09-26,24.139999,24.230000,24.090000,24.200001,16.089172,1550700
2014-09-29,23.760000,23.920000,23.730000,23.799999,15.823238,2493700
2014-09-30,23.870001,24.000000,23.799999,23.940001,15.916318,1808000
2014-10-01,24.020000,24.100000,23.910000,23.980000,15.942913,1935300
2014-10-02,24.080000,24.150000,23.830000,24.080000,16.009396,2164300
2014-10-03,24.000000,24.059999,23.870001,24.020000,15.969500,1366400
2014-10-06,24.020000,24.219999,23.950001,24.139999,16.049288,1540100
2014-10-07,24.049999,24.049999,23.840000,23.840000,15.849833,1722000
2014-10-08,23.850000,24.330000,23.719999,24.309999,16.162310,1628000
2014-10-09,24.270000,24.330000,23.850000,23.870001,15.869779,1955300
2014-10-10,23.400000,23.500000,23.170000,23.180000,15.411036,2376400
2014-10-13,23.600000,23.650000,23.330000,23.350000,15.524061,2038000
2014-10-14,23.620001,23.750000,23.469999,23.510000,15.630434,2094900
2014-10-15,23.770000,23.910000,23.350000,23.850000,15.856476,3604000
2014-10-16,23.639999,24.190001,23.620001,23.969999,15.936262,3269700
2014-10-17,24.280001,24.379999,24.200001,24.299999,16.155661,1421300
2014-10-20,24.190001,24.490000,24.180000,24.450001,16.255384,1577600
2014-10-21,24.520000,24.670000,24.520000,24.610001,16.361763,1356400
2014-10-22,24.580000,24.709999,24.469999,24.520000,16.301926,2147400
2014-10-23,24.639999,24.760000,24.639999,24.650000,16.388353,1184500
2014-10-24,24.870001,24.940001,24.820000,24.900000,16.554564,1606600
2014-10-27,24.900000,25.030001,24.870001,24.930000,16.574511,2256200
2014-10-28,25.219999,25.600000,25.190001,25.360001,16.860394,2154200
2014-10-29,25.309999,25.350000,24.840000,24.920000,16.567860,3419300
2014-10-30,25.110001,25.360001,25.080000,25.299999,16.820499,2242400
2014-10-31,25.370001,25.440001,25.290001,25.430000,16.906931,1797800
2014-11-03,25.049999,25.070000,24.860001,24.930000,16.574511,2753500
2014-11-04,25.030001,25.110001,24.990000,25.070000,16.667589,2676700
2014-11-05,24.750000,24.809999,24.629999,24.790001,16.481432,1622000
2014-11-06,24.770000,24.850000,24.670000,24.690001,16.414949,3279400
2014-11-07,24.889999,25.049999,24.889999,24.980000,16.607750,3430400
2014-11-10,25.080000,25.090000,24.930000,24.980000,16.607750,1967400
2014-11-11,24.959999,25.139999,24.920000,25.059999,16.660936,1373100
2014-11-12,24.889999,24.980000,24.850000,24.940001,16.581156,1599400
2014-11-13,24.870001,24.930000,24.730000,24.780001,16.474783,1033900
2014-11-14,24.680000,25.010000,24.670000,24.980000,16.607750,788400
2014-11-17,24.639999,24.730000,24.610001,24.700001,16.421600,981600
2014-11-18,24.610001,24.730000,24.600000,24.719999,16.434893,2645700
2014-11-19,24.240000,24.270000,24.059999,24.090000,16.016045,4131700
2014-11-20,23.790001,24.020000,23.750000,23.990000,15.949555,1146400
2014-11-21,24.340000,24.389999,24.209999,24.250000,16.122417,1740700
2014-11-24,24.080000,24.110001,24.020000,24.090000,16.016045,1475200
2014-11-25,23.820000,23.910000,23.820000,23.889999,15.883070,1432600
2014-11-26,24.010000,24.150000,23.990000,24.150000,16.055937,1302000
2014-11-28,23.670000,23.740000,23.570000,23.629999,15.710217,1988900
2014-12-01,23.180000,23.290001,23.000000,23.280001,15.477522,3805800
2014-12-02,23.330000,23.420000,23.260000,23.379999,15.544006,1535700
2014-12-03,23.520000,23.590000,23.459999,23.480000,15.610489,2286600
2014-12-04,23.549999,23.680000,23.520000,23.540001,15.650380,1449900
2014-12-05,23.320000,23.370001,23.240000,23.330000,15.510759,1603000
2014-12-08,23.299999,23.389999,23.170000,23.180000,15.411036,2384900
2014-12-09,22.780001,22.940001,22.750000,22.920000,15.238180,2220000
2014-12-10,22.820000,22.830000,22.510000,22.600000,15.025429,2780800
2014-12-11,22.590000,22.770000,22.510000,22.570000,15.005486,2213100
2014-12-12,22.400000,22.480000,22.209999,22.230000,14.779437,2876800
2014-12-15,22.270000,22.320000,21.990000,22.000000,14.626524,8203400
2014-12-16,22.010000,22.320000,21.980000,22.090000,14.686360,3428800
2014-12-17,21.309999,21.760000,21.299999,21.459999,14.732357,4657000
2014-12-18,21.760000,21.879999,21.600000,21.860001,15.006957,4432700
2014-12-19,22.020000,22.150000,21.930000,22.139999,15.199176,2031900
2014-12-22,22.370001,22.440001,22.330000,22.360001,15.350210,3191800
2014-12-23,22.139999,22.170000,22.059999,22.120001,15.185447,3045400
2014-12-24,22.100000,22.180000,22.040001,22.129999,15.192311,1978900
2014-12-26,22.180000,22.270000,22.160000,22.190001,15.233504,630800
2014-12-29,22.590000,22.650000,22.520000,22.530001,15.466914,1389600
2014-12-30,22.480000,22.520000,22.400000,22.400000,15.377667,1515100
2014-12-31,22.370001,22.420000,22.139999,22.170000,15.219770,1863400
2015-01-02,22.230000,22.270000,22.059999,22.100000,15.171717,2210300
2015-01-05,22.120001,22.150000,21.850000,21.889999,15.027552,2444900
2015-01-06,21.969999,22.059999,21.740000,21.799999,14.965765,2265900
2015-01-07,21.820000,22.010000,21.780001,22.000000,15.103066,1655400
2015-01-08,22.129999,22.340000,22.110001,22.290001,15.302151,879900
2015-01-09,22.620001,22.650000,22.469999,22.500000,15.446315,1932700
2015-01-12,22.379999,22.379999,22.190001,22.240000,15.267826,1508300
2015-01-13,22.280001,22.400000,22.059999,22.240000,15.267826,1870100
2015-01-14,21.900000,21.990000,21.760000,21.940001,15.061875,2055800
2015-01-15,22.209999,22.250000,21.990000,22.070000,15.151122,3659900
2015-01-16,21.889999,22.330000,21.889999,22.320000,15.322744,1953200
2015-01-20,22.070000,22.110001,21.870001,22.030001,15.123661,1283700
2015-01-21,22.309999,22.440001,22.139999,22.230000,15.260962,2670400
2015-01-22,22.260000,22.370001,22.180000,22.219999,15.254095,2110700
2015-01-23,22.059999,22.129999,21.959999,22.000000,15.103066,1943600
2015-01-26,22.049999,22.129999,21.959999,22.080000,15.157987,1135200
2015-01-27,22.150000,22.209999,22.070000,22.120001,15.185447,1300900
2015-01-28,22.410000,22.420000,21.959999,22.000000,15.103066,2074500
2015-01-29,21.969999,22.070000,21.799999,22.049999,15.137392,1584800
2015-01-30,21.870001,22.100000,21.860001,21.920000,15.048145,1610900
2015-02-02,22.270000,22.400000,22.209999,22.370001,15.357072,1886300
2015-02-03,22.450001,23.020000,22.430000,22.850000,15.686595,2460900
2015-02-04,22.809999,22.910000,22.690001,22.730000,15.604211,3222600
2015-02-05,22.910000,23.150000,22.910000,23.139999,15.885680,1437000
2015-02-06,22.990000,23.100000,22.920000,22.990000,15.782705,2338600
2015-02-09,23.020000,23.150000,22.940001,22.959999,15.762108,2138900
2015-02-10,22.940001,23.010000,22.830000,22.950001,15.755244,1193600
2015-02-11,22.670000,22.670000,22.480000,22.610001,15.521836,1672900
2015-02-12,22.540001,22.830000,22.530001,22.750000,15.617948,1859300
2015-02-13,23.150000,23.309999,23.129999,23.230000,15.947466,1803000
2015-02-17,23.240000,23.389999,23.200001,23.379999,16.050440,1798700
2015-02-18,23.360001,23.570000,23.330000,23.490000,16.125957,1554200
2015-02-19,23.370001,23.530001,23.370001,23.389999,16.057302,1434900
2015-02-20,23.370001,23.540001,23.250000,23.520000,16.146551,1195600
2015-02-23,23.400000,23.500000,23.370001,23.459999,16.105358,1150300
2015-02-24,23.469999,23.730000,23.379999,23.680000,16.256390,1499100
2015-02-25,23.840000,23.930000,23.830000,23.840000,16.366234,1556300
2015-02-26,23.700001,23.700001,23.459999,23.520000,16.146551,1675400
2015-02-27,23.639999,23.770000,23.610001,23.680000,16.256390,1490100
2015-03-02,23.690001,23.750000,23.639999,23.700001,16.270123,1122200
2015-03-03,23.730000,23.780001,23.670000,23.709999,16.276983,1448000
2015-03-04,23.690001,23.690001,23.469999,23.580000,16.187742,964700
2015-03-05,23.510000,23.549999,23.400000,23.459999,16.105358,1426600
2015-03-06,23.320000,23.340000,23.040001,23.049999,15.823894,1727700
2015-03-09,23.070000,23.100000,23.000000,23.049999,15.823894,1556600
2015-03-10,22.690001,22.750000,22.469999,22.520000,15.460046,3214000
2015-03-11,22.559999,22.590000,22.400000,22.459999,15.418858,2739200
2015-03-12,23.059999,23.150000,23.010000,23.110001,15.865082,2502600
2015-03-13,22.780001,22.790001,22.459999,22.660000,15.556157,3172700
2015-03-16,22.830000,22.940001,22.799999,22.860001,15.693462,2973600
2015-03-17,22.750000,22.850000,22.719999,22.790001,15.645405,1800600
2015-03-18,22.820000,23.520000,22.799999,23.469999,16.112223,3881200
2015-03-19,23.290001,23.379999,23.170000,23.240000,15.954330,2043200
2015-03-20,23.750000,24.010000,23.680000,23.930000,16.428017,3339200
2015-03-23,23.969999,24.180000,23.930000,24.100000,16.544722,1827300
2015-03-24,24.180000,24.219999,24.070000,24.110001,16.551586,2407600
2015-03-25,24.160000,24.190001,23.820000,23.840000,16.366234,2076700
2015-03-26,23.680000,23.690001,23.480000,23.610001,16.208336,2856200
2015-03-27,23.480000,23.510000,23.350000,23.379999,16.050440,3337800
2015-03-30,23.120001,23.209999,23.100000,23.129999,15.878814,2285600
2015-03-31,22.809999,23.010000,22.799999,22.860001,15.693462,2011500
2015-04-01,22.930000,23.000000,22.830000,22.900000,15.720921,2148700
2015-04-02,22.850000,23.080000,22.820000,22.980000,15.775839,3291500
2015-04-06,23.020000,23.410000,23.000000,23.190001,15.920004,2471200
2015-04-07,23.280001,23.440001,23.270000,23.309999,16.002386,2396700
2015-04-08,23.540001,23.680000,23.440001,23.559999,16.174011,3928000
2015-04-09,23.580000,23.580000,23.370001,23.500000,16.132818,1960400
2015-04-10,23.469999,23.590000,23.469999,23.549999,16.167147,1109200
2015-04-13,23.230000,23.280001,23.110001,23.150000,15.892541,1876000
2015-04-14,23.190001,23.309999,23.150000,23.280001,15.981791,1611500
2015-04-15,23.200001,23.469999,23.120001,23.350000,16.029844,3915300
2015-04-16,23.639999,23.830000,23.570000,23.719999,16.283852,3928100
2015-04-17,23.299999,23.360001,23.139999,23.280001,15.981791,2755500
2015-04-20,23.219999,23.309999,23.160000,23.240000,15.954330,2237300
2015-04-21,23.260000,23.330000,23.129999,23.170000,15.906276,2097700
2015-04-22,23.180000,23.250000,23.080000,23.230000,15.947466,1292300
2015-04-23,23.090000,23.420000,23.080000,23.400000,16.064169,1360700
2015-04-24,23.809999,23.959999,23.780001,23.930000,16.428017,1615500
2015-04-27,24.020000,24.219999,24.020000,24.049999,16.510399,1221500
2015-04-28,24.200001,24.430000,24.170000,24.389999,16.743809,1957600
2015-04-29,23.740000,23.920000,23.730000,23.809999,16.345634,2810900
2015-04-30,23.260000,23.370001,23.139999,23.320000,16.009247,3375100
2015-05-01,23.379999,23.469999,23.280001,23.450001,16.098497,1113600
2015-05-04,23.400000,23.469999,23.370001,23.410000,16.071035,1317500
2015-05-05,23.410000,23.500000,23.320000,23.379999,16.050440,2045100
2015-05-06,23.219999,23.230000,22.870001,22.980000,15.775839,2706700
2015-05-07,22.799999,22.809999,22.620001,22.690001,15.576751,4956800
2015-05-08,22.889999,22.950001,22.719999,22.940001,15.748378,1341400
2015-05-11,22.510000,22.660000,22.510000,22.520000,15.460046,2028800
2015-05-12,22.920000,23.120001,22.889999,23.059999,15.830756,2740300
2015-05-13,23.559999,23.670000,23.510000,23.540001,16.160280,1742700
2015-05-14,23.809999,23.809999,23.620001,23.709999,16.276983,3301200
2015-05-15,23.540001,23.700001,23.490000,23.700001,16.270123,2108300
2015-05-18,23.129999,23.290001,23.020000,23.230000,15.947466,1544600
2015-05-19,22.830000,22.850000,22.719999,22.790001,15.645405,2114200
2015-05-20,22.700001,22.830000,22.629999,22.690001,15.576751,2003300
2015-05-21,22.840000,22.980000,22.809999,22.930000,15.741517,1237300
2015-05-22,22.760000,22.780001,22.690001,22.730000,15.604211,832400
2015-05-26,22.969999,22.969999,22.719999,22.760000,15.624806,1216100
2015-05-27,22.670000,22.780001,22.620001,22.770000,15.631675,2611900
2015-05-28,22.410000,22.480000,22.299999,22.459999,15.418858,1287500
2015-05-29,22.610001,22.680000,22.540001,22.540001,15.473784,1551200
2015-06-01,22.490000,22.549999,22.320000,22.370001,15.357072,1325700
2015-06-02,22.260000,22.510000,22.219999,22.459999,15.418858,1365400
2015-06-03,22.250000,22.440001,22.250000,22.290001,15.302151,1788900
2015-06-04,21.670000,21.730000,21.570000,21.610001,14.835329,3418300
2015-06-05,21.440001,21.600000,21.379999,21.490000,14.752951,2323000
2015-06-08,21.520000,21.590000,21.450001,21.580000,14.814739,2298500
2015-06-09,21.500000,21.540001,21.400000,21.490000,14.752951,1608000
2015-06-10,21.830000,22.010000,21.809999,21.969999,15.082468,1839400
2015-06-11,22.090000,22.139999,22.010000,22.120001,15.185447,1336400
2015-06-12,21.830000,22.010000,21.799999,21.910000,15.041285,818800
2015-06-15,22.059999,22.090000,21.990000,22.020000,15.116796,1179800
2015-06-16,22.049999,22.190001,22.049999,22.180000,15.226637,896400
2015-06-17,22.059999,22.320000,21.910000,22.230000,15.260962,1998300
2015-06-18,22.340000,22.450001,22.299999,22.309999,15.315879,2095100
2015-06-19,22.370001,22.400000,22.309999,22.340000,15.336473,1124600
2015-06-22,22.520000,22.549999,22.370001,22.379999,15.363935,2559800
2015-06-23,22.490000,22.639999,22.469999,22.600000,15.514967,1185900
2015-06-24,22.559999,22.620001,22.480000,22.500000,15.446315,1461500
2015-06-25,21.950001,21.950001,21.840000,21.850000,15.361949,1457100
2015-06-26,21.459999,21.490000,21.330000,21.440001,15.073693,2304800
2015-06-29,20.959999,21.100000,20.870001,20.900000,14.694037,2392600
2015-06-30,21.139999,21.200001,20.950001,21.030001,14.785436,2770200
2015-07-01,21.370001,21.379999,21.180000,21.260000,14.947141,1640000
2015-07-02,21.430000,21.450001,21.350000,21.389999,15.038542,1514800
2015-07-06,20.760000,20.900000,20.690001,20.790001,14.616704,1928000
2015-07-07,20.700001,20.920000,20.400000,20.840000,14.651856,3541900
2015-07-08,20.450001,20.490000,20.250000,20.250000,14.237049,2970900
2015-07-09,20.610001,20.650000,20.410000,20.440001,14.370631,2091500
2015-07-10,20.670000,20.750000,20.590000,20.700001,14.553425,1245500
2015-07-13,20.650000,20.750000,20.600000,20.709999,14.560457,2388400
2015-07-14,20.959999,21.000000,20.920000,20.950001,14.729191,1581700
2015-07-15,21.100000,21.139999,20.840000,20.900000,14.694037,1269300
2015-07-16,21.190001,21.280001,21.129999,21.150000,14.869804,1852000
2015-07-17,21.080000,21.090000,21.000000,21.040001,14.792469,2243300
2015-07-20,21.180000,21.240000,21.080000,21.180000,14.890896,1660500
2015-07-21,21.170000,21.320000,21.110001,21.230000,14.926049,1006300
2015-07-22,20.799999,20.850000,20.709999,20.809999,14.630766,2029900
2015-07-23,20.680000,20.709999,20.549999,20.559999,14.454997,2472800
2015-07-24,20.389999,20.389999,20.150000,20.219999,14.215956,2098100
2015-07-27,20.420000,20.420000,20.240000,20.270000,14.251108,1712300
2015-07-28,20.559999,20.770000,20.510000,20.730000,14.574515,2939300
2015-07-29,20.809999,20.889999,20.730000,20.790001,14.616704,1776300
2015-07-30,20.760000,20.860001,20.709999,20.850000,14.658886,1036100
2015-07-31,21.139999,21.150000,20.850000,20.920000,14.708104,1249200
2015-08-03,20.750000,20.850000,20.670000,20.740000,14.581549,2201600
2015-08-04,21.150000,21.280001,21.059999,21.090000,14.827623,1948300
2015-08-05,21.110001,21.170000,21.010000,21.040001,14.792469,1322400
2015-08-06,20.600000,20.620001,20.410000,20.520000,14.426874,1931300
2015-08-07,20.290001,20.360001,20.129999,20.340000,14.300323,3558700
2015-08-10,20.370001,20.650000,20.370001,20.650000,14.518274,1467100
2015-08-11,20.040001,20.040001,19.820000,19.940001,14.019098,1912400
2015-08-12,19.709999,19.950001,19.629999,19.950001,14.026130,3817600
2015-08-13,19.780001,19.940001,19.709999,19.889999,13.983945,1571600
2015-08-14,19.850000,19.900000,19.730000,19.860001,13.962855,1788900
2015-08-17,19.820000,19.959999,19.750000,19.930000,14.012067,1657700
2015-08-18,19.629999,19.750000,19.620001,19.700001,13.850363,2287600
2015-08-19,19.879999,20.010000,19.660000,19.850000,13.955824,2417100
2015-08-20,19.500000,19.530001,19.270000,19.280001,13.555075,5773400
2015-08-21,19.230000,19.260000,18.790001,18.820000,13.231666,4015000
2015-08-24,17.440001,17.930000,17.200001,17.340000,12.191131,12390600
2015-08-25,19.120001,19.150000,18.370001,18.370001,12.915288,8749600
2015-08-26,18.719999,18.910000,18.299999,18.879999,13.273850,6303500
2015-08-27,18.900000,19.270000,18.860001,19.250000,13.533984,7512700
2015-08-28,18.860001,19.160000,18.860001,19.150000,13.463677,2836200
2015-08-31,18.709999,18.740000,18.530001,18.650000,13.112142,3774400
2015-09-01,17.950001,18.049999,17.709999,17.790001,12.507512,3554500
2015-09-02,18.160000,18.200001,17.900000,18.190001,12.788736,2111900
2015-09-03,17.940001,18.160000,17.870001,17.940001,12.612970,1623800
2015-09-04,17.629999,17.730000,17.459999,17.540001,12.331744,1359700
2015-09-08,18.260000,18.379999,18.150000,18.340000,12.894194,2054300
2015-09-09,18.629999,18.650000,18.240000,18.280001,12.852011,2612800
2015-09-10,18.209999,18.469999,18.129999,18.360001,12.908256,2171000
2015-09-11,18.230000,18.340000,18.160000,18.330000,12.887164,1599000
2015-09-14,18.420000,18.530001,18.389999,18.440001,12.964502,1331700
2015-09-15,18.160000,18.430000,18.139999,18.420000,12.950440,2071800
2015-09-16,18.660000,18.930000,18.639999,18.900000,13.287910,2935200
2015-09-17,18.709999,19.219999,18.660000,18.709999,13.154326,5531500
2015-09-18,18.830000,18.900000,18.559999,18.610001,13.084024,2328400
2015-09-21,18.490000,18.580000,18.379999,18.450001,12.971537,1210300
2015-09-22,18.110001,18.219999,18.010000,18.200001,12.795766,2257200
2015-09-23,17.990000,18.049999,17.780001,17.830000,12.535631,1303300
2015-09-24,17.840000,18.170000,17.799999,18.100000,12.725461,3407500
2015-09-25,18.070000,18.139999,17.900000,17.990000,12.648122,1763500
2015-09-28,17.969999,18.000000,17.700001,17.709999,12.451264,1492200
2015-09-29,17.459999,17.610001,17.350000,17.490000,12.296592,4991300
2015-09-30,17.799999,17.920000,17.700001,17.920000,12.598908,2565100
2015-10-01,18.200001,18.250000,17.950001,18.070000,12.704367,1834300
2015-10-02,17.730000,18.260000,17.690001,18.250000,12.830919,2414900
2015-10-05,18.549999,18.799999,18.549999,18.770000,13.196515,2323100
2015-10-06,18.799999,18.910000,18.750000,18.879999,13.273850,1353900
2015-10-07,19.240000,19.340000,19.080000,19.180000,13.484770,2942500
2015-10-08,19.129999,19.500000,19.110001,19.459999,13.681626,2041500
2015-10-09,19.610001,19.690001,19.559999,19.639999,13.808175,1088900
2015-10-12,19.620001,19.660000,19.540001,19.570000,13.758964,1344700
2015-10-13,19.129999,19.360001,19.100000,19.150000,13.463677,1201700
2015-10-14,19.230000,19.320000,19.160000,19.260000,13.541014,2511600
2015-10-15,19.400000,19.680000,19.389999,19.620001,13.794117,3960400
2015-10-16,19.530001,19.580000,19.469999,19.570000,13.758964,1304600
2015-10-19,19.430000,19.469999,19.360001,19.400000,13.639441,3006500
2015-10-20,19.270000,19.360001,19.209999,19.280001,13.555075,1635100
2015-10-21,19.309999,19.320000,19.129999,19.139999,13.456644,2242600
2015-10-22,19.450001,19.590000,19.370001,19.530001,13.730844,1780000
2015-10-23,19.719999,19.830000,19.700001,19.790001,13.913639,2286400
2015-10-26,19.820000,19.840000,19.709999,19.730000,13.871454,1211600
2015-10-27,19.680000,19.719999,19.520000,19.549999,13.744903,2296400
2015-10-28,19.350000,19.520000,19.180000,19.389999,13.632411,3924100
2015-10-29,18.860001,18.950001,18.809999,18.830000,13.238696,3459300
2015-10-30,18.809999,19.049999,18.730000,18.920000,13.301970,5071800
2015-11-02,18.690001,18.889999,18.660000,18.870001,13.266820,2384800
2015-11-03,18.940001,19.240000,18.930000,19.209999,13.505861,1892800
2015-11-04,19.080000,19.110001,18.900000,18.990000,13.351188,2088600
2015-11-05,18.910000,18.910000,18.719999,18.809999,13.224635,2346700
2015-11-06,18.660000,18.700001,18.480000,18.639999,13.105113,2176700
2015-11-09,18.200001,18.230000,18.049999,18.160000,12.767643,5356000
2015-11-10,18.080000,18.160000,18.030001,18.139999,12.753583,1480600
2015-11-11,18.400000,18.440001,18.320000,18.340000,12.894194,2016700
2015-11-12,18.370001,18.469999,18.350000,18.350000,12.901227,2174500
2015-11-13,18.230000,18.230000,18.080000,18.110001,12.732491,2124500
2015-11-16,18.040001,18.280001,18.030001,18.260000,12.837950,2319600
2015-11-17,18.500000,18.580000,18.410000,18.459999,12.978560,2515000
2015-11-18,18.580000,18.750000,18.559999,18.730000,13.168390,1856900
2015-11-19,19.200001,19.290001,19.180000,19.200001,13.498831,2191900
2015-11-20,19.469999,19.510000,19.350000,19.350000,13.604291,1525000
2015-11-23,19.299999,19.379999,19.230000,19.230000,13.519921,2000800
2015-11-24,19.170000,19.360001,19.139999,19.350000,13.604291,3008700
2015-11-25,19.190001,19.260000,19.139999,19.160000,13.470707,1043700
2015-11-27,18.990000,19.049999,18.940001,19.020000,13.372280,767500
2015-11-30,19.070000,19.160000,19.070000,19.090000,13.421494,1558200
2015-12-01,19.469999,19.660000,19.469999,19.629999,13.801146,3322800
2015-12-02,19.620001,19.670000,19.410000,19.430000,13.660536,1535600
2015-12-03,19.480000,19.490000,19.250000,19.299999,13.569133,1670800
2015-12-04,19.160000,19.430000,19.160000,19.389999,13.632411,1936100
2015-12-07,19.110001,19.139999,18.959999,19.010000,13.365251,2278400
2015-12-08,18.580000,18.760000,18.530001,18.629999,13.098083,2248300
2015-12-09,18.690001,18.830000,18.420000,18.600000,13.076991,3470400
2015-12-10,18.610001,18.750000,18.580000,18.610001,13.084024,2036000
2015-12-11,18.299999,18.340000,18.049999,18.090000,12.718431,3064500
2015-12-14,18.080000,18.150000,17.910000,18.100000,12.725461,5552000
2015-12-15,18.139999,18.180000,18.010000,18.129999,12.746552,2765800
2015-12-16,18.350000,18.700001,18.350000,18.650000,13.112142,4249100
2015-12-17,18.639999,18.639999,18.309999,18.309999,12.873104,6050200
2015-12-18,18.559999,18.680000,18.510000,18.530001,13.027778,4286500
2015-12-21,18.270000,18.330000,18.120001,18.240000,13.186097,3265200
2015-12-22,18.290001,18.389999,18.219999,18.379999,13.287306,2988500
2015-12-23,18.530001,18.719999,18.510000,18.719999,13.533100,2285200
2015-12-24,18.770000,18.840000,18.730000,18.730000,13.540328,1324300
2015-12-28,18.690001,18.700001,18.590000,18.690001,13.511411,2283800
2015-12-29,19.150000,19.260000,19.139999,19.200001,13.880103,2721300
2015-12-30,19.219999,19.280001,19.150000,19.160000,13.851184,2121500
2015-12-31,19.100000,19.160000,18.950001,18.959999,13.706604,2550800
2016-01-04,18.700001,18.719999,18.480000,18.700001,13.518641,3513900
2016-01-05,18.450001,18.469999,18.230000,18.420000,13.316223,4774000
2016-01-06,17.830000,17.959999,17.809999,17.889999,12.933077,3491200
2016-01-07,17.150000,17.430000,17.059999,17.129999,12.383655,5513800
2016-01-08,17.150000,17.190001,16.860001,16.879999,12.202924,3975500
2016-01-11,17.160000,17.180000,16.790001,17.020000,12.304132,3813800
2016-01-12,17.160000,17.240000,16.910000,17.120001,12.376426,2410500
2016-01-13,17.260000,17.309999,16.740000,16.820000,12.159547,4065000
2016-01-14,16.940001,17.309999,16.790001,17.170000,12.412572,5283300
2016-01-15,16.280001,16.450001,16.090000,16.250000,11.747482,6538600
2016-01-19,16.809999,16.830000,16.500000,16.639999,12.029422,7601200
2016-01-20,16.459999,16.709999,16.080000,16.580000,11.986048,7062200
2016-01-21,16.600000,17.010000,16.459999,16.900000,12.217382,5235100
2016-01-22,17.240000,17.320000,17.120001,17.209999,12.441486,2605800
2016-01-25,17.129999,17.209999,16.930000,16.940001,12.246298,3878600
2016-01-26,17.090000,17.299999,17.059999,17.280001,12.492093,3135500
2016-01-27,17.270000,17.430000,16.950001,17.090000,12.354735,3646100
2016-01-28,17.530001,17.570000,17.260000,17.400000,12.578843,3410500
2016-01-29,17.530001,17.650000,17.480000,17.639999,12.752345,3159200
2016-02-01,17.480000,17.760000,17.430000,17.670000,12.774032,3180100
2016-02-02,17.200001,17.219999,17.020000,17.110001,12.369196,3166000
2016-02-03,17.170000,17.379999,16.830000,17.350000,12.542698,5390800
2016-02-04,17.600000,17.830000,17.580000,17.650000,12.759571,4369400
2016-02-05,17.480000,17.490000,17.110001,17.190001,12.427030,2110500
2016-02-08,17.139999,17.260000,17.020000,17.170000,12.412572,4626700
2016-02-09,16.600000,16.910000,16.559999,16.840000,12.174006,4465900
2016-02-10,16.780001,16.950001,16.730000,16.780001,12.130632,4231300
2016-02-11,16.639999,16.790001,16.540001,16.719999,12.087257,4289500
2016-02-12,16.690001,16.950001,16.610001,16.940001,12.246298,4423000
2016-02-16,17.299999,17.360001,17.110001,17.320000,12.521009,2489400
2016-02-17,17.360001,17.650000,17.330000,17.600000,12.723427,4309600
2016-02-18,17.780001,17.780001,17.620001,17.660000,12.766802,1953800
2016-02-19,17.370001,17.639999,17.309999,17.620001,12.737885,1397800
2016-02-22,17.959999,18.129999,17.959999,18.110001,13.092117,2155300
2016-02-23,17.920000,17.950001,17.730000,17.770000,12.846325,1511500
2016-02-24,17.230000,17.600000,17.160000,17.580000,12.708969,3343400
2016-02-25,17.370001,17.600000,17.280001,17.600000,12.723427,2583400
2016-02-26,17.590000,17.600000,17.250000,17.299999,12.506548,2089800
2016-02-29,17.320000,17.450001,17.270000,17.280001,12.492093,3429200
2016-03-01,17.680000,17.860001,17.570000,17.840000,12.896931,3210800
2016-03-02,18.120001,18.370001,18.070000,18.360001,13.272849,2802500
2016-03-03,18.620001,18.760000,18.600000,18.719999,13.533100,2857600
2016-03-04,18.940001,19.150000,18.900000,19.049999,13.771663,5211100
2016-03-07,19.049999,19.389999,19.049999,19.320000,13.966854,3660300
2016-03-08,19.110001,19.110001,18.920000,18.959999,13.706604,3111200
2016-03-09,19.379999,19.510000,19.309999,19.410000,14.031916,6699300
2016-03-10,19.400000,19.430000,19.090000,19.270000,13.930707,6644700
2016-03-11,19.590000,19.790001,19.570000,19.770000,14.292169,5598900
2016-03-14,19.559999,19.580000,19.450001,19.510000,14.104208,2037700
2016-03-15,19.010000,19.070000,18.969999,19.070000,13.786123,2436200
2016-03-16,19.000000,19.520000,19.000000,19.510000,14.104208,3267500
2016-03-17,19.680000,20.000000,19.620001,19.940001,14.415064,4149700
2016-03-18,19.820000,19.920000,19.790001,19.830000,14.335546,2895900
2016-03-21,19.750000,19.799999,19.650000,19.719999,14.256021,3089800
2016-03-22,19.549999,19.750000,19.540001,19.690001,14.234337,8734500
2016-03-23,19.510000,19.510000,19.240000,19.270000,13.930707,5583500
2016-03-24,19.040001,19.240000,19.040001,19.230000,13.901790,2786800
2016-03-28,19.250000,19.320000,19.190001,19.290001,13.945167,1333800
2016-03-29,18.750000,19.240000,18.680000,19.240000,13.909019,2869100
2016-03-30,19.340000,19.450001,19.250000,19.330000,13.974083,1809800
2016-03-31,19.459999,19.559999,19.320000,19.320000,13.966854,3800600
2016-04-01,18.889999,19.219999,18.860001,19.200001,13.880103,2504200
2016-04-04,19.080000,19.080000,18.910000,18.959999,13.706604,2048000
2016-04-05,18.389999,18.440001,18.309999,18.400000,13.301764,2463100
2016-04-06,18.510000,18.830000,18.510000,18.799999,13.590934,2251500
2016-04-07,18.510000,18.570000,18.350000,18.410000,13.308994,3521700
2016-04-08,18.680000,18.740000,18.530001,18.600000,13.446350,1915900
2016-04-11,18.660000,18.790001,18.610001,18.610001,13.453580,2192000
2016-04-12,18.950001,19.230000,18.840000,19.190001,13.872876,4439700
2016-04-13,19.459999,19.530001,19.379999,19.490000,14.089750,5737900
2016-04-14,19.820000,19.820000,19.690001,19.690001,14.234337,2605400
2016-04-15,19.840000,19.969999,19.799999,19.879999,14.371690,4282800
2016-04-18,19.889999,20.170000,19.860001,20.129999,14.552418,3485900
2016-04-19,20.320000,20.450001,20.299999,20.440001,14.776528,4497300
2016-04-20,20.459999,20.600000,20.440001,20.459999,14.790985,2839600
2016-04-21,20.530001,20.530001,20.270000,20.330000,14.697004,3529200
2016-04-22,20.250000,20.370001,20.160000,20.260000,14.646400,2449400
2016-04-25,20.190001,20.209999,20.110001,20.150000,14.566877,2133700
2016-04-26,20.340000,20.350000,20.219999,20.299999,14.675316,1682800
2016-04-27,19.719999,19.870001,19.629999,19.809999,14.321083,5864000
2016-04-28,19.830000,20.080000,19.790001,19.870001,14.364461,3195600
2016-04-29,20.000000,20.070000,19.840000,19.930000,14.407836,5432800
2016-05-02,19.990000,20.080000,19.920000,20.080000,14.516276,2552500
2016-05-03,20.049999,20.049999,19.830000,19.830000,14.335546,3007900
2016-05-04,19.639999,19.680000,19.469999,19.520000,14.111438,2341600
2016-05-05,19.639999,19.680000,19.440001,19.510000,14.104208,1861200
2016-05-06,19.240000,19.469999,19.209999,19.469999,14.075293,4258400
2016-05-09,19.480000,19.500000,19.370001,19.370001,14.002999,3604100
2016-05-10,19.639999,19.809999,19.620001,19.799999,14.313854,1865600
2016-05-11,19.740000,19.850000,19.700001,19.730000,14.263254,2460500
2016-05-12,19.850000,19.860001,19.520000,19.680000,14.227106,2579900
2016-05-13,19.480000,19.520000,19.350000,19.400000,14.024685,4257000
2016-05-16,19.580000,19.730000,19.570000,19.709999,14.248792,1629100
2016-05-17,19.770000,19.879999,19.660000,19.680000,14.227106,3059000
2016-05-18,19.530001,19.790001,19.400000,19.430000,14.046374,5419400
2016-05-19,19.309999,19.389999,19.190001,19.370001,14.002999,2927900
2016-05-20,19.469999,19.520000,19.379999,19.450001,14.060833,2127800
2016-05-23,19.230000,19.340000,19.230000,19.320000,13.966854,1178700
2016-05-24,19.219999,19.389999,19.170000,19.370001,14.002999,2549500
2016-05-25,19.389999,19.540001,19.389999,19.490000,14.089750,1732500
2016-05-26,19.610001,19.660000,19.540001,19.559999,14.140353,4120500
2016-05-27,19.580000,19.650000,19.530001,19.580000,14.154813,1310200
2016-05-31,19.530001,19.639999,19.360001,19.450001,14.060833,2851900
2016-06-01,19.250000,19.469999,19.240000,19.420000,14.039147,3013100
2016-06-02,19.090000,19.270000,19.070000,19.270000,13.930707,3251600
2016-06-03,19.520000,19.670000,19.410000,19.639999,14.198186,3265100
2016-06-06,19.820000,19.920000,19.730000,19.860001,14.357231,2821400
2016-06-07,19.990000,20.100000,19.990000,20.059999,14.501813,4333800
2016-06-08,20.129999,20.200001,20.110001,20.190001,14.595797,2499900
2016-06-09,19.879999,19.950001,19.830000,19.930000,14.407836,4349900
2016-06-10,19.580000,19.629999,19.370001,19.430000,14.046374,2870300
2016-06-13,19.340000,19.430000,19.250000,19.250000,13.916250,2684900
2016-06-14,19.120001,19.180000,18.950001,19.080000,13.793350,3532300
2016-06-15,19.049999,19.230000,19.040001,19.090000,13.800578,3932900
2016-06-16,18.770000,18.990000,18.549999,18.950001,13.699370,3776000
2016-06-17,19.059999,19.160000,18.990000,19.110001,13.815042,3055900
2016-06-20,19.700001,19.740000,19.590000,19.590000,14.162041,4608100
2016-06-21,19.790001,19.830000,19.680000,19.730000,14.263254,2664900
2016-06-22,19.520000,19.620001,19.450001,19.459999,14.267649,4163800
2016-06-23,19.900000,20.020000,19.799999,20.000000,14.663566,5930700
2016-06-24,18.870001,19.309999,18.830000,18.920000,13.871734,8013400
2016-06-27,18.660000,18.660000,18.180000,18.360001,13.461155,6604600
2016-06-28,18.799999,18.889999,18.639999,18.879999,13.842409,4034600
2016-06-29,19.030001,19.160000,18.990000,19.120001,14.018370,2679800
2016-06-30,19.209999,19.459999,19.190001,19.450001,14.260319,3530100
2016-07-01,19.430000,19.540001,19.400000,19.540001,14.326306,2402800
2016-07-05,19.270000,19.280001,19.110001,19.150000,14.040365,1917700
2016-07-06,19.110001,19.389999,19.020000,19.379999,14.208997,3180700
2016-07-07,19.389999,19.469999,19.170000,19.240000,14.106351,2137600
2016-07-08,19.620001,19.750000,19.530001,19.709999,14.450942,2046500
2016-07-11,19.930000,20.000000,19.879999,19.910000,14.597583,2093700
2016-07-12,20.240000,20.410000,20.240000,20.270000,14.861523,4065100
2016-07-13,20.379999,20.400000,20.240000,20.240000,14.839531,1635400
2016-07-14,20.440001,20.510000,20.379999,20.450001,14.993496,2103400
2016-07-15,20.440001,20.440001,20.309999,20.379999,14.942172,4405500
2016-07-18,20.340000,20.480000,20.340000,20.480000,15.015490,1116900
2016-07-19,20.160000,20.209999,20.100000,20.209999,14.817531,1484300
2016-07-20,20.230000,20.350000,20.200001,20.320000,14.898182,1557500
2016-07-21,20.350000,20.480000,20.290001,20.340000,14.912849,914900
2016-07-22,20.309999,20.350000,20.219999,20.320000,14.898182,925700
2016-07-25,20.370001,20.400000,20.309999,20.379999,14.942172,1461600
2016-07-26,20.629999,20.670000,20.490000,20.549999,15.066816,1774000
2016-07-27,20.549999,20.610001,20.290001,20.540001,15.059482,1991600
2016-07-28,20.620001,20.660000,20.549999,20.610001,15.110806,1459400
2016-07-29,20.780001,20.940001,20.730000,20.889999,15.316094,3121300
2016-08-01,20.790001,20.809999,20.650000,20.660000,15.147465,1861800
2016-08-02,20.770000,20.830000,20.570000,20.639999,15.132796,2761500
2016-08-03,20.379999,20.559999,20.360001,20.559999,15.074147,1495500
2016-08-04,20.570000,20.700001,20.549999,20.660000,15.147465,1672000
2016-08-05,20.709999,20.809999,20.680000,20.809999,15.257441,1306500
2016-08-08,20.870001,20.950001,20.840000,20.920000,15.338092,1170500
2016-08-09,21.000000,21.110001,20.980000,21.030001,15.418742,1098400
2016-08-10,21.209999,21.209999,21.030001,21.040001,15.426074,1411000
2016-08-11,21.030001,21.120001,21.020000,21.100000,15.470061,1006200
2016-08-12,21.059999,21.059999,20.820000,20.860001,15.294103,971600
2016-08-15,20.950001,21.090000,20.950001,21.000000,15.396744,954200
2016-08-16,21.040001,21.070000,20.930000,20.990000,15.389412,3252100
2016-08-17,20.900000,21.070000,20.820000,20.990000,15.389412,2003200
2016-08-18,20.879999,21.000000,20.879999,21.000000,15.396744,1367900
2016-08-19,20.770000,20.850000,20.700001,20.809999,15.257441,878400
2016-08-22,20.820000,20.879999,20.740000,20.830000,15.272102,803200
2016-08-23,21.040001,21.120001,20.959999,20.959999,15.367415,890800
2016-08-24,21.049999,21.110001,20.930000,20.959999,15.367415,1627800
2016-08-25,20.860001,20.950001,20.860001,20.950001,15.360085,1710800
2016-08-26,20.920000,21.160000,20.580000,20.670000,15.154795,4388300
2016-08-29,20.490000,20.660000,20.490000,20.650000,15.140132,1075400
2016-08-30,20.540001,20.600000,20.400000,20.469999,15.008162,2346200
2016-08-31,20.240000,20.270000,20.120001,20.219999,14.824864,4053200
2016-09-01,20.209999,20.330000,20.150000,20.330000,14.905516,2066700
2016-09-02,20.330000,20.389999,20.230000,20.340000,14.912849,2285400
2016-09-06,20.540001,20.709999,20.510000,20.700001,15.176789,4646400
2016-09-07,20.730000,20.740000,20.590000,20.650000,15.140132,2542400
2016-09-08,20.540001,20.610001,20.410000,20.420000,14.971499,1432200
2016-09-09,20.080000,20.120001,19.770000,19.770000,14.494936,2441700
2016-09-12,19.549999,20.000000,19.530001,19.959999,14.634235,2630100
2016-09-13,19.459999,19.500000,19.139999,19.280001,14.135679,5591700
2016-09-14,19.430000,19.600000,19.389999,19.440001,14.252989,3645100
2016-09-15,19.600000,19.900000,19.540001,19.809999,14.524261,1827600
2016-09-16,19.700001,19.830000,19.690001,19.790001,14.509600,1839300
2016-09-19,19.940001,20.030001,19.850000,19.870001,14.568254,1552900
2016-09-20,20.020000,20.090000,19.950001,19.990000,14.656235,951900
2016-09-21,20.190001,20.469999,20.139999,20.440001,14.986164,2018600
2016-09-22,20.660000,20.730000,20.530001,20.570000,15.081478,1265200
2016-09-23,20.639999,20.690001,20.530001,20.540001,15.059482,2573400
2016-09-26,20.570000,20.629999,20.510000,20.520000,15.044821,1948200
2016-09-27,20.570000,20.740000,20.559999,20.740000,15.206120,1058200
2016-09-28,20.780001,20.980000,20.650000,20.980000,15.382080,1449700
2016-09-29,20.920000,21.010000,20.670000,20.740000,15.206120,1846400
2016-09-30,20.910000,20.980000,20.830000,20.900000,15.323425,1388600
2016-10-03,20.990000,20.990000,20.889999,20.940001,15.352756,1845400
2016-10-04,20.959999,21.030001,20.709999,20.780001,15.235446,2453600
2016-10-05,20.840000,20.940001,20.770000,20.900000,15.323425,1456300
2016-10-06,20.850000,20.920000,20.770000,20.910000,15.330759,1370900
2016-10-07,20.940001,20.940001,20.629999,20.830000,15.272102,1801200
2016-10-10,20.940001,21.080000,20.940001,20.990000,15.389412,1025400
2016-10-11,20.820000,20.850000,20.549999,20.590000,15.096145,2461600
2016-10-12,20.700001,20.820000,20.660000,20.730000,15.198786,1696200
2016-10-13,20.530001,20.719999,20.440001,20.670000,15.154795,2526800
2016-10-14,20.879999,20.930000,20.700001,20.700001,15.176789,2090200
2016-10-17,20.620001,20.690001,20.580000,20.639999,15.132796,1124400
2016-10-18,20.990000,20.990000,20.870001,20.900000,15.323425,1354100
2016-10-19,20.930000,21.120001,20.910000,21.059999,15.440734,1423400
2016-10-20,20.910000,20.950001,20.770000,20.850000,15.286770,2653700
2016-10-21,20.639999,20.730000,20.600000,20.730000,15.198786,902000
2016-10-24,20.750000,20.770000,20.629999,20.690001,15.169460,785800
2016-10-25,20.799999,20.920000,20.799999,20.860001,15.294103,1066000
2016-10-26,20.629999,20.730000,20.580000,20.610001,15.110806,1282000
2016-10-27,20.410000,20.410000,20.240000,20.260000,14.854193,2154800
2016-10-28,20.129999,20.250000,20.080000,20.160000,14.780875,1463800
2016-10-31,20.240000,20.350000,20.219999,20.280001,14.868857,1628800
2016-11-01,20.410000,20.410000,20.120001,20.200001,14.810204,2269100
2016-11-02,20.100000,20.170000,19.990000,19.990000,14.656235,5045800
2016-11-03,20.080000,20.180000,20.059999,20.059999,14.707553,1826400
2016-11-04,19.959999,20.010000,19.879999,19.900000,14.590249,2098000
2016-11-07,20.459999,20.500000,20.420000,20.480000,15.015490,3948200
2016-11-08,20.440001,20.709999,20.350000,20.680000,15.162129,1767900
2016-11-09,20.410000,20.670000,20.370001,20.530001,15.052154,3943800
2016-11-10,20.549999,20.629999,20.350000,20.490000,15.022824,3546500
2016-11-11,20.520000,20.530001,20.290001,20.430000,14.978834,2711800
2016-11-14,20.440001,20.480000,20.350000,20.480000,15.015490,1828500
2016-11-15,20.360001,20.559999,20.330000,20.559999,15.074147,2751300
2016-11-16,20.180000,20.219999,20.139999,20.160000,14.780875,1883200
2016-11-17,20.280001,20.360001,20.139999,20.200001,14.810204,2189100
2016-11-18,20.120001,20.160000,19.990000,20.030001,14.685563,1764700
2016-11-21,20.080000,20.209999,20.059999,20.200001,14.810204,875700
2016-11-22,20.379999,20.430000,20.299999,20.420000,14.971499,1542300
2016-11-23,20.500000,20.650000,20.490000,20.610001,15.110806,2032700
2016-11-25,20.870001,20.910000,20.799999,20.830000,15.272102,971900
2016-11-28,20.719999,20.809999,20.719999,20.750000,15.213452,1127400
2016-11-29,20.629999,20.809999,20.600000,20.780001,15.235446,1217000
2016-11-30,20.660000,20.660000,20.440001,20.440001,14.986164,2471700
2016-12-01,20.629999,20.750000,20.570000,20.660000,15.147465,2790900
2016-12-02,20.620001,20.709999,20.590000,20.690001,15.169460,1658200
2016-12-05,20.629999,20.760000,20.580000,20.730000,15.198786,2998600
2016-12-06,20.639999,20.750000,20.610001,20.750000,15.213452,3371600
2016-12-07,20.830000,21.070000,20.799999,21.040001,15.426074,1838000
2016-12-08,21.059999,21.160000,21.000000,21.100000,15.470061,1582500
2016-12-09,21.160000,21.180000,21.049999,21.150000,15.506721,4047000
2016-12-12,21.240000,21.280001,21.160000,21.200001,15.543381,1398400
2016-12-13,21.299999,21.379999,21.270000,21.320000,15.631361,1584500
2016-12-14,21.340000,21.370001,20.889999,20.920000,15.338092,3303200
2016-12-15,20.780001,20.830000,20.730000,20.780001,15.235446,7201100
2016-12-16,20.620001,20.680000,20.520000,20.570000,15.081478,2411100
2016-12-19,20.610001,20.629999,20.520000,20.530001,15.052154,1121100
2016-12-20,20.639999,20.750000,20.639999,20.730000,15.198786,2138700
2016-12-21,20.240000,20.270000,20.170000,20.180000,15.191260,1147600
2016-12-22,20.270000,20.320000,20.200001,20.200001,15.206314,1187100
2016-12-23,20.010000,20.059999,19.980000,20.049999,15.093396,1599400
2016-12-27,20.139999,20.209999,20.110001,20.139999,15.161150,1090600
2016-12-28,20.290001,20.309999,20.190001,20.219999,15.221369,1672800
2016-12-29,20.400000,20.430000,20.350000,20.379999,15.341814,1431100
2016-12-30,20.309999,20.340000,20.150000,20.230000,15.228897,2028800
2017-01-03,20.570000,20.600000,20.510000,20.590000,15.499904,4346400
2017-01-04,20.719999,20.850000,20.680000,20.850000,15.695626,1715700
2017-01-05,20.900000,21.049999,20.860001,21.049999,15.846182,7159800
2017-01-06,20.930000,21.000000,20.889999,20.940001,15.763378,2798300
2017-01-09,21.120001,21.230000,21.110001,21.170000,15.936524,1891600
2017-01-10,21.150000,21.260000,21.139999,21.209999,15.966630,2013700
2017-01-11,21.190001,21.450001,21.160000,21.430000,16.132246,4762400
2017-01-12,21.459999,21.530001,21.420000,21.520000,16.199995,3238500
2017-01-13,21.280001,21.430000,21.260000,21.430000,16.132246,2044400
2017-01-17,21.350000,21.389999,21.320000,21.379999,16.094604,1604200
2017-01-18,21.280001,21.299999,21.160000,21.200001,15.959103,2038800
2017-01-19,21.340000,21.350000,21.240000,21.290001,16.026852,2113300
2017-01-20,21.250000,21.299999,21.180000,21.290001,16.026852,3056700
2017-01-23,21.150000,21.230000,21.080000,21.230000,15.981687,2289300
2017-01-24,21.280001,21.410000,21.260000,21.389999,16.102133,2197100
2017-01-25,21.309999,21.459999,21.270000,21.459999,16.154827,2379400
2017-01-26,21.379999,21.410000,21.309999,21.340000,16.064491,2096200
2017-01-27,21.459999,21.490000,21.360001,21.400000,16.109661,1147000
2017-01-30,21.209999,21.230000,21.120001,21.230000,15.981687,1152200
2017-01-31,21.190001,21.280001,21.139999,21.240000,15.989216,1981700
2017-02-01,21.370001,21.410000,21.260000,21.350000,16.072021,2355200
2017-02-02,21.580000,21.650000,21.530001,21.570000,16.237635,2014800
2017-02-03,21.570000,21.650000,21.530001,21.590000,16.252691,2035200
2017-02-06,21.299999,21.400000,21.270000,21.389999,16.102133,1806000
2017-02-07,21.299999,21.389999,21.270000,21.340000,16.064491,1535800
2017-02-08,21.430000,21.490000,21.410000,21.450001,16.147301,1379100
2017-02-09,21.450001,21.600000,21.450001,21.559999,16.230106,3996500
2017-02-10,21.730000,21.910000,21.730000,21.850000,16.448416,1820000
2017-02-13,21.920000,22.010000,21.920000,21.959999,16.531221,1578400
2017-02-14,21.969999,21.990000,21.790001,21.980000,16.546280,2255000
2017-02-15,22.040001,22.299999,22.040001,22.280001,16.772114,4733100
2017-02-16,22.350000,22.379999,22.260000,22.280001,16.772114,4108500
2017-02-17,22.200001,22.260000,22.160000,22.240000,16.742002,1117700
2017-02-21,22.129999,22.330000,22.129999,22.330000,16.809750,1737000
2017-02-22,22.299999,22.389999,22.240000,22.370001,16.839863,1450600
2017-02-23,22.500000,22.520000,22.330000,22.370001,16.839863,1423700
2017-02-24,22.049999,22.160000,22.010000,22.080000,16.621555,1967500
2017-02-27,22.010000,22.070000,21.959999,22.059999,16.606499,3886400
2017-02-28,21.950001,22.049999,21.940001,21.950001,16.523693,1581100
2017-03-01,22.040001,22.260000,22.020000,22.200001,16.711893,2884100
2017-03-02,22.080000,22.080000,21.930000,21.950001,16.523693,2021000
2017-03-03,21.830000,22.000000,21.799999,21.980000,16.546280,1968100
2017-03-06,21.940001,21.980000,21.879999,21.920000,16.501110,1149300
2017-03-07,22.080000,22.090000,22.000000,22.010000,16.568863,3117300
2017-03-08,21.959999,22.000000,21.850000,21.860001,16.455942,1906000
2017-03-09,21.930000,21.940001,21.780001,21.860001,16.455942,2302500
2017-03-10,22.059999,22.100000,21.950001,22.049999,16.598970,1245400
2017-03-13,22.040001,22.129999,22.040001,22.120001,16.651667,1071300
2017-03-14,21.930000,21.990000,21.889999,21.969999,16.538748,1856100
2017-03-15,22.160000,22.670000,22.120001,22.650000,17.050644,5018200
2017-03-16,22.549999,22.559999,22.389999,22.450001,16.900087,2315100
2017-03-17,22.510000,22.600000,22.469999,22.490000,16.930199,2257500
2017-03-20,22.580000,22.590000,22.490000,22.530001,16.960312,1988500
2017-03-21,22.590000,22.610001,22.209999,22.219999,16.726946,3781100
2017-03-22,21.990000,22.120001,21.930000,22.100000,16.636612,2416900
2017-03-23,21.990000,22.129999,21.959999,22.020000,16.576385,3084800
2017-03-24,22.110001,22.230000,22.110001,22.170000,16.689308,2905900
2017-03-27,22.139999,22.209999,22.040001,22.170000,16.689308,5811500
2017-03-28,22.350000,22.520000,22.330000,22.490000,16.930199,6276000
2017-03-29,22.600000,22.760000,22.600000,22.750000,17.125927,2952900
2017-03-30,22.799999,22.910000,22.780001,22.780001,17.148504,4551900
2017-03-31,22.620001,22.680000,22.590000,22.610001,17.020533,2456100
2017-04-03,22.549999,22.559999,22.370001,22.540001,16.967840,3032100
2017-04-04,22.379999,22.480000,22.340000,22.480000,16.922670,2464600
2017-04-05,22.549999,22.620001,22.440001,22.450001,16.900087,3590900
2017-04-06,22.389999,22.450001,22.340000,22.420000,16.877506,1472200
2017-04-07,22.280001,22.379999,22.240000,22.309999,16.794695,2051700
2017-04-10,22.379999,22.459999,22.360001,22.389999,16.854919,1845900
2017-04-11,22.530001,22.580000,22.370001,22.549999,16.975368,1923900
2017-04-12,22.500000,22.520000,22.370001,22.490000,16.930199,2525300
2017-04-13,22.469999,22.580000,22.430000,22.430000,16.885033,2034200
2017-04-17,22.549999,22.600000,22.469999,22.559999,16.982891,1782400
2017-04-18,22.250000,22.280001,22.160000,22.260000,16.757057,2741600
2017-04-19,22.180000,22.190001,22.000000,22.040001,16.591444,2126700
2017-04-20,22.230000,22.309999,22.209999,22.270000,16.764585,2775900
2017-04-21,22.299999,22.350000,22.270000,22.330000,16.809750,1507900
2017-04-24,22.570000,22.580000,22.510000,22.570000,16.990425,2136100
2017-04-25,22.530001,22.639999,22.520000,22.620001,17.028061,1696400
2017-04-26,22.430000,22.520000,22.410000,22.410000,16.869974,1611700
2017-04-27,22.430000,22.430000,22.290001,22.400000,16.862446,1545900
2017-04-28,22.430000,22.469999,22.379999,22.459999,16.907616,3173900
2017-05-01,22.670000,22.740000,22.670000,22.680000,17.073231,1128900
2017-05-02,22.660000,22.670000,22.590000,22.660000,17.058172,1591500
2017-05-03,22.200001,22.250000,22.120001,22.160000,16.681780,2386400
2017-05-04,21.950001,22.010000,21.900000,22.000000,16.561333,3016300
2017-05-05,21.879999,22.100000,21.850000,22.100000,16.636612,1967600
2017-05-08,21.990000,22.000000,21.920000,21.959999,16.531221,1402100
2017-05-09,21.709999,21.750000,21.629999,21.690001,16.327967,3352300
2017-05-10,21.860001,21.940001,21.850000,21.879999,16.470997,1972800
2017-05-11,21.780001,21.860001,21.730000,21.850000,16.448416,1670600
2017-05-12,21.740000,21.780001,21.690001,21.750000,16.373133,1405700
2017-05-15,21.879999,21.930000,21.860001,21.900000,16.486053,1588700
2017-05-16,22.010000,22.040001,21.980000,22.010000,16.568863,2013400
2017-05-17,21.610001,21.639999,21.420000,21.450001,16.147301,9044400
2017-05-18,21.410000,21.540001,21.379999,21.500000,16.184940,2676700
2017-05-19,21.570000,21.730000,21.570000,21.690001,16.327967,2121400
2017-05-22,21.830000,21.879999,21.799999,21.850000,16.448416,2274300
2017-05-23,21.879999,21.930000,21.840000,21.850000,16.448416,1905800
2017-05-24,21.809999,21.900000,21.760000,21.879999,16.470997,1791100
2017-05-25,21.850000,21.930000,21.799999,21.809999,16.418306,1872600
2017-05-26,21.670000,21.680000,21.600000,21.670000,16.312912,1475200
2017-05-30,21.490000,21.590000,21.469999,21.559999,16.230106,1542400
2017-05-31,21.580000,21.600000,21.469999,21.490000,16.177410,1522600
2017-06-01,21.360001,21.480000,21.340000,21.450001,16.147301,2449500
2017-06-02,21.629999,21.740000,21.580000,21.719999,16.350554,1561900
2017-06-05,21.639999,21.740000,21.639999,21.730000,16.358080,3627400
2017-06-06,21.410000,21.490000,21.400000,21.490000,16.177410,2224000
2017-06-07,21.559999,21.590000,21.440001,21.490000,16.177410,2774700
2017-06-08,21.540001,21.600000,21.500000,21.590000,16.252691,1349300
2017-06-09,21.500000,21.639999,21.469999,21.570000,16.237635,2835600
2017-06-12,21.570000,21.610001,21.530001,21.549999,16.222580,1275800
2017-06-13,21.950001,22.040001,21.950001,22.020000,16.576385,3941700
2017-06-14,22.440001,22.459999,22.160000,22.230000,16.734474,3877000
2017-06-15,22.000000,22.080000,21.959999,22.059999,16.606499,1854000
2017-06-16,22.129999,22.180000,22.080000,22.160000,16.681780,2788000
2017-06-19,22.180000,22.280001,22.180000,22.240000,16.742002,1355500
2017-06-20,21.520000,21.520000,21.360001,21.370001,16.434385,2109100
2017-06-21,21.150000,21.209999,21.070000,21.160000,16.272888,2255000
2017-06-22,21.190001,21.240000,21.150000,21.209999,16.311340,913800
2017-06-23,21.299999,21.370001,21.270000,21.360001,16.426693,719100
2017-06-26,21.459999,21.480000,21.350000,21.379999,16.442074,1328000
2017-06-27,21.350000,21.420000,21.309999,21.309999,16.388241,1766000
2017-06-28,21.639999,21.820000,21.639999,21.760000,16.734312,2630900
2017-06-29,21.930000,21.950001,21.690001,21.799999,16.765070,4233100
2017-06-30,21.660000,21.750000,21.639999,21.680000,16.672792,2991200
2017-07-03,21.480000,21.670000,21.480000,21.580000,16.595886,1566700
2017-07-05,21.610001,21.690001,21.540001,21.680000,16.672792,1808700
2017-07-06,21.520000,21.549999,21.440001,21.480000,16.518982,1663000
2017-07-07,21.420000,21.490000,21.370001,21.480000,16.518982,1157600
2017-07-10,21.410000,21.559999,21.389999,21.530001,16.557432,1314300
2017-07-11,21.480000,21.600000,21.420000,21.580000,16.595886,929400
2017-07-12,21.580000,21.670000,21.570000,21.670000,16.665096,1917300
2017-07-13,21.860001,21.950001,21.850000,21.900000,16.841976,1526700
2017-07-14,22.150000,22.309999,22.150000,22.260000,17.118832,2041000
2017-07-17,22.270000,22.320000,22.170000,22.180000,17.057306,1351600
2017-07-18,22.230000,22.250000,22.180000,22.250000,17.111143,4326800
2017-07-19,22.549999,22.680000,22.530001,22.650000,17.418756,2182900
2017-07-20,22.690001,22.760000,22.629999,22.709999,17.464899,1798200
2017-07-21,22.440001,22.450001,22.360001,22.389999,17.218807,1848200
2017-07-24,22.410000,22.430000,22.320000,22.400000,17.226496,1588600
2017-07-25,22.660000,22.700001,22.620001,22.639999,17.411064,1341500
2017-07-26,22.700001,22.950001,22.690001,22.879999,17.595634,3264300
2017-07-27,22.940001,22.940001,22.680000,22.760000,17.503349,1937500
2017-07-28,22.549999,22.650000,22.530001,22.620001,17.395685,1657000
2017-07-31,22.639999,22.709999,22.580000,22.700001,17.457209,1629500
2017-08-01,22.830000,22.879999,22.750000,22.780001,17.518730,1604200
2017-08-02,22.639999,22.730000,22.620001,22.709999,17.464899,1226000
2017-08-03,22.540001,22.600000,22.480000,22.530001,17.326473,1965800
2017-08-04,22.490000,22.549999,22.379999,22.549999,17.341856,1634800
2017-08-07,22.559999,22.620001,22.559999,22.600000,17.380304,976600
2017-08-08,22.510000,22.590000,22.459999,22.500000,17.303402,1200500
2017-08-09,22.440001,22.469999,22.389999,22.440001,17.257257,1789400
2017-08-10,22.450001,22.450001,22.180000,22.180000,17.057306,2508200
2017-08-11,22.180000,22.299999,22.150000,22.240000,17.103453,1930500
2017-08-14,22.320000,22.420000,22.309999,22.340000,17.180353,1409000
2017-08-15,22.309999,22.309999,22.209999,22.280001,17.134212,1574900
2017-08-16,22.580000,22.830000,22.580000,22.790001,17.526424,1762200
2017-08-17,22.709999,22.770000,22.490000,22.500000,17.303402,1453700
2017-08-18,22.570000,22.700001,22.510000,22.610001,17.387995,1930000
2017-08-21,22.610001,22.620001,22.520000,22.590000,17.372612,813600
2017-08-22,22.650000,22.770000,22.639999,22.730000,17.480278,1121600
2017-08-23,22.490000,22.629999,22.469999,22.620001,17.395685,1080100
2017-08-24,22.620001,22.650000,22.570000,22.580000,17.364922,1680100
2017-08-25,22.620001,22.799999,22.620001,22.700001,17.457209,1822700
2017-08-28,22.660000,22.660000,22.559999,22.650000,17.418756,1017800
2017-08-29,22.420000,22.549999,22.400000,22.490000,17.295710,1171400
2017-08-30,22.340000,22.389999,22.280001,22.379999,17.211115,2367200
2017-08-31,22.559999,22.690001,22.530001,22.650000,17.418756,1758800
2017-09-01,22.809999,22.870001,22.719999,22.820000,17.549492,2447900
2017-09-05,22.770000,22.840000,22.559999,22.680000,17.441830,1812300
2017-09-06,22.629999,22.820000,22.629999,22.760000,17.503349,1834000
2017-09-07,22.850000,22.889999,22.799999,22.889999,17.603323,911400
2017-09-08,22.950001,23.049999,22.799999,22.809999,17.541805,1258600
2017-09-11,22.920000,23.030001,22.910000,23.010000,17.695610,1709200
2017-09-12,23.110001,23.200001,23.070000,23.160000,17.810966,1498000
2017-09-13,23.070000,23.080000,22.910000,22.969999,17.664850,1846100
2017-09-14,22.840000,22.980000,22.820000,22.969999,17.664850,1423600
2017-09-15,22.910000,22.910000,22.820000,22.900000,17.611019,1196200
2017-09-18,22.870001,22.930000,22.750000,22.830000,17.557184,2395400
2017-09-19,22.930000,22.990000,22.879999,22.980000,17.672539,1103700
2017-09-20,22.990000,23.129999,22.740000,22.930000,17.634087,2842700
2017-09-21,22.559999,22.590000,22.490000,22.549999,17.341856,2007800
2017-09-22,22.740000,22.830000,22.690001,22.709999,17.464899,1919800
2017-09-25,22.660000,22.740000,22.580000,22.639999,17.411064,1823300
2017-09-26,22.500000,22.520000,22.389999,22.469999,17.280327,1846700
2017-09-27,22.320000,22.410000,22.299999,22.389999,17.218807,1702300
2017-09-28,22.200001,22.379999,22.200001,22.350000,17.188044,1810200
2017-09-29,22.360001,22.459999,22.309999,22.440001,17.257257,4612800
2017-10-02,22.500000,22.590000,22.459999,22.540001,17.334166,1955500
2017-10-03,22.340000,22.450001,22.330000,22.440001,17.257257,1681700
2017-10-04,22.270000,22.330000,22.250000,22.320000,17.164974,2827400
2017-10-05,22.200001,22.240000,22.170000,22.219999,17.088070,2387300
2017-10-06,22.160000,22.260000,22.110001,22.219999,17.088070,2122200
2017-10-09,22.330000,22.340000,22.209999,22.230000,17.095760,1436700
2017-10-10,22.350000,22.410000,22.350000,22.410000,17.234186,1337300
2017-10-11,22.450001,22.490000,22.389999,22.469999,17.280327,1422600
2017-10-12,22.590000,22.670000,22.559999,22.629999,17.403374,1311400
2017-10-13,22.930000,22.990000,22.920000,22.959999,17.657158,3087100
2017-10-16,23.000000,23.030001,22.950001,22.990000,17.680231,1620800
2017-10-17,23.070000,23.090000,23.000000,23.070000,17.741755,2116200
2017-10-18,23.100000,23.110001,23.030001,23.070000,17.741755,2162500
2017-10-19,23.059999,23.160000,23.049999,23.110001,17.772512,1791900
2017-10-20,23.170000,23.170000,23.059999,23.110001,17.772512,1453100
2017-10-23,23.049999,23.059999,22.940001,22.969999,17.664850,1371500
2017-10-24,22.950001,23.030001,22.930000,23.000000,17.687920,1132100
2017-10-25,22.799999,22.820000,22.620001,22.690001,17.449518,1929500
2017-10-26,22.799999,22.809999,22.690001,22.690001,17.449518,1874100
2017-10-27,22.639999,22.799999,22.590000,22.799999,17.534113,2506300
2017-10-30,22.700001,22.760000,22.700001,22.760000,17.503349,1792600
2017-10-31,22.660000,22.740000,22.620001,22.700001,17.457209,1879100
2017-11-01,22.850000,22.959999,22.799999,22.809999,17.541805,2151600
2017-11-02,22.950001,23.000000,22.900000,22.980000,17.672539,1577200
2017-11-03,22.920000,22.930000,22.790001,22.850000,17.572563,2082400
2017-11-06,22.790001,22.950001,22.790001,22.940001,17.641781,991400
2017-11-07,22.959999,22.969999,22.840000,22.900000,17.611019,2467800
2017-11-08,23.129999,23.170000,23.059999,23.120001,17.780209,1794100
2017-11-09,23.100000,23.200001,23.070000,23.170000,17.818655,1450900
2017-11-10,23.100000,23.200001,23.080000,23.170000,17.818655,1656700
2017-11-13,22.980000,23.080000,22.969999,23.010000,17.695610,1387700
2017-11-14,22.840000,22.860001,22.690001,22.750000,17.495663,2009900
2017-11-15,22.610001,22.690001,22.540001,22.680000,17.441830,1900900
2017-11-16,22.730000,22.830000,22.719999,22.830000,17.557184,1175400
2017-11-17,22.610001,22.670000,22.580000,22.629999,17.403374,1252000
2017-11-20,22.629999,22.700001,22.620001,22.680000,17.441830,1372600
2017-11-21,22.780001,22.860001,22.780001,22.820000,17.549492,2828800
2017-11-22,22.910000,22.950001,22.840000,22.940001,17.641781,1324700
2017-11-24,22.959999,22.980000,22.920000,22.930000,17.634087,657700
2017-11-27,22.920000,22.950001,22.820000,22.830000,17.557184,1342100
2017-11-28,22.940001,23.049999,22.910000,22.959999,17.657158,3082100
2017-11-29,22.879999,22.900000,22.780001,22.830000,17.557184,1881200
2017-11-30,22.840000,22.860001,22.740000,22.770000,17.511042,2209000
2017-12-01,22.809999,22.930000,22.770000,22.850000,17.572563,2972800
2017-12-04,22.850000,22.860001,22.700001,22.700001,17.457209,1542300
2017-12-05,22.790001,22.799999,22.660000,22.660000,17.426447,3213000
2017-12-06,22.650000,22.660000,22.590000,22.600000,17.380304,1007400
2017-12-07,22.540001,22.629999,22.520000,22.590000,17.372612,1703300
2017-12-08,22.690001,22.700001,22.610001,22.660000,17.426447,1725600
2017-12-11,22.610001,22.730000,22.610001,22.709999,17.464899,1621900
2017-12-12,22.820000,22.879999,22.790001,22.830000,17.557184,2416300
2017-12-13,23.030001,23.260000,23.020000,23.170000,17.818655,2652800
2017-12-14,23.200001,23.209999,23.110001,23.110001,17.772512,1766500
2017-12-15,23.120001,23.190001,23.110001,23.139999,17.795584,1538800
2017-12-18,23.320000,23.379999,23.270000,23.299999,17.918631,3072300
2017-12-19,22.750000,22.760000,22.680000,22.700001,17.886328,4317200
2017-12-20,22.780001,22.790001,22.670000,22.700001,17.886328,1765700
2017-12-21,22.820000,22.930000,22.799999,22.860001,18.012398,1494900
2017-12-22,22.910000,22.980000,22.840000,22.969999,18.099073,1861600
2017-12-26,22.969999,23.040001,22.889999,22.969999,18.099073,1178000
2017-12-27,23.030001,23.110001,23.030001,23.090000,18.193624,1917100
2017-12-28,23.240000,23.250000,23.160000,23.190001,18.272419,1119100
2017-12-29,23.280001,23.280001,23.139999,23.170000,18.256659,1875300
2018-01-02,23.250000,23.330000,23.200001,23.320000,18.374853,1615300
2018-01-03,23.370001,23.480000,23.360001,23.469999,18.493046,1557400
2018-01-04,23.430000,23.559999,23.410000,23.559999,18.563957,2394600
2018-01-05,23.620001,23.730000,23.570000,23.700001,18.674274,1594900
2018-01-08,23.559999,23.580000,23.510000,23.570000,18.571840,3976700
2018-01-09,23.580000,23.629999,23.530001,23.600000,18.595474,2805000
2018-01-10,23.370001,23.469999,23.320000,23.400000,18.437885,1811200
2018-01-11,23.430000,23.559999,23.400000,23.540001,18.548199,1057200
2018-01-12,23.500000,23.690001,23.469999,23.670000,18.650633,1428400
2018-01-16,23.559999,23.610001,23.370001,23.459999,18.485165,2161200
2018-01-17,23.450001,23.690001,23.389999,23.590000,18.587599,2164800
2018-01-18,23.639999,23.670000,23.559999,23.610001,18.603355,1176800
2018-01-19,23.639999,23.690001,23.620001,23.660000,18.642750,1088100
2018-01-22,23.590000,23.690001,23.559999,23.690001,18.666393,1923100
2018-01-23,23.629999,23.760000,23.610001,23.740000,18.705790,1778100
2018-01-24,23.959999,24.000000,23.780001,23.879999,18.816097,2281800
2018-01-25,24.000000,24.000000,23.700001,23.809999,18.760946,2608700
2018-01-26,23.969999,24.190001,23.950001,24.110001,18.997324,3685200
2018-01-29,23.990000,24.049999,23.910000,23.940001,18.863377,1426400
2018-01-30,23.830000,23.870001,23.700001,23.750000,18.713665,1892000
2018-01-31,23.920000,23.969999,23.719999,23.770000,18.729427,2027800
2018-02-01,23.760000,23.940001,23.740000,23.879999,18.816097,2543800
2018-02-02,23.750000,23.790001,23.469999,23.520000,18.532442,4146000
2018-02-05,23.299999,23.430000,22.680000,22.730000,17.909967,6553000
2018-02-06,22.459999,23.030001,22.320000,22.950001,18.083313,10479800
2018-02-07,22.660000,22.770000,22.440001,22.469999,17.705097,3749000
2018-02-08,22.480000,22.540001,21.840000,21.840000,17.208696,5136200
2018-02-09,22.120001,22.250000,21.590000,22.120001,17.429319,6749200
2018-02-12,22.309999,22.549999,22.190001,22.469999,17.705097,2552300
2018-02-13,22.459999,22.670000,22.420000,22.600000,17.807535,1982700
2018-02-14,22.330000,23.000000,22.330000,23.000000,18.122709,2965100
2018-02-15,23.129999,23.180000,22.889999,23.170000,18.256659,2823800
2018-02-16,22.969999,23.120001,22.879999,22.980000,18.106949,2039500
2018-02-20,22.980000,23.080000,22.870001,22.920000,18.059675,2155000
2018-02-21,23.000000,23.240000,22.830000,22.860001,18.012398,2665900
2018-02-22,23.030001,23.230000,23.010000,23.040001,18.154224,2338000
2018-02-23,23.070000,23.240000,23.030001,23.219999,18.296059,1752200
2018-02-26,23.370001,23.490000,23.280001,23.469999,18.493046,1741200
2018-02-27,23.370001,23.400000,23.100000,23.100000,18.201508,1824800
2018-02-28,23.200001,23.230000,22.820000,22.820000,17.980881,2847100
2018-03-01,22.809999,22.920000,22.480000,22.670000,17.862688,2796400
2018-03-02,22.559999,22.760000,22.469999,22.740000,17.917845,2415700
2018-03-05,22.530001,22.870001,22.500000,22.840000,17.996639,1957500
2018-03-06,23.080000,23.139999,22.950001,23.020000,18.138468,1684300
2018-03-07,22.790001,22.930000,22.680000,22.870001,18.020279,2537900
2018-03-08,22.910000,22.959999,22.760000,22.900000,18.043917,2174600
2018-03-09,23.110001,23.320000,23.090000,23.309999,18.366972,1761900
2018-03-12,23.270000,23.350000,23.219999,23.299999,18.359091,1916000
2018-03-13,23.299999,23.340000,22.950001,23.000000,18.122709,1701000
2018-03-14,23.250000,23.270000,23.020000,23.100000,18.201508,1846200
2018-03-15,22.959999,23.000000,22.799999,22.850000,18.004519,1103500
2018-03-16,22.820000,22.879999,22.770000,22.770000,17.941484,1161900
2018-03-19,22.639999,22.670000,22.440001,22.590000,17.799652,1639300
2018-03-20,22.540001,22.580000,22.459999,22.510000,17.736614,2118300
2018-03-21,22.510000,22.809999,22.480000,22.740000,17.917845,1808200
2018-03-22,22.370001,22.450001,22.160000,22.160000,17.460836,3219800
2018-03-23,22.270000,22.290001,21.870001,21.870001,17.232330,3996300
2018-03-26,22.129999,22.280001,21.920000,22.260000,17.539635,3528300
2018-03-27,22.170000,22.190001,21.760000,21.830000,17.200819,3098200
2018-03-28,21.900000,22.040001,21.799999,21.840000,17.208696,3831600
2018-03-29,21.889999,22.110001,21.809999,22.020000,17.350527,4194800
2018-04-02,21.870001,22.000000,21.540001,21.639999,17.051105,4011600
2018-04-03,21.780001,21.940001,21.730000,21.889999,17.248091,2962700
2018-04-04,21.730000,22.080000,21.719999,22.040001,17.366283,3277300
2018-04-05,22.000000,22.139999,21.870001,22.059999,17.382042,3731700
2018-04-06,22.040001,22.129999,21.770000,21.809999,17.185055,2480200
2018-04-09,22.040001,22.240000,22.010000,22.059999,17.382042,2154000
2018-04-10,22.360001,22.510000,22.330000,22.459999,17.697220,3642800
2018-04-11,22.270000,22.430000,22.270000,22.309999,17.579027,1299500
2018-04-12,22.360001,22.440001,22.350000,22.379999,17.634186,1357600
2018-04-13,22.540001,22.559999,22.330000,22.379999,17.634186,1225500
2018-04-16,22.420000,22.520000,22.410000,22.480000,17.712978,2811400
2018-04-17,22.440001,22.559999,22.420000,22.510000,17.736614,1460600
2018-04-18,22.570000,22.660000,22.540001,22.639999,17.839048,1612300
2018-04-19,22.540001,22.590000,22.340000,22.400000,17.649942,1917200
2018-04-20,22.240000,22.260000,22.129999,22.170000,17.468719,2344700
2018-04-23,22.270000,22.280001,22.139999,22.180000,17.476599,1494900
2018-04-24,22.400000,22.430000,22.139999,22.180000,17.476599,1532500
2018-04-25,22.100000,22.200001,22.020000,22.139999,17.445078,1435500
2018-04-26,22.230000,22.280001,22.160000,22.250000,17.531755,733300
2018-04-27,22.280001,22.379999,22.240000,22.379999,17.634186,1332300
2018-04-30,22.309999,22.360001,22.180000,22.190001,17.484476,3277700
2018-05-01,22.270000,22.309999,22.180000,22.299999,17.571148,1199700
2018-05-02,22.500000,22.670000,22.430000,22.490000,17.720860,1246700
2018-05-03,22.629999,22.750000,22.430000,22.700001,17.886328,1830800
2018-05-04,22.420000,22.760000,22.389999,22.730000,17.909967,1278600
2018-05-07,22.580000,22.690001,22.570000,22.610001,17.815414,1188500
2018-05-08,22.450001,22.510000,22.389999,22.510000,17.736614,1353900
2018-05-09,22.480000,22.610001,22.480000,22.610001,17.815414,1154500
2018-05-10,22.760000,22.879999,22.700001,22.879999,18.028156,1026200
2018-05-11,22.860001,22.910000,22.820000,22.850000,18.004519,1051200
2018-05-14,22.980000,23.010000,22.879999,22.900000,18.043917,1117300
2018-05-15,22.620001,22.700001,22.549999,22.620001,17.823292,1451400
2018-05-16,22.780001,22.879999,22.760000,22.830000,17.988758,1417400
2018-05-17,22.850000,22.920000,22.780001,22.860001,18.012398,1090300
2018-05-18,22.730000,22.770000,22.690001,22.700001,17.886328,1093100
2018-05-21,22.870001,22.990000,22.870001,22.990000,18.114828,1087200
2018-05-22,22.980000,22.990000,22.799999,22.830000,17.988758,1140700
2018-05-23,22.610001,22.719999,22.590000,22.709999,17.894203,1256300
2018-05-24,22.730000,22.770000,22.580000,22.740000,17.917845,951400
2018-05-25,22.620001,22.670000,22.570000,22.600000,17.807535,822900
2018-05-29,22.430000,22.480000,22.219999,22.290001,17.563267,2103700
2018-05-30,22.559999,22.790001,22.520000,22.780001,17.949364,1222900
2018-05-31,22.730000,22.750000,22.549999,22.570000,17.783894,1540200
2018-06-01,22.650000,22.719999,22.570000,22.719999,17.902086,1657200
2018-06-04,22.920000,22.969999,22.799999,22.860001,18.012398,1121300
2018-06-05,22.809999,22.809999,22.719999,22.760000,17.933603,2021600
2018-06-06,22.969999,23.080000,22.900000,23.080000,18.185747,1268700
2018-06-07,23.070000,23.090000,22.870001,22.900000,18.043917,1233000
2018-06-08,22.870001,22.920000,22.820000,22.889999,18.036036,1288400
2018-06-11,22.920000,23.030001,22.920000,23.010000,18.130589,648500
2018-06-12,22.830000,22.860001,22.690001,22.709999,17.894203,839400
2018-06-13,22.719999,22.799999,22.549999,22.680000,17.870567,1292100
2018-06-14,22.660000,22.660000,22.469999,22.469999,17.705097,1555600
2018-06-15,22.530001,22.549999,22.440001,22.490000,17.720860,2688500
2018-06-18,22.570000,22.690001,22.540001,22.680000,17.870567,2755100
2018-06-19,21.950001,22.090000,21.910000,22.070000,17.727591,2674300
2018-06-20,22.320000,22.340000,22.200001,22.290001,17.904303,2216300
2018-06-21,22.430000,22.469999,22.350000,22.370001,17.968565,2168000
2018-06-22,22.740000,22.770000,22.629999,22.690001,18.225601,1608700
2018-06-25,22.420000,22.430000,22.180000,22.230000,17.856106,3190500
2018-06-26,22.400000,22.440001,22.280001,22.389999,17.984631,1707500
2018-06-27,22.400000,22.549999,22.180000,22.190001,17.823978,3580600
2018-06-28,22.340000,22.530001,22.320000,22.490000,18.064955,2809800
2018-06-29,22.480000,22.629999,22.480000,22.610001,18.161341,1647000
2018-07-02,22.230000,22.350000,22.219999,22.309999,17.920368,2135800
2018-07-03,22.559999,22.610001,22.400000,22.430000,18.016758,1216000
2018-07-05,22.650000,22.680000,22.559999,22.670000,18.209536,1077900
2018-07-06,22.770000,23.000000,22.770000,22.980000,18.458540,2375700
2018-07-09,23.120001,23.180000,23.049999,23.170000,18.611158,1927000
2018-07-10,22.980000,23.059999,22.959999,23.040001,18.506735,1505500
2018-07-11,22.650000,22.709999,22.440001,22.480000,18.056919,3589600
2018-07-12,22.860001,22.920000,22.780001,22.910000,18.402315,1453300
2018-07-13,22.760000,22.830000,22.719999,22.830000,18.338057,1154200
2018-07-16,22.750000,22.760000,22.610001,22.680000,18.217567,3595000
2018-07-17,22.549999,22.620001,22.510000,22.590000,18.145277,2830700
2018-07-18,22.620001,22.760000,22.590000,22.719999,18.249699,1602800
2018-07-19,22.530001,22.700001,22.510000,22.590000,18.145277,1388600
2018-07-20,22.820000,22.879999,22.780001,22.840000,18.346087,2343800
2018-07-23,22.650000,22.660000,22.580000,22.620001,18.169378,859000
2018-07-24,22.860001,22.940001,22.799999,22.870001,18.370190,1949200
2018-07-25,22.719999,22.969999,22.660000,22.940001,18.426413,1274800
2018-07-26,22.730000,22.790001,22.690001,22.709999,18.241663,1274400
2018-07-27,22.900000,22.950001,22.799999,22.840000,18.346087,1012200
2018-07-30,22.879999,22.910000,22.809999,22.820000,18.330021,2820700
2018-07-31,23.000000,23.040001,22.910000,22.920000,18.410349,2418000
2018-08-01,22.820000,22.820000,22.730000,22.730000,18.257730,2033300
2018-08-02,22.559999,22.680000,22.559999,22.660000,18.201506,1854700
2018-08-03,22.559999,22.730000,22.559999,22.719999,18.249699,2144300
2018-08-06,22.690001,22.770000,22.650000,22.709999,18.241663,880000
2018-08-07,22.860001,22.910000,22.750000,22.780001,18.297894,1393700
2018-08-08,22.790001,22.950001,22.760000,22.900000,18.394283,859600
2018-08-09,22.980000,23.010000,22.830000,22.850000,18.354120,1365500
2018-08-10,22.480000,22.559999,22.420000,22.480000,18.056919,1719200
2018-08-13,22.480000,22.510000,22.309999,22.350000,17.952499,1411900
2018-08-14,22.469999,22.490000,22.350000,22.440001,18.024790,2563200
2018-08-15,22.459999,22.469999,22.250000,22.410000,18.000694,2499900
2018-08-16,22.670000,22.780001,22.650000,22.690001,18.225601,1287000
2018-08-17,22.780001,23.059999,22.750000,23.000000,18.474607,3649400
2018-08-20,22.940001,23.049999,22.920000,23.020000,18.490673,1228300
2018-08-21,22.850000,22.920000,22.790001,22.809999,18.321989,1359500
2018-08-22,22.760000,22.809999,22.680000,22.750000,18.273796,1793300
2018-08-23,22.360001,22.440001,22.309999,22.320000,17.928400,1711100
2018-08-24,22.490000,22.570000,22.450001,22.520000,18.089050,1520700
2018-08-27,22.590000,22.760000,22.590000,22.740000,18.265764,2869900
2018-08-28,22.850000,22.889999,22.730000,22.730000,18.257730,2395400
2018-08-29,22.850000,22.980000,22.799999,22.950001,18.434444,1529200
2018-08-30,22.809999,22.850000,22.680000,22.709999,18.241663,1374700
2018-08-31,22.570000,22.639999,22.450001,22.490000,18.064955,2234600
2018-09-04,22.260000,22.330000,22.180000,22.240000,17.864143,2784300
2018-09-05,22.100000,22.139999,21.969999,22.049999,17.711527,2384200
2018-09-06,21.900000,21.930000,21.700001,21.820000,17.526779,2897500
2018-09-07,21.549999,21.639999,21.420000,21.459999,17.237614,1953600
2018-09-10,21.650000,21.680000,21.540001,21.610001,17.358101,1252600
2018-09-11,21.520000,21.690001,21.500000,21.670000,17.406292,1648100
2018-09-12,21.760000,21.900000,21.709999,21.889999,17.583002,2329400
2018-09-13,21.959999,21.969999,21.799999,21.889999,17.583002,1518800
2018-09-14,21.900000,21.950001,21.809999,21.860001,17.558910,1667500
2018-09-17,21.969999,22.040001,21.889999,21.889999,17.583002,1338400
2018-09-18,22.020000,22.150000,22.000000,22.129999,17.775785,1490300
2018-09-19,22.139999,22.280001,22.129999,22.230000,17.856106,2811500
2018-09-20,22.309999,22.379999,22.250000,22.370001,17.968565,1315400
2018-09-21,22.330000,22.400000,22.299999,22.299999,17.912336,1520000
2018-09-24,22.340000,22.379999,22.209999,22.209999,17.840042,1443300
2018-09-25,22.340000,22.350000,22.230000,22.250000,17.872173,1198800
2018-09-26,22.190001,22.420000,22.180000,22.219999,17.848074,1333900
2018-09-27,22.129999,22.219999,22.100000,22.120001,17.767754,911400
2018-09-28,22.120001,22.219999,22.080000,22.120001,17.767754,1631400
2018-10-01,22.049999,22.150000,22.040001,22.090000,17.743654,1272600
2018-10-02,21.799999,21.850000,21.770000,21.830000,17.534813,2547100
2018-10-03,21.840000,21.850000,21.690001,21.700001,17.430389,2371300
2018-10-04,21.709999,21.740000,21.500000,21.580000,17.334000,2457900
2018-10-05,21.629999,21.670000,21.440001,21.490000,17.261707,2156200
2018-10-08,21.260000,21.370001,21.180000,21.340000,17.141218,2413000
2018-10-09,21.129999,21.299999,21.110001,21.260000,17.076963,3242100
2018-10-10,21.240000,21.240000,20.780001,20.809999,16.715502,3594300
2018-10-11,20.610001,20.730000,20.280001,20.480000,16.450434,5747600
2018-10-12,20.730000,20.730000,20.400000,20.590000,16.538794,2956400
2018-10-15,20.650000,20.730000,20.610001,20.629999,16.570921,1679000
2018-10-16,20.860001,20.969999,20.770000,20.950001,16.827959,1563300
2018-10-17,20.940001,20.990000,20.780001,20.900000,16.787794,1411800
2018-10-18,20.910000,20.930000,20.639999,20.709999,16.635178,1898100
2018-10-19,20.900000,21.020000,20.840000,20.910000,16.795826,1897400
2018-10-22,20.780001,20.809999,20.660000,20.709999,16.635178,1500200
2018-10-23,20.389999,20.590000,20.250000,20.490000,16.458464,2146100
2018-10-24,20.400000,20.420000,20.010000,20.010000,16.072910,3593300
2018-10-25,19.980000,20.180000,19.889999,20.090000,16.137167,1693300
2018-10-26,19.830000,20.080000,19.709999,19.959999,16.032745,4102600
2018-10-29,20.250000,20.299999,19.770000,19.910000,15.992584,2795100
2018-10-30,20.219999,20.450001,20.209999,20.430000,16.410271,3586300
2018-10-31,20.549999,20.660000,20.540001,20.600000,16.546825,1906000
2018-11-01,20.799999,20.930000,20.750000,20.930000,16.811892,2301600
2018-11-02,20.950001,21.040001,20.740000,20.879999,16.771730,2553900
2018-11-05,20.950001,21.020000,20.900000,20.959999,16.835991,1804200
2018-11-06,21.030001,21.170000,21.020000,21.160000,16.996639,1746200
2018-11-07,21.400000,21.469999,21.330000,21.450001,17.229580,1128200
2018-11-08,21.510000,21.549999,21.340000,21.379999,17.173351,3083400
2018-11-09,21.280001,21.320000,21.129999,21.200001,17.028767,2525900
2018-11-12,21.280001,21.290001,21.020000,21.059999,16.916311,1915900
2018-11-13,21.059999,21.200001,20.950001,21.030001,16.892216,2175800
2018-11-14,20.860001,20.889999,20.620001,20.790001,16.699438,2708000
2018-11-15,20.740000,21.020000,20.690001,20.950001,16.827959,2911700
2018-11-16,20.840000,21.020000,20.799999,21.020000,16.884184,2111400
2018-11-19,20.770000,20.770000,20.559999,20.620001,16.562885,1799500
2018-11-20,20.459999,20.480000,20.209999,20.230000,16.249624,2726300
2018-11-21,20.559999,20.680000,20.540001,20.610001,16.554853,1924800
2018-11-23,20.600000,20.660000,20.570000,20.580000,16.530754,1139600
2018-11-26,20.740000,20.809999,20.700001,20.809999,16.715502,2076900
2018-11-27,20.700001,20.799999,20.639999,20.799999,16.707468,1691900
2018-11-28,20.740000,21.139999,20.660000,21.120001,16.964510,2314300
2018-11-29,21.040001,21.129999,20.980000,21.020000,16.884184,2048700
2018-11-30,20.719999,20.809999,20.670000,20.799999,16.707468,3166600
2018-12-03,21.309999,21.330000,21.059999,21.160000,16.996639,2618000
2018-12-04,21.080000,21.080000,20.580000,20.590000,16.538794,3474000
2018-12-06,20.280001,20.459999,20.080000,20.430000,16.410271,4419500
2018-12-07,20.590000,20.670000,20.240000,20.309999,16.313881,4223200
2018-12-10,20.070000,20.129999,19.860001,20.040001,16.097008,2373900
2018-12-11,20.350000,20.370001,20.090000,20.200001,16.225525,2655400
2018-12-12,20.480000,20.600000,20.400000,20.400000,16.386171,3354900
2018-12-13,20.450001,20.510000,20.360001,20.389999,16.378139,2528200
2018-12-14,20.120001,20.200001,20.030001,20.040001,16.097008,2464000
2018-12-17,20.250000,20.270000,19.969999,20.040001,16.097008,2498900
2018-12-18,19.370001,19.480000,19.209999,19.299999,16.101177,3371100
2018-12-19,19.459999,19.580000,18.990000,19.080000,15.917639,4662900
2018-12-20,19.049999,19.120001,18.790001,18.870001,15.742447,2900800
2018-12-21,18.690001,18.860001,18.410000,18.430000,15.375371,5383200
2018-12-24,18.590000,18.690001,18.410000,18.420000,15.367030,2078500
2018-12-26,18.500000,19.059999,18.350000,19.049999,15.892612,4199600
2018-12-27,18.879999,19.110001,18.760000,19.110001,15.942668,2646300
2018-12-28,19.350000,19.400000,19.219999,19.250000,16.059465,4104700
2018-12-31,19.209999,19.299999,19.180000,19.250000,16.059465,2618300
2019-01-02,18.830000,19.129999,18.799999,19.100000,15.934326,3401400
2019-01-03,19.030001,19.100000,18.879999,18.959999,15.817531,2519900
2019-01-04,19.270000,19.670000,19.260000,19.629999,16.376482,2900000
2019-01-07,19.559999,19.760000,19.530001,19.690001,16.426538,2007300
2019-01-08,19.860001,19.900000,19.740000,19.840000,16.551678,2131300
2019-01-09,20.040001,20.200001,19.990000,20.120001,16.785267,5069800
2019-01-10,20.110001,20.209999,20.090000,20.209999,16.860350,3459200
2019-01-11,20.110001,20.240000,20.070000,20.209999,16.860350,2292000
2019-01-14,20.070000,20.180000,20.049999,20.129999,16.793608,1884000
2019-01-15,20.190001,20.299999,20.170000,20.260000,16.902065,3884300
2019-01-16,20.270000,20.360001,20.260000,20.309999,16.943775,3158200
2019-01-17,20.209999,20.559999,20.200001,20.500000,17.102285,3213500
2019-01-18,20.549999,20.610001,20.490000,20.580000,17.169024,5234100
2019-01-22,20.230000,20.250000,20.030001,20.070000,16.743553,1926100
2019-01-23,20.219999,20.230000,20.059999,20.160000,16.818636,1796600
2019-01-24,20.160000,20.230000,20.110001,20.170000,16.826981,2619500
2019-01-25,20.379999,20.559999,20.379999,20.530001,17.127314,3673900
2019-01-28,20.360001,20.430000,20.320000,20.430000,17.043888,1824800
2019-01-29,20.410000,20.440001,20.340000,20.360001,16.985489,3089500
2019-01-30,20.459999,20.780001,20.450001,20.690001,17.260794,2281000
2019-01-31,20.570000,20.670000,20.530001,20.590000,17.177374,2161600
2019-02-01,20.580000,20.650000,20.520000,20.559999,17.152344,1897100
2019-02-04,20.559999,20.730000,20.549999,20.730000,17.294165,2023400
2019-02-05,21.059999,21.100000,21.030001,21.070000,17.577812,7627800
2019-02-06,20.879999,20.930000,20.790001,20.830000,17.377592,4663700
2019-02-07,20.920000,20.930000,20.750000,20.820000,17.369249,4295100
2019-02-08,20.740000,20.799999,20.680000,20.780001,17.335880,2232700
2019-02-11,20.750000,20.790001,20.700001,20.719999,17.285824,1486300
2019-02-12,20.850000,20.930000,20.820000,20.930000,17.461018,1925100
2019-02-13,20.879999,20.940001,20.740000,20.740000,17.302507,2285600
2019-02-14,20.740000,20.830000,20.690001,20.750000,17.310850,3878300
2019-02-15,20.990000,21.090000,20.969999,21.080000,17.586159,1913800
2019-02-19,20.990000,21.250000,20.969999,21.209999,17.694611,1113100
2019-02-20,21.129999,21.240000,21.100000,21.139999,17.636213,5365500
2019-02-21,21.110001,21.110001,20.980000,21.049999,17.561129,5173700
2019-02-22,21.290001,21.370001,21.240000,21.290001,17.761353,1618400
2019-02-25,21.500000,21.510000,21.389999,21.400000,17.853117,1216200
2019-02-26,21.340000,21.469999,21.320000,21.400000,17.853117,1206700
2019-02-27,21.350000,21.379999,21.260000,21.309999,17.778036,935000
2019-02-28,21.330000,21.370001,21.270000,21.280001,17.753008,1422300
2019-03-01,21.430000,21.490000,21.330000,21.430000,17.878147,1798200
2019-03-04,21.450001,21.500000,21.230000,21.320000,17.786379,2762700
2019-03-05,21.360001,21.430000,21.330000,21.389999,17.844778,2248600
2019-03-06,21.510000,21.540001,21.389999,21.410000,17.861462,1752800
2019-03-07,21.520000,21.549999,21.320000,21.350000,17.811409,2843100
2019-03-08,21.180000,21.270000,21.180000,21.260000,17.736324,1818400
2019-03-11,21.280001,21.450001,21.280001,21.450001,17.894835,2047300
2019-03-12,21.280001,21.350000,21.270000,21.309999,17.778036,3384700
2019-03-13,21.340000,21.440001,21.320000,21.420000,17.869806,2428900
2019-03-14,21.320000,21.370001,21.270000,21.360001,17.819748,1886800
2019-03-15,21.320000,21.450001,21.320000,21.450001,17.894835,1239800
2019-03-18,21.420000,21.520000,21.410000,21.520000,17.953230,1934200
2019-03-19,21.549999,21.570000,21.379999,21.440001,17.886490,1324800
2019-03-20,21.330000,21.540001,21.290001,21.450001,17.894835,4416700
2019-03-21,21.450001,21.580000,21.410000,21.580000,18.003286,4087800
2019-03-22,21.400000,21.440001,21.230000,21.230000,17.711296,2423700
2019-03-25,21.280001,21.340000,21.190001,21.330000,17.794720,2252600
2019-03-26,21.389999,21.459999,21.370001,21.430000,17.878147,2017100
2019-03-27,21.280001,21.290001,21.100000,21.209999,17.694611,1695600
2019-03-28,21.400000,21.440001,21.330000,21.370001,17.828091,1333300
2019-03-29,21.520000,21.520000,21.420000,21.520000,17.953230,1935900
2019-04-01,21.700001,21.760000,21.660000,21.760000,18.153452,1767500
2019-04-02,21.650000,21.680000,21.580000,21.650000,18.061684,2263800
2019-04-03,21.830000,21.920000,21.790001,21.830000,18.211849,2708800
2019-04-04,21.620001,21.670000,21.590000,21.629999,18.044994,4892500
2019-04-05,21.480000,21.559999,21.459999,21.530001,17.961576,2039600
2019-04-08,21.610001,21.700001,21.580000,21.670000,18.078367,2055400
2019-04-09,21.629999,21.629999,21.530001,21.559999,17.986603,4718000
2019-04-10,21.600000,21.760000,21.590000,21.709999,18.111740,6690900
2019-04-11,21.680000,21.700001,21.580000,21.650000,18.061684,2690800
2019-04-12,21.920000,21.940001,21.840000,21.860001,18.236877,1576100
2019-04-15,21.900000,21.900000,21.799999,21.809999,18.195162,1653700
2019-04-16,22.000000,22.000000,21.900000,21.920000,18.286930,1289400
2019-04-17,21.990000,22.000000,21.840000,21.900000,18.270248,1065200
2019-04-18,21.930000,21.969999,21.900000,21.920000,18.286930,2470100
2019-04-22,21.760000,21.900000,21.760000,21.889999,18.261900,989300
2019-04-23,21.930000,22.000000,21.889999,21.980000,18.336985,1795700
2019-04-24,21.930000,21.950001,21.790001,21.870001,18.245220,1832500
2019-04-25,21.809999,21.879999,21.780001,21.879999,18.253561,1739100
2019-04-26,21.910000,21.990000,21.910000,21.930000,18.295275,1436900
2019-04-29,21.860001,21.910000,21.840000,21.900000,18.270248,1505300
2019-04-30,21.780001,21.799999,21.670000,21.770000,18.161797,4546500
2019-05-01,21.840000,21.920000,21.690001,21.690001,18.095057,2830100
2019-05-02,21.700001,21.730000,21.600000,21.660000,18.070024,1766700
2019-05-03,21.690001,21.830000,21.680000,21.830000,18.211849,2295700
2019-05-06,21.400000,21.620001,21.389999,21.620001,18.036657,3485900
2019-05-07,21.510000,21.520000,21.320000,21.400000,17.853117,4025100
2019-05-08,21.430000,21.500000,21.389999,21.400000,17.853117,4439400
2019-05-09,21.320000,21.500000,21.260000,21.450001,17.894835,3720800
2019-05-10,21.610001,21.750000,21.469999,21.709999,18.111740,3037100
2019-05-13,21.410000,21.430000,21.240000,21.270000,17.744665,4212600
2019-05-14,21.219999,21.350000,21.219999,21.250000,17.727980,1868400
2019-05-15,21.230000,21.420000,21.209999,21.410000,17.861462,2503800
2019-05-16,21.570000,21.690001,21.549999,21.590000,18.011629,1550200
2019-05-17,21.360001,21.510000,21.360001,21.420000,17.869806,1395000
2019-05-20,21.900000,21.980000,21.840000,21.879999,18.253561,3496700
2019-05-21,22.000000,22.090000,21.950001,22.070000,18.412071,2548000
2019-05-22,22.049999,22.110001,22.040001,22.059999,18.403725,2023100
2019-05-23,21.920000,21.969999,21.860001,21.920000,18.286930,1589900
2019-05-24,22.010000,22.100000,21.940001,22.030001,18.378702,741900
2019-05-28,22.010000,22.080000,21.889999,21.889999,18.261900,1513200
2019-05-29,21.790001,21.830000,21.700001,21.770000,18.161797,1446100
2019-05-30,21.780001,21.820000,21.730000,21.809999,18.195162,1549200
2019-05-31,21.760000,21.830000,21.700001,21.799999,18.186823,2632100
2019-06-03,21.730000,21.770000,21.650000,21.709999,18.111740,2235300
2019-06-04,21.930000,22.070000,21.900000,22.040001,18.387045,2009900
2019-06-05,22.030001,22.080000,21.900000,21.950001,18.311958,1024400
2019-06-06,22.010000,22.150000,21.980000,22.090000,18.428757,1302000
2019-06-07,22.200001,22.420000,22.200001,22.350000,18.645664,1899900
2019-06-10,22.379999,22.430000,22.330000,22.350000,18.645664,3003500
2019-06-11,22.620001,22.650000,22.520000,22.580000,18.837543,1992000
2019-06-12,22.430000,22.469999,22.340000,22.350000,18.645664,1519700
2019-06-13,22.400000,22.420000,22.299999,22.360001,18.654007,1662200
2019-06-14,22.219999,22.219999,22.150000,22.209999,18.528864,739600
2019-06-17,21.719999,21.740000,21.660000,21.680000,18.454811,1260400
2019-06-18,21.870001,22.030001,21.870001,22.010000,18.735718,2857300
2019-06-19,22.120001,22.240000,22.080000,22.150000,18.854891,2011800
2019-06-20,22.420000,22.440001,22.320000,22.400000,19.067696,2002500
2019-06-21,22.290001,22.350000,22.260000,22.270000,18.957041,2355100
2019-06-24,22.410000,22.450001,22.400000,22.430000,19.093237,1120300
2019-06-25,22.480000,22.570000,22.320000,22.350000,19.025137,2975400
2019-06-26,22.510000,22.510000,22.420000,22.440001,19.101749,1701100
2019-06-27,22.549999,22.600000,22.540001,22.590000,19.229435,2627200
2019-06-28,22.559999,22.580000,22.500000,22.540001,19.186872,1979000
2019-07-01,22.559999,22.570000,22.430000,22.500000,19.152821,1914200
2019-07-02,22.500000,22.500000,22.450001,22.490000,19.144310,1789600
2019-07-03,22.740000,22.790001,22.709999,22.770000,19.382658,1503300
2019-07-05,22.690001,22.790001,22.610001,22.780001,19.391171,1859600
2019-07-08,22.540001,22.549999,22.490000,22.490000,19.144310,1766300
2019-07-09,22.400000,22.450001,22.379999,22.410000,19.076214,1179100
2019-07-10,22.549999,22.580000,22.480000,22.500000,19.152821,2155900
2019-07-11,22.600000,22.670000,22.500000,22.570000,19.212410,1288300
2019-07-12,22.580000,22.620001,22.540001,22.610001,19.246460,1159900
2019-07-15,22.730000,22.730000,22.590000,22.639999,19.271996,969100
2019-07-16,22.600000,22.639999,22.490000,22.490000,19.144310,1678100
2019-07-17,22.580000,22.660000,22.570000,22.590000,19.229435,1875200
2019-07-18,22.600000,22.730000,22.549999,22.709999,19.331583,2284200
2019-07-19,22.820000,22.850000,22.719999,22.750000,19.365631,1597300
2019-07-22,22.760000,22.799999,22.690001,22.709999,19.331583,1069100
2019-07-23,22.780001,22.820000,22.730000,22.799999,19.408195,1704000
2019-07-24,22.780001,22.820000,22.760000,22.809999,19.416708,1502900
2019-07-25,22.860001,22.870001,22.700001,22.730000,19.348608,1534900
2019-07-26,22.730000,22.750000,22.680000,22.680000,19.306047,686400
2019-07-29,22.809999,22.809999,22.760000,22.790001,19.399681,873500
2019-07-30,22.629999,22.650000,22.559999,22.590000,19.229435,1173800
2019-07-31,22.620001,22.670000,22.299999,22.410000,19.076214,3626800
2019-08-01,22.450001,22.660000,22.240000,22.290001,18.974064,4398600
2019-08-02,22.250000,22.280001,22.120001,22.200001,18.897451,1742200
2019-08-05,21.700001,21.700001,21.270000,21.389999,18.207952,3299100
2019-08-06,21.299999,21.340000,21.030001,21.240000,18.080265,3059100
2019-08-07,21.040001,21.290001,20.920000,21.250000,18.088779,3529700
2019-08-08,21.430000,21.639999,21.360001,21.610001,18.395224,2528200
2019-08-09,21.580000,21.639999,21.430000,21.490000,18.293076,2105100
2019-08-12,21.410000,21.459999,21.280001,21.320000,18.148363,1134700
2019-08-13,21.309999,21.700001,21.280001,21.600000,18.386709,3701100
2019-08-14,21.250000,21.330000,21.080000,21.090000,17.952578,3590000
2019-08-15,21.010000,21.049999,20.860001,21.010000,17.884481,2643100
2019-08-16,21.070000,21.230000,21.070000,21.230000,18.071751,1371500
2019-08-19,21.330000,21.340000,21.270000,21.309999,18.139854,1027200
2019-08-20,21.450001,21.510000,21.370001,21.379999,18.199436,1387600
2019-08-21,21.480000,21.490000,21.379999,21.410000,18.224976,3290000
2019-08-22,21.400000,21.440001,21.260000,21.340000,18.165386,994500
2019-08-23,21.309999,21.469999,21.070000,21.080000,17.944069,2462500
2019-08-26,21.250000,21.280001,21.129999,21.219999,18.063240,1157700
2019-08-27,21.340000,21.340000,21.170000,21.200001,18.046215,1254100
2019-08-28,21.170000,21.330000,21.139999,21.260000,18.097290,1296500
2019-08-29,21.469999,21.490000,21.379999,21.440001,18.250513,1311200
2019-08-30,21.639999,21.680000,21.540001,21.680000,18.454811,2866600
2019-09-03,21.430000,21.580000,21.389999,21.570000,18.361172,16824400
2019-09-04,21.730000,21.809999,21.690001,21.809999,18.565470,1333300
2019-09-05,22.030001,22.129999,22.030001,22.070000,18.786793,2700700
2019-09-06,22.180000,22.270000,22.160000,22.230000,18.922991,1896100
2019-09-09,22.320000,22.350000,22.270000,22.299999,18.982574,1409400
2019-09-10,22.260000,22.340000,22.200001,22.299999,18.982574,2487800
2019-09-11,22.350000,22.420000,22.330000,22.400000,19.067696,2433400
2019-09-12,22.430000,22.530001,22.379999,22.490000,19.144310,2411500
2019-09-13,22.540001,22.610001,22.500000,22.559999,19.203897,1577500
2019-09-16,22.510000,22.559999,22.480000,22.490000,19.144310,1958300
2019-09-17,22.500000,22.639999,22.500000,22.629999,19.263483,1849900
2019-09-18,22.500000,22.520000,22.330000,22.459999,19.118774,1393400
2019-09-19,22.559999,22.590000,22.510000,22.520000,19.169849,1752000
2019-09-20,22.500000,22.549999,22.379999,22.379999,19.050676,3008100
2019-09-23,22.330000,22.440001,22.309999,22.400000,19.067696,1183600
2019-09-24,22.510000,22.520000,22.290001,22.320000,18.999601,1538200
2019-09-25,22.230000,22.340000,22.190001,22.320000,18.999601,1540300
2019-09-26,22.309999,22.320000,22.190001,22.280001,18.965553,1532500
2019-09-27,22.389999,22.410000,22.219999,22.290001,18.974064,2211200
2019-09-30,22.219999,22.280001,22.190001,22.250000,18.940016,1999800
2019-10-01,22.150000,22.160000,21.920000,21.969999,18.701668,2546400
2019-10-02,21.670000,21.740000,21.360001,21.450001,18.259027,2542500
2019-10-03,21.379999,21.590000,21.280001,21.590000,18.378201,2953900
2019-10-04,21.639999,21.820000,21.620001,21.820000,18.573982,1304200
2019-10-07,21.770000,21.870001,21.730000,21.730000,18.497372,2229400
2019-10-08,21.709999,21.709999,21.540001,21.570000,18.361172,12791700
2019-10-09,21.629999,21.719999,21.590000,21.700001,18.471836,1794700
2019-10-10,21.680000,21.879999,21.670000,21.879999,18.625059,2348200
2019-10-11,22.120001,22.270000,22.120001,22.139999,18.846378,2148100
2019-10-14,22.020000,22.080000,21.959999,21.959999,18.693153,1485900
2019-10-15,22.120001,22.299999,22.100000,22.240000,18.931501,1329400
2019-10-16,22.219999,22.379999,22.219999,22.320000,18.999601,2728000
2019-10-17,22.389999,22.410000,22.299999,22.350000,19.025137,1187000
2019-10-18,22.340000,22.360001,22.240000,22.320000,18.999601,1786200
2019-10-21,22.450001,22.510000,22.440001,22.510000,19.161337,1075700
2019-10-22,22.530001,22.590000,22.450001,22.510000,19.161337,2142300
2019-10-23,22.500000,22.620001,22.500000,22.620001,19.254974,622700
2019-10-24,22.670000,22.670000,22.570000,22.629999,19.263483,1718400
2019-10-25,22.639999,22.790001,22.639999,22.700001,19.323072,2595400
2019-10-28,22.730000,22.799999,22.730000,22.799999,19.408195,1029000
2019-10-29,22.700001,22.760000,22.670000,22.740000,19.357121,2590500
2019-10-30,22.650000,22.740000,22.540001,22.719999,19.340096,1772600
2019-10-31,22.570000,22.580000,22.430000,22.530001,19.178360,1730400
2019-11-01,22.690001,22.760000,22.660000,22.760000,19.374147,2677000
2019-11-04,22.719999,22.770000,22.650000,22.690001,19.314558,2455300
2019-11-05,22.719999,22.740000,22.650000,22.730000,19.348608,2523000
2019-11-06,22.629999,22.660000,22.549999,22.600000,19.237946,1891200
2019-11-07,22.889999,22.940001,22.840000,22.840000,19.442245,3203200
2019-11-08,22.719999,22.780001,22.660000,22.770000,19.382658,2938500
2019-11-11,22.830000,22.950001,22.830000,22.900000,19.493320,914800
2019-11-12,22.850000,22.900000,22.809999,22.860001,19.459272,18714400
2019-11-13,22.610001,22.670000,22.580000,22.620001,19.254974,1603800
2019-11-14,22.580000,22.610001,22.530001,22.610001,19.246460,3767300
2019-11-15,22.770000,22.840000,22.719999,22.809999,19.416708,2263800
2019-11-18,22.730000,22.790001,22.690001,22.740000,19.357121,1550900
2019-11-19,22.920000,22.940001,22.809999,22.850000,19.450756,1196400
2019-11-20,22.540001,22.570000,22.389999,22.440001,19.101749,4000900
2019-11-21,22.459999,22.459999,22.360001,22.410000,19.076214,3368100
2019-11-22,22.510000,22.530001,22.430000,22.510000,19.161337,1499700
2019-11-25,22.540001,22.620001,22.530001,22.620001,19.254974,1365400
2019-11-26,22.670000,22.719999,22.639999,22.690001,19.314558,1111900
2019-11-27,22.870001,22.969999,22.870001,22.969999,19.552906,1103400
2019-11-29,22.820000,22.860001,22.799999,22.830000,19.433731,1363100
2019-12-02,22.809999,22.809999,22.580000,22.730000,19.348608,3422100
2019-12-03,22.240000,22.370001,22.129999,22.330000,19.008116,3313400
2019-12-04,22.410000,22.500000,22.379999,22.500000,19.152821,1956800
2019-12-05,22.530001,22.530001,22.400000,22.459999,19.118774,2507300
2019-12-06,22.639999,22.680000,22.590000,22.660000,19.289022,1501600
2019-12-09,22.629999,22.690001,22.549999,22.549999,19.195385,844500
2019-12-10,22.500000,22.530001,22.430000,22.480000,19.135799,1094200
2019-12-11,22.629999,22.770000,22.629999,22.750000,19.365631,2744100
2019-12-12,22.680000,22.889999,22.639999,22.889999,19.484804,2509200
2019-12-13,22.879999,23.020000,22.820000,22.870001,19.467781,2166400
2019-12-16,22.790001,22.889999,22.780001,22.820000,19.820412,2232700
2019-12-17,22.680000,22.740000,22.559999,22.610001,19.638018,20564600
2019-12-18,22.639999,22.670000,22.600000,22.620001,19.646704,2748100
2019-12-19,22.600000,22.620001,22.540001,22.600000,19.629332,3143100
2019-12-20,22.700001,22.709999,22.580000,22.610001,19.638018,1654800
2019-12-23,22.540001,22.629999,22.540001,22.629999,19.655388,1870200
2019-12-24,22.639999,22.670000,22.580000,22.650000,19.672760,1615700
2019-12-26,22.700001,22.790001,22.650000,22.790001,19.794361,1370600
2019-12-27,22.850000,22.910000,22.750000,22.750000,19.759617,1769000
2019-12-30,22.850000,22.889999,22.680000,22.719999,19.733559,2056100
2019-12-31,22.660000,22.660000,22.459999,22.639999,19.664076,2696300
2020-01-02,22.690001,22.760000,22.620001,22.740000,19.750929,2332900
2020-01-03,22.480000,22.629999,22.450001,22.500000,19.542479,2360600
2020-01-06,22.450001,22.629999,22.450001,22.620001,19.646704,1564900
2020-01-07,22.670000,22.670000,22.549999,22.590000,19.620646,3552100
2020-01-08,22.650000,22.820000,22.650000,22.719999,19.733559,2420400
2020-01-09,22.719999,22.740000,22.660000,22.730000,19.742243,1261200
2020-01-10,22.850000,22.940001,22.780001,22.850000,19.846470,1497500
2020-01-13,22.940001,23.049999,22.870001,23.030001,20.002813,1959500
2020-01-14,23.129999,23.200001,23.100000,23.170000,20.124409,4481500
2020-01-15,23.200001,23.330000,23.200001,23.280001,20.219950,1132700
2020-01-16,23.440001,23.540001,23.410000,23.540001,20.445778,1775300
2020-01-17,23.500000,23.520000,23.440001,23.520000,20.428402,912900
2020-01-21,23.450001,23.450001,23.309999,23.330000,20.263372,1808900
2020-01-22,23.490000,23.540001,23.420000,23.459999,20.376289,2215900
2020-01-23,23.440001,23.490000,23.320000,23.440001,20.358919,1784500
2020-01-24,23.440001,23.459999,23.180000,23.250000,20.193893,2333100
2020-01-27,22.740000,22.870001,22.700001,22.750000,19.759617,2707000
2020-01-28,22.879999,22.959999,22.830000,22.940001,19.924641,1604500
2020-01-29,22.900000,22.930000,22.799999,22.840000,19.837788,1550800
2020-01-30,22.680000,22.840000,22.600000,22.830000,19.829100,2433000
2020-01-31,22.559999,22.570000,22.209999,22.260000,19.334026,4300800
2020-02-03,22.330000,22.420000,22.270000,22.309999,19.377451,2031200
2020-02-04,22.650000,22.740000,22.629999,22.700001,19.716185,1105000
2020-02-05,22.870001,22.870001,22.760000,22.840000,19.837788,1477200
2020-02-06,22.930000,22.930000,22.850000,22.879999,19.872526,1847700
2020-02-07,22.700001,22.700001,22.590000,22.590000,19.620646,1952000
2020-02-10,22.590000,22.690001,22.580000,22.670000,19.690134,1175300
2020-02-11,22.809999,22.860001,22.770000,22.830000,19.829100,1985500
2020-02-12,23.080000,23.139999,23.080000,23.120001,20.080980,1465200
2020-02-13,22.969999,23.070000,22.940001,22.990000,19.968067,1464100
2020-02-14,23.100000,23.100000,22.980000,23.049999,20.020182,1194800
2020-02-18,22.980000,23.030001,22.930000,22.980000,19.959381,1348800
2020-02-19,23.059999,23.129999,23.049999,23.100000,20.063612,1353700
2020-02-20,22.959999,23.040001,22.770000,22.920000,19.907269,1917000
2020-02-21,22.770000,22.820000,22.690001,22.740000,19.750929,2227900
2020-02-24,21.920000,22.000000,21.740000,21.770000,18.908434,3616100
2020-02-25,21.910000,21.950001,21.379999,21.459999,18.639181,7013000
2020-02-26,21.400000,21.520000,21.180000,21.190001,18.404671,6730200
2020-02-27,20.980000,21.150000,20.690001,20.690001,17.970394,5936300
2020-02-28,20.049999,20.209999,19.650000,20.120001,17.475315,10559800
2020-03-02,20.129999,20.430000,19.959999,20.420000,17.735884,7727500
2020-03-03,20.540001,20.850000,19.950001,20.219999,17.562170,12817200
2020-03-04,20.510000,20.770000,20.330000,20.770000,18.039879,6718800
2020-03-05,20.280001,20.410000,20.080000,20.160000,17.510059,4548400
2020-03-06,19.580000,19.840000,19.520000,19.780001,17.180010,4750800
2020-03-09,17.459999,18.020000,17.209999,17.440001,15.147593,8873000
2020-03-10,19.120001,19.280001,18.320000,18.940001,16.450424,9894500
2020-03-11,18.059999,18.100000,17.370001,17.459999,15.164959,6995500
2020-03-12,15.930000,15.960000,14.820000,15.120000,13.132545,6881900
2020-03-13,17.209999,17.280001,16.150000,17.260000,14.991252,5195900
2020-03-16,14.590000,15.100000,14.240000,14.480000,12.576671,4296500
2020-03-17,15.190000,15.610000,14.720000,15.560000,13.514709,5089300
2020-03-18,13.730000,14.410000,13.360000,13.720000,11.916568,4347300
2020-03-19,13.610000,14.330000,13.350000,13.950000,12.116336,3050900
2020-03-20,14.050000,14.260000,13.320000,13.380000,11.621260,5121100
2020-03-23,13.130000,13.320000,12.730000,12.820000,11.134869,4788600
2020-03-24,13.900000,14.440000,13.790000,14.390000,12.498499,5089100
2020-03-25,14.820000,15.330000,14.580000,14.990000,13.019631,4921000
2020-03-26,15.180000,15.780000,15.160000,15.680000,13.618935,4376600
2020-03-27,14.520000,14.840000,14.230000,14.500000,12.594041,4442600
2020-03-30,15.420000,15.770000,15.290000,15.750000,13.679734,3952700
2020-03-31,15.400000,15.760000,15.250000,15.540000,13.497337,4801400
2020-04-01,15.240000,15.650000,14.960000,15.010000,13.037004,4536500
2020-04-02,15.050000,15.580000,14.960000,15.510000,13.471280,2460300
2020-04-03,15.020000,15.080000,14.700000,14.830000,12.880664,3316600
2020-04-06,15.610000,16.160000,15.580000,16.080000,13.966356,2002100
2020-04-07,16.080000,16.160000,15.630000,15.630000,13.575507,3958100
2020-04-08,15.710000,15.930000,15.580000,15.760000,13.688419,2815600
2020-04-09,16.450001,16.770000,16.330000,16.629999,14.444060,3184200
2020-04-13,16.650000,16.660000,16.340000,16.570000,14.391947,3576500
2020-04-14,16.920000,17.160000,16.820000,17.139999,14.887025,4046800
2020-04-15,16.350000,16.480000,16.209999,16.299999,14.157439,3790300
2020-04-16,16.450001,16.510000,16.150000,16.410000,14.252979,2276800
2020-04-17,16.780001,16.850000,16.540001,16.830000,14.617772,1966600
2020-04-20,16.290001,16.580000,16.219999,16.230000,14.096640,3034000
2020-04-21,15.620000,15.760000,15.390000,15.500000,13.462595,3232500
2020-04-22,16.209999,16.240000,16.090000,16.190001,14.061898,2210300
2020-04-23,16.139999,16.330000,15.990000,16.090000,13.975043,2466000
2020-04-24,16.270000,16.420000,16.129999,16.410000,14.252979,2121700
2020-04-27,16.570000,16.660000,16.450001,16.610001,14.426690,1748100
2020-04-28,16.830000,16.830000,16.549999,16.610001,14.426690,1581700
2020-04-29,17.030001,17.260000,17.010000,17.139999,14.887025,2269000
2020-04-30,17.170000,17.230000,16.930000,17.040001,14.800170,3330700
2020-05-01,16.299999,16.320000,16.040001,16.190001,14.061898,3343500
2020-05-04,16.370001,16.559999,16.270000,16.559999,14.383263,2519800
2020-05-05,16.799999,16.860001,16.660000,16.719999,14.522234,1542100
2020-05-06,16.700001,16.719999,16.410000,16.410000,14.252979,4846000
2020-05-07,16.650000,16.830000,16.600000,16.680000,14.487489,3563200
2020-05-08,16.780001,16.920000,16.750000,16.920000,14.695941,2105800
2020-05-11,16.850000,17.059999,16.809999,16.969999,14.739370,2185800
2020-05-12,16.930000,16.940001,16.549999,16.549999,14.374578,2943300
2020-05-13,16.809999,16.840000,16.389999,16.490000,14.322464,3986100
2020-05-14,16.280001,16.540001,16.129999,16.520000,14.348522,3428400
2020-05-15,16.510000,16.690001,16.490000,16.660000,14.470118,2056300
2020-05-18,17.129999,17.430000,17.129999,17.400000,15.112846,4712900
2020-05-19,17.320000,17.400000,17.129999,17.129999,14.878340,2808500
2020-05-20,17.549999,17.709999,17.520000,17.639999,15.321300,2954600
2020-05-21,17.510000,17.549999,17.260000,17.370001,15.086793,3304900
2020-05-22,17.230000,17.350000,17.160000,17.340000,15.060736,1993100
2020-05-26,18.250000,18.299999,18.139999,18.160000,15.772952,3860700
2020-05-27,18.360001,18.410000,18.100000,18.379999,15.964032,2618100
2020-05-28,18.610001,18.700001,18.469999,18.490000,16.059570,4286300
2020-05-29,18.100000,18.129999,17.840000,18.059999,15.686095,5594700
2020-06-01,18.570000,18.950001,18.520000,18.950001,16.459108,2586600
2020-06-02,19.139999,19.280001,19.059999,19.250000,16.719673,6205300
2020-06-03,19.600000,19.889999,19.570000,19.809999,17.206066,2445900
2020-06-04,19.780001,19.980000,19.730000,19.780001,17.180010,3784800
2020-06-05,20.299999,20.549999,20.290001,20.320000,17.649029,4815100
2020-06-08,20.440001,20.660000,20.330000,20.660000,17.944336,3311500
2020-06-09,20.290001,20.389999,20.200001,20.299999,17.631657,4087500
2020-06-10,20.400000,20.570000,20.250000,20.309999,17.640343,5139600
2020-06-11,19.500000,19.610001,18.850000,18.850000,16.372253,7386000
2020-06-12,19.379999,19.459999,18.820000,19.200001,16.676247,6222100
2020-06-15,18.620001,19.209999,18.540001,19.180000,16.908991,5516900
2020-06-16,19.600000,19.639999,19.080000,19.379999,17.085306,7222800
2020-06-17,19.490000,19.520000,19.299999,19.350000,17.058861,2761900
2020-06-18,19.209999,19.340000,19.160000,19.250000,16.970697,2535600
2020-06-19,19.430000,19.430000,19.020000,19.020000,16.767935,2862200
2020-06-22,19.299999,19.510000,19.250000,19.450001,17.147018,2043100
2020-06-23,19.620001,19.670000,19.480000,19.480000,17.173466,1644100
2020-06-24,19.330000,19.389999,18.900000,18.930000,16.688591,3718100
2020-06-25,18.840000,19.139999,18.719999,19.110001,16.847277,3616900
2020-06-26,19.040001,19.059999,18.750000,18.790001,16.565166,3185700
2020-06-29,18.990000,19.170000,18.889999,19.150000,16.882540,2945200
2020-06-30,19.100000,19.350000,19.100000,19.270000,16.988331,2204500
2020-07-01,19.370001,19.540001,19.350000,19.459999,17.155834,3357300
2020-07-02,19.870001,20.020000,19.780001,19.830000,17.482025,3496800
2020-07-06,19.830000,19.879999,19.700001,19.850000,17.499659,2203600
2020-07-07,19.700001,19.799999,19.520000,19.549999,17.235178,1941600
2020-07-08,19.459999,19.620001,19.379999,19.600000,17.279261,2669300
2020-07-09,19.620001,19.620001,19.240000,19.410000,17.111755,2708400
2020-07-10,19.459999,19.629999,19.400000,19.629999,17.305706,2329800
2020-07-13,19.670000,19.760000,19.309999,19.350000,17.058861,2075200
2020-07-14,19.389999,19.690001,19.360001,19.639999,17.314520,3799500
2020-07-15,20.129999,20.219999,19.980000,20.070000,17.693607,2366500
2020-07-16,19.840000,19.879999,19.750000,19.809999,17.464392,1769800
2020-07-17,19.850000,19.950001,19.799999,19.920000,17.561371,2207700
2020-07-20,19.879999,20.020000,19.809999,20.000000,17.631893,1268600
2020-07-21,20.469999,20.600000,20.430000,20.480000,18.055058,2761200
2020-07-22,20.370001,20.469999,20.320000,20.430000,18.010981,1856300
2020-07-23,20.360001,20.420000,20.100000,20.160000,17.772949,1689900
2020-07-24,20.010000,20.100000,19.950001,20.030001,17.658342,2098300
2020-07-27,20.230000,20.370001,20.200001,20.360001,17.949270,2070400
2020-07-28,20.200001,20.280001,20.120001,20.150000,17.764135,1123300
2020-07-29,20.340000,20.530001,20.299999,20.480000,18.055058,1662900
2020-07-30,20.120001,20.299999,19.930000,20.299999,17.896374,2254800
2020-07-31,20.070000,20.120001,19.690001,19.910000,17.552551,3038100
2020-08-03,19.950001,20.190001,19.910000,20.190001,17.799398,1515200
2020-08-04,20.100000,20.320000,20.100000,20.320000,17.914007,2133000
2020-08-05,20.400000,20.510000,20.360001,20.400000,17.984533,2448700
2020-08-06,20.420000,20.570000,20.360001,20.540001,18.107956,2667400
2020-08-07,20.320000,20.389999,20.250000,20.389999,17.975718,2054000
2020-08-10,20.580000,20.660000,20.500000,20.610001,18.169668,1792200
2020-08-11,20.930000,20.959999,20.610001,20.629999,18.187300,2376100
2020-08-12,20.889999,21.010000,20.820000,20.889999,18.416513,2555200
2020-08-13,20.730000,20.770000,20.530001,20.559999,18.125591,2377000
2020-08-14,20.559999,20.629999,20.530001,20.570000,18.134403,2705300
2020-08-17,20.719999,20.780001,20.670000,20.770000,18.310722,2004100
2020-08-18,20.879999,20.940001,20.719999,20.860001,18.390066,2019700
2020-08-19,21.080000,21.100000,20.840000,20.879999,18.407700,2183500
2020-08-20,20.580000,20.830000,20.570000,20.809999,18.345987,1874200
2020-08-21,20.510000,20.600000,20.459999,20.600000,18.160854,2265700
2020-08-24,20.809999,20.820000,20.690001,20.790001,18.328356,1408200
2020-08-25,20.780001,20.809999,20.629999,20.730000,18.275459,2014900
2020-08-26,20.750000,20.900000,20.719999,20.840000,18.372437,3017800
2020-08-27,20.959999,20.959999,20.719999,20.820000,18.354801,3180000
2020-08-28,20.870001,20.920000,20.740000,20.900000,18.425331,2300200
2020-08-31,20.889999,20.950001,20.760000,20.790001,18.328356,4087000
2020-09-01,20.670000,20.790001,20.600000,20.770000,18.310722,2509100
2020-09-02,21.030001,21.160000,20.930000,21.120001,18.619280,3042600
2020-09-03,21.040001,21.080000,20.450001,20.549999,18.116772,6024100
2020-09-04,20.420000,20.490000,19.860001,20.290001,17.887558,6377700
2020-09-08,20.209999,20.330000,20.070000,20.090000,17.711241,6467100
2020-09-09,20.340000,20.559999,20.320000,20.490000,18.063877,3270100
2020-09-10,20.350000,20.410000,19.950001,19.950001,17.587816,5461700
2020-09-11,20.150000,20.200001,19.990000,20.150000,17.764135,3688000
2020-09-14,20.370001,20.400000,20.299999,20.330000,17.922821,2417700
2020-09-15,20.559999,20.580000,20.450001,20.480000,18.055058,2988500
2020-09-16,20.629999,20.700001,20.440001,20.500000,18.072693,3770800
2020-09-17,20.200001,20.389999,20.170000,20.370001,17.958086,3877500
2020-09-18,20.260000,20.290001,20.040001,20.129999,17.746504,4240700
2020-09-21,19.709999,19.730000,19.450001,19.650000,17.323338,6812300
2020-09-22,19.809999,19.860001,19.620001,19.860001,17.508472,6331700
2020-09-23,19.930000,19.969999,19.540001,19.580000,17.261623,4551000
2020-09-24,19.480000,19.740000,19.410000,19.570000,17.252808,5955600
2020-09-25,19.670000,19.910000,19.559999,19.879999,17.526104,2990900
2020-09-28,20.020000,20.070000,19.940001,20.059999,17.684788,4688500
2020-09-29,19.879999,19.930000,19.770000,19.850000,17.499659,4069700
2020-09-30,19.700001,19.900000,19.650000,19.719999,17.385050,3361500
2020-10-01,19.940001,19.940001,19.750000,19.879999,17.526104,3133700
2020-10-02,19.610001,19.889999,19.570000,19.850000,17.499659,3736100
2020-10-05,20.110001,20.260000,20.090000,20.250000,17.852293,2277200
2020-10-06,20.240000,20.290001,19.920000,20.000000,17.631893,5039400
2020-10-07,20.340000,20.450001,20.299999,20.389999,17.975718,3429200
2020-10-08,20.580000,20.690001,20.549999,20.690001,18.240196,10048400
2020-10-09,20.780001,20.850000,20.750000,20.820000,18.354801,2472000
2020-10-12,20.870001,21.020000,20.850000,20.959999,18.478224,2155500
2020-10-13,20.860001,20.879999,20.730000,20.799999,18.337172,2478600
2020-10-14,20.889999,20.950001,20.750000,20.780001,18.319540,2406800
2020-10-15,20.510000,20.790001,20.500000,20.750000,18.293093,2257900
2020-10-16,20.700001,20.770000,20.639999,20.750000,18.293093,1226600
2020-10-19,20.809999,20.850000,20.540001,20.580000,18.143217,2146100
2020-10-20,20.490000,20.670000,20.480000,20.559999,18.125591,1904500
2020-10-21,20.549999,20.670000,20.520000,20.549999,18.116772,1853400
2020-10-22,20.700001,20.790001,20.570000,20.730000,18.275459,2601300
2020-10-23,20.809999,20.879999,20.719999,20.879999,18.407700,2722000
2020-10-26,20.680000,20.719999,20.400000,20.570000,18.134403,3175300
2020-10-27,20.440001,20.450001,20.309999,20.330000,17.922821,2176400
2020-10-28,20.090000,20.120001,19.780001,19.780001,17.437946,4361400
2020-10-29,19.660000,19.940001,19.570000,19.870001,17.517288,3921900
2020-10-30,19.830000,19.850000,19.580000,19.770000,17.429131,3980900
2020-11-02,19.930000,19.950001,19.790001,19.879999,17.526104,3047400
2020-11-03,20.360001,20.600000,20.330000,20.520000,18.090324,3150400
2020-11-04,20.400000,20.760000,20.330000,20.530001,18.099140,4353500
2020-11-05,21.040001,21.230000,21.030001,21.200001,18.689810,3918800
2020-11-06,21.299999,21.389999,21.230000,21.240000,18.725071,2925400
2020-11-09,22.490000,22.500000,22.070000,22.080000,19.465611,6026500
2020-11-10,22.040001,22.190001,21.980000,22.030001,19.421534,4285400
2020-11-11,22.330000,22.379999,22.250000,22.330000,19.686012,3353100
2020-11-12,22.129999,22.139999,21.830000,21.910000,19.315739,1915600
2020-11-13,22.010000,22.230000,22.010000,22.190001,19.562590,2692800
2020-11-16,22.450001,22.540001,22.360001,22.520000,19.853516,2993600
2020-11-17,22.480000,22.629999,22.410000,22.559999,19.888779,1445000
2020-11-18,22.730000,22.870001,22.580000,22.590000,19.915224,4644300
2020-11-19,22.590000,22.760000,22.530001,22.760000,20.065098,2692800
2020-11-20,22.770000,22.870001,22.719999,22.799999,20.100363,2378100
2020-11-23,22.850000,22.920000,22.709999,22.809999,20.109177,4199000
2020-11-24,23.190001,23.430000,23.150000,23.410000,20.638132,2778100
2020-11-25,23.309999,23.480000,23.209999,23.430000,20.655766,2807900
2020-11-27,23.260000,23.309999,23.230000,23.299999,20.541157,1492000
2020-11-30,22.969999,23.020000,22.709999,22.719999,20.029833,4833600
2020-12-01,23.040001,23.209999,23.020000,23.170000,20.426552,3778300
2020-12-02,23.040001,23.299999,23.000000,23.260000,20.505896,8319700
2020-12-03,23.379999,23.500000,23.330000,23.370001,20.602871,10197100
2020-12-04,23.469999,23.610001,23.469999,23.570000,20.779188,3540400
2020-12-07,23.490000,23.590000,23.440001,23.510000,20.726295,2780400
2020-12-08,23.549999,23.690001,23.540001,23.670000,20.867350,1747900
2020-12-09,23.809999,23.840000,23.570000,23.709999,20.902615,3036800
2020-12-10,23.690001,23.920000,23.690001,23.860001,21.034853,2815200
2020-12-11,23.719999,23.770000,23.610001,23.750000,20.937878,2133800
2020-12-14,23.820000,23.850000,23.610001,23.620001,21.000111,3038200
2020-12-15,23.719999,23.900000,23.680000,23.900000,21.249054,3668500
2020-12-16,23.900000,24.010000,23.850000,23.969999,21.311291,1558300
2020-12-17,24.350000,24.389999,24.280001,24.290001,21.595797,2405500
2020-12-18,24.129999,24.139999,23.959999,23.990000,21.329073,2671500
2020-12-21,23.520000,23.850000,23.450001,23.799999,21.160147,3431800
2020-12-22,23.600000,23.660000,23.530001,23.650000,21.026783,3107300
2020-12-23,23.850000,23.969999,23.840000,23.930000,21.275728,1471900
2020-12-24,23.930000,23.950001,23.870001,23.940001,21.284616,853600
2020-12-28,24.040001,24.059999,23.959999,24.049999,21.382416,1960400
2020-12-29,24.129999,24.129999,23.910000,23.959999,21.302401,1993700
2020-12-30,24.090000,24.260000,24.080000,24.090000,21.417982,2069300
2020-12-31,24.040001,24.040001,23.889999,23.950001,21.293510,3304200
2021-01-04,24.379999,24.379999,23.900000,24.030001,21.364635,5276200
2021-01-05,24.200001,24.469999,24.170000,24.370001,21.666924,8767000
2021-01-06,24.320000,24.830000,24.309999,24.700001,21.960321,11030400
2021-01-07,24.629999,24.770000,24.590000,24.709999,21.969212,3392400
2021-01-08,24.860001,24.870001,24.549999,24.830000,22.075903,3480200
2021-01-11,24.280001,24.530001,24.250000,24.420000,21.711376,3140400
2021-01-12,24.420000,24.600000,24.280001,24.570000,21.844740,17127200
2021-01-13,24.480000,24.549999,24.400000,24.480000,21.764723,3247300
2021-01-14,24.670000,24.840000,24.660000,24.770000,22.022554,4813000
2021-01-15,24.540001,24.600000,24.280001,24.450001,21.738049,3525500
2021-01-19,24.610001,24.620001,24.500000,24.570000,21.844740,2887000
2021-01-20,24.799999,25.010000,24.780001,25.000000,22.227043,2353200
2021-01-21,25.110001,25.110001,24.940001,25.059999,22.280388,2376000
2021-01-22,24.799999,24.930000,24.780001,24.870001,22.111464,2985500
2021-01-25,24.860001,24.980000,24.590000,24.980000,22.209263,3943900
2021-01-26,25.010000,25.049999,24.889999,25.000000,22.227043,2631100
2021-01-27,24.549999,24.600000,24.250000,24.309999,21.613579,4740000
2021-01-28,24.260000,24.620001,24.240000,24.480000,21.764723,3947300
2021-01-29,24.030001,24.100000,23.600000,23.750000,21.115694,5242300
2021-02-01,24.180000,24.200001,24.020000,24.160000,21.480215,4897300
2021-02-02,24.379999,24.490000,24.290001,24.459999,21.746939,3432400
2021-02-03,24.549999,24.590000,24.440001,24.559999,21.835848,4450700
2021-02-04,24.459999,24.549999,24.410000,24.549999,21.826956,2496800
2021-02-05,24.750000,24.820000,24.629999,24.809999,22.058119,1720800
2021-02-08,24.940001,25.000000,24.870001,24.990000,22.218153,3236200
2021-02-09,24.879999,25.000000,24.840000,24.969999,22.200371,7238300
2021-02-10,25.090000,25.120001,24.820000,24.920000,22.155920,1668800
2021-02-11,25.180000,25.180000,25.000000,25.100000,22.315954,3296500
2021-02-12,24.889999,25.139999,24.889999,25.129999,22.342625,1057300
2021-02-16,25.360001,25.410000,25.260000,25.330000,22.520443,4729900
2021-02-17,25.120001,25.250000,25.020000,25.190001,22.395969,2035500
2021-02-18,25.280001,25.340000,25.120001,25.270000,22.467098,2579800
2021-02-19,25.280001,25.360001,25.230000,25.290001,22.484882,2553400
2021-02-22,25.299999,25.530001,25.270000,25.379999,22.564894,3471300
2021-02-23,25.549999,25.730000,25.340000,25.620001,22.778275,4135500
2021-02-24,25.480000,25.830000,25.430000,25.799999,22.938309,2308800
2021-02-25,25.820000,25.889999,25.180000,25.230000,22.431532,6828800
2021-02-26,24.990000,24.990000,24.510000,24.510000,21.791397,7178800
2021-03-01,25.139999,25.450001,25.110001,25.370001,22.556005,3491700
2021-03-02,25.230000,25.370001,25.100000,25.330000,22.520443,3532300
2021-03-03,25.290001,25.420000,25.150000,25.170000,22.378189,6444900
2021-03-04,25.360001,25.500000,24.870001,25.000000,22.227043,7007900
2021-03-05,25.090000,25.200001,24.690001,25.150000,22.360409,5102100
2021-03-08,25.020000,25.170000,24.920000,24.930000,22.164808,5296600
2021-03-09,25.100000,25.260000,25.020000,25.200001,22.404860,3489500
2021-03-10,25.049999,25.070000,24.889999,25.000000,22.227043,3973000
2021-03-11,25.049999,25.209999,24.980000,25.190001,22.395969,3102100
2021-03-12,24.959999,25.150000,24.930000,25.139999,22.351515,2680800
2021-03-15,25.120001,25.250000,24.940001,25.219999,22.422642,2276200
2021-03-16,25.230000,25.280001,25.139999,25.180000,22.387079,2969500
2021-03-17,25.059999,25.309999,25.000000,25.230000,22.431532,4084000
2021-03-18,24.920000,25.110001,24.790001,24.790001,22.040339,4100700
2021-03-19,24.730000,24.770000,24.570000,24.680000,21.942539,2258100
2021-03-22,24.940001,24.950001,24.840000,24.860001,22.102573,7752700
2021-03-23,24.740000,24.870001,24.510000,24.549999,21.826956,5782500
2021-03-24,24.690001,24.780001,24.530001,24.540001,21.818069,2912300
2021-03-25,24.549999,24.680000,24.420000,24.629999,21.898085,3842400
2021-03-26,24.820000,25.080000,24.809999,25.049999,22.271500,1597200
2021-03-29,24.840000,25.000000,24.760000,24.940001,22.173698,1964900
2021-03-30,24.629999,24.750000,24.580000,24.730000,21.986992,1840000
2021-03-31,24.790001,24.879999,24.760000,24.790001,22.040339,2750500
2021-04-01,24.950001,25.180000,24.900000,25.129999,22.342625,4335800
2021-04-05,25.330000,25.500000,25.250000,25.490000,22.662695,2295600
2021-04-06,25.190001,25.290001,25.129999,25.240000,22.440424,2391600
2021-04-07,25.280001,25.370001,25.230000,25.309999,22.502661,1696100
2021-04-08,25.459999,25.510000,25.370001,25.480000,22.653805,2231900
2021-04-09,25.450001,25.520000,25.389999,25.520000,22.689367,1473400
2021-04-12,25.389999,25.459999,25.340000,25.440001,22.618240,947900
2021-04-13,25.389999,25.549999,25.370001,25.549999,22.716040,1398300
2021-04-14,25.690001,25.870001,25.690001,25.750000,22.893858,1471600
2021-04-15,26.190001,26.260000,26.160000,26.230000,23.320614,4118300
2021-04-16,26.170000,26.260000,26.120001,26.260000,23.347286,4792600
2021-04-19,26.250000,26.270000,26.070000,26.129999,23.231707,2650500
2021-04-20,25.900000,25.940001,25.580000,25.629999,22.787167,2303700
2021-04-21,25.730000,26.090000,25.730000,26.090000,23.196144,1346400
2021-04-22,26.100000,26.150000,25.860001,25.920000,23.045002,1877000
2021-04-23,26.040001,26.299999,26.040001,26.240000,23.329504,2036000
2021-04-26,26.290001,26.389999,26.260000,26.379999,23.453976,1171900
2021-04-27,26.180000,26.250000,26.139999,26.230000,23.320614,1238000
2021-04-28,26.270000,26.490000,26.250000,26.459999,23.525105,1413900
2021-04-29,26.469999,26.469999,26.160000,26.330000,23.409527,2663800
2021-04-30,26.110001,26.150000,25.809999,25.879999,23.009439,2008100
2021-05-03,26.120001,26.240000,26.070000,26.219999,23.311724,2256100
2021-05-04,26.070000,26.139999,25.820000,26.059999,23.169470,3447500
2021-05-05,26.330000,26.490000,26.270000,26.420000,23.489542,1955900
2021-05-06,26.330000,26.469999,26.190001,26.459999,23.525105,2594200
2021-05-07,26.530001,26.809999,26.480000,26.760000,23.791828,2012100
2021-05-10,27.110001,27.150000,26.820000,26.830000,23.854065,2305900
2021-05-11,26.520000,26.709999,26.389999,26.600000,23.649576,3492800
2021-05-12,26.480000,26.600000,26.070000,26.139999,23.240599,2547000
2021-05-13,26.040001,26.320000,26.040001,26.250000,23.338396,1911400
2021-05-14,26.340000,26.549999,26.320000,26.500000,23.560669,1927700
2021-05-17,26.280001,26.459999,26.250000,26.450001,23.516211,2665800
2021-05-18,26.559999,26.559999,26.350000,26.370001,23.445089,8541200
2021-05-19,25.820000,25.990000,25.610001,25.910000,23.036110,4152600
2021-05-20,26.320000,26.549999,26.309999,26.540001,23.596233,2611200
2021-05-21,26.430000,26.450001,26.240000,26.299999,23.382851,2016700
2021-05-24,26.420000,26.540001,26.389999,26.490000,23.551777,2129400
2021-05-25,26.660000,26.690001,26.500000,26.549999,23.605122,1374100
2021-05-26,26.500000,26.620001,26.500000,26.590000,23.640686,2254700
2021-05-27,26.709999,26.780001,26.670000,26.740000,23.774048,2431100
2021-05-28,26.770000,26.860001,26.719999,26.740000,23.774048,2120400
2021-06-01,26.920000,26.950001,26.830000,26.860001,23.880735,1720200
2021-06-02,27.049999,27.150000,27.000000,27.120001,24.111900,1833400
2021-06-03,26.980000,27.000000,26.870001,26.940001,23.951864,1562700
2021-06-04,27.320000,27.400000,27.280001,27.379999,24.343060,2910200
2021-06-07,27.340000,27.350000,27.260000,27.330000,24.298607,1823200
2021-06-08,27.400000,27.430000,27.290001,27.370001,24.334167,997100
2021-06-09,27.250000,27.260000,27.090000,27.110001,24.103008,2785000
2021-06-10,26.930000,27.049999,26.879999,27.010000,24.351845,2148000
2021-06-11,26.980000,27.020000,26.870001,26.990000,24.333813,1908900
2021-06-14,27.030001,27.080000,26.940001,27.049999,24.387907,902400
2021-06-15,27.049999,27.059999,26.950001,27.010000,24.351845,4244700
2021-06-16,27.170000,27.200001,26.799999,26.889999,24.243652,2001500
2021-06-17,26.780001,26.860001,26.520000,26.670000,24.045305,3426200
2021-06-18,26.110001,26.170000,25.950001,26.010000,23.450260,2633900
2021-06-21,26.110001,26.400000,26.059999,26.360001,23.765816,1220500
2021-06-22,26.200001,26.430000,26.150000,26.360001,23.765816,1378200
2021-06-23,26.209999,26.270000,26.100000,26.129999,23.558449,3123600
2021-06-24,26.290001,26.360001,26.230000,26.340000,23.747784,1588400
2021-06-25,26.370001,26.370001,26.250000,26.360001,23.765816,1404900
2021-06-28,26.309999,26.309999,26.110001,26.170000,23.594513,1372400
2021-06-29,26.250000,26.270000,26.150000,26.190001,23.612545,1797000
2021-06-30,25.900000,26.020000,25.879999,25.980000,23.423210,3270300
2021-07-01,25.860001,25.889999,25.719999,25.889999,23.342068,2516200
2021-07-02,25.969999,26.150000,25.910000,26.150000,23.576479,1737900
2021-07-06,26.000000,26.020000,25.639999,25.799999,23.260923,2392600
2021-07-07,26.090000,26.170000,25.959999,26.080000,23.513372,3027700
2021-07-08,25.610001,25.719999,25.490000,25.680000,23.152737,3897300
2021-07-09,25.830000,26.129999,25.790001,26.120001,23.549433,4031300
2021-07-12,25.980000,26.129999,25.959999,26.080000,23.513372,885100
2021-07-13,25.950001,26.020000,25.879999,25.930000,23.378130,1316000
2021-07-14,26.150000,26.180000,25.990000,26.030001,23.468290,1591600
2021-07-15,25.780001,25.870001,25.650000,25.780001,23.242893,1385200
2021-07-16,25.840000,25.850000,25.549999,25.600000,23.080610,2062100
2021-07-19,25.180000,25.200001,24.910000,25.059999,22.593752,2410700
2021-07-20,25.000000,25.400000,24.969999,25.370001,22.873245,2010100
2021-07-21,25.510000,25.770000,25.500000,25.750000,23.215847,1977100
2021-07-22,25.820000,25.820000,25.620001,25.709999,23.179781,2554400
2021-07-23,25.900000,25.940001,25.809999,25.889999,23.342068,4480400
2021-07-26,25.820000,25.950001,25.820000,25.920000,23.369118,1257700
2021-07-27,25.910000,25.910000,25.750000,25.870001,23.324038,1997500
2021-07-28,25.750000,25.889999,25.650000,25.799999,23.260923,2668700
2021-07-29,26.020000,26.110001,26.000000,26.020000,23.459276,1816300
2021-07-30,25.820000,25.920000,25.700001,25.770000,23.233877,1488000
2021-08-02,26.059999,26.160000,25.920000,25.959999,23.405178,3464600
2021-08-03,26.059999,26.219999,25.969999,26.170000,23.594513,1640500
2021-08-04,26.260000,26.330000,26.139999,26.150000,23.576479,1200600
2021-08-05,26.330000,26.410000,26.299999,26.340000,23.747784,1831900
2021-08-06,26.350000,26.410000,26.280001,26.340000,23.747784,1526700
2021-08-09,26.320000,26.320000,26.209999,26.240000,23.657625,1291700
2021-08-10,26.260000,26.389999,26.260000,26.379999,23.783844,766000
2021-08-11,26.530001,26.559999,26.440001,26.510000,23.901052,2044600
2021-08-12,26.420000,26.469999,26.360001,26.430000,23.828926,2075500
2021-08-13,26.540001,26.620001,26.510000,26.610001,23.991211,1188700
2021-08-16,26.309999,26.370001,26.219999,26.330000,23.738766,2285200
2021-08-17,25.760000,25.799999,25.530001,25.690001,23.161753,5909000
2021-08-18,25.610001,25.719999,25.490000,25.490000,22.981434,2222600
2021-08-19,25.200001,25.379999,25.170000,25.280001,22.792103,2991700
2021-08-20,25.160000,25.350000,25.139999,25.330000,22.837181,1479600
2021-08-23,25.379999,25.620001,25.379999,25.580000,23.062576,992600
2021-08-24,25.680000,25.860001,25.660000,25.799999,23.260923,928900
2021-08-25,25.799999,25.930000,25.770000,25.870001,23.324038,958800
2021-08-26,25.750000,25.780001,25.610001,25.629999,23.107656,1903300
2021-08-27,25.709999,26.030001,25.700001,26.010000,23.450260,1196800
2021-08-30,26.010000,26.049999,25.950001,26.000000,23.441242,1176900
2021-08-31,25.990000,26.030001,25.910000,25.920000,23.369118,1634100
2021-09-01,26.190001,26.290001,26.150000,26.180000,23.603531,1817900
2021-09-02,26.370001,26.440001,26.370001,26.400000,23.801878,1909600
2021-09-03,26.450001,26.600000,26.450001,26.540001,23.928101,1653800
2021-09-07,26.500000,26.530001,26.400000,26.400000,23.801878,2373600
2021-09-08,26.370001,26.410000,26.209999,26.250000,23.666639,2225900
2021-09-09,26.070000,26.150000,25.940001,25.990000,23.432224,1799500
2021-09-10,26.110001,26.120001,25.799999,25.799999,23.260923,1531000
2021-09-13,26.139999,26.160000,25.930000,26.010000,23.450260,2362700
2021-09-14,26.059999,26.059999,25.730000,25.750000,23.215847,1885000
2021-09-15,25.830000,26.020000,25.809999,26.000000,23.441242,1861400
2021-09-16,25.889999,25.930000,25.750000,25.920000,23.369118,1634000
2021-09-17,25.629999,25.670000,25.360001,25.440001,22.936356,2446500
2021-09-20,24.750000,24.840000,24.510000,24.780001,22.341309,2859100
2021-09-21,25.160000,25.240000,25.000000,25.070000,22.602766,2747500
2021-09-22,25.230000,25.459999,25.180000,25.230000,22.747021,3083300
2021-09-23,25.480000,25.680000,25.450001,25.610001,23.089622,1321300
2021-09-24,25.260000,25.370001,25.240000,25.330000,22.837181,2225200
2021-09-27,25.360001,25.500000,25.350000,25.480000,22.972416,1075100
2021-09-28,24.950001,24.980000,24.639999,24.730000,22.296228,3779200
2021-09-29,24.760000,24.830000,24.629999,24.660000,22.233118,2463100
2021-09-30,24.969999,25.040001,24.760000,24.820000,22.377371,5083900
2021-10-01,24.879999,25.040001,24.719999,24.940001,22.485561,5192000
2021-10-04,25.160000,25.240000,24.910000,25.049999,22.584736,3202800
2021-10-05,25.180000,25.410000,25.160000,25.320000,22.828163,3463700
2021-10-06,24.820000,25.150000,24.750000,25.129999,22.656860,3464800
2021-10-07,25.270000,25.530001,25.270000,25.450001,22.945370,1543900
2021-10-08,25.559999,25.580000,25.459999,25.469999,22.963402,1875100
2021-10-11,25.570000,25.760000,25.490000,25.490000,22.981434,1432200
2021-10-12,25.610001,25.730000,25.530001,25.639999,23.116671,1579400
2021-10-13,25.590000,25.770000,25.500000,25.750000,23.215847,1819800
2021-10-14,25.959999,26.049999,25.900000,26.040001,23.477306,1377300
2021-10-15,26.049999,26.160000,25.990000,26.160000,23.585495,3999300
2021-10-18,25.910000,26.059999,25.870001,26.030001,23.468290,1647200
2021-10-19,26.299999,26.450001,26.260000,26.389999,23.792862,1297900
2021-10-20,26.490000,26.680000,26.459999,26.629999,24.009239,2154700
2021-10-21,26.430000,26.510000,26.340000,26.379999,23.783844,3280200
2021-10-22,26.500000,26.610001,26.370001,26.540001,23.928101,2781800
2021-10-25,26.650000,26.760000,26.559999,26.700001,24.072355,1460900
2021-10-26,26.760000,26.760000,26.590000,26.650000,24.027273,1467000
2021-10-27,26.690001,26.750000,26.559999,26.559999,23.946133,2172200
2021-10-28,26.629999,26.850000,26.629999,26.850000,24.207592,1711100
2021-10-29,26.309999,26.500000,26.290001,26.459999,23.855970,3122900
2021-11-01,26.370001,26.469999,26.330000,26.469999,23.864986,1265600
2021-11-02,26.190001,26.219999,26.139999,26.170000,23.594513,1594400
2021-11-03,26.219999,26.379999,26.120001,26.370001,23.774832,1788400
2021-11-04,26.250000,26.290001,26.139999,26.240000,23.657625,1641300
2021-11-05,26.400000,26.459999,26.340000,26.430000,23.828926,3436500
2021-11-08,26.500000,26.549999,26.480000,26.480000,23.874002,1161700
2021-11-09,26.400000,26.410000,26.200001,26.280001,23.693686,2247400
2021-11-10,26.250000,26.290001,25.940001,25.959999,23.405178,2612700
2021-11-11,25.900000,25.930000,25.820000,25.840000,23.296989,2636600
2021-11-12,25.990000,26.100000,25.940001,26.070000,23.504354,1714700
2021-11-15,26.219999,26.230000,26.070000,26.090000,23.522385,2119600
2021-11-16,25.990000,26.049999,25.930000,25.940001,23.387148,2147900
2021-11-17,25.620001,25.639999,25.469999,25.520000,23.008482,2031100
2021-11-18,25.500000,25.570000,25.379999,25.540001,23.026514,2068200
2021-11-19,25.440001,25.490000,25.330000,25.330000,22.837181,1605900
2021-11-22,25.389999,25.480000,25.280001,25.299999,22.810131,1286000
2021-11-23,25.500000,25.639999,25.450001,25.629999,23.107656,2129700
2021-11-24,25.360001,25.540001,25.330000,25.530001,23.017500,1813300
2021-11-26,24.750000,24.750000,24.480000,24.559999,22.142958,2374200
2021-11-29,24.799999,24.799999,24.559999,24.750000,22.314259,2983300
2021-11-30,24.650000,24.730000,24.260000,24.459999,22.052797,4639200
2021-12-01,24.799999,24.870001,24.240000,24.250000,21.863466,4980300
2021-12-02,24.450001,24.750000,24.420000,24.660000,22.233118,3324500
2021-12-03,24.610001,24.629999,24.090000,24.309999,21.917562,4733700
2021-12-06,24.540001,24.740000,24.450001,24.660000,22.233118,2360200
2021-12-07,24.900000,25.219999,24.900000,25.129999,22.656860,3735600
2021-12-08,25.280001,25.370001,25.219999,25.350000,22.855211,2028600
2021-12-09,25.200001,25.240000,25.129999,25.200001,22.719975,2645400
2021-12-10,25.270000,25.299999,25.100000,25.240000,22.756037,2805400
2021-12-13,24.459999,24.469999,24.270000,24.299999,22.503223,3478600
2021-12-14,24.190001,24.350000,24.100000,24.200001,22.410618,3524000
2021-12-15,24.260000,24.469999,24.010000,24.469999,22.660654,3287300
2021-12-16,24.450001,24.480000,24.240000,24.330000,22.531004,5981000
2021-12-17,24.260000,24.309999,24.040001,24.049999,22.271708,4430700
2021-12-20,24.100000,24.100000,23.920000,24.070000,22.290228,3232800
2021-12-21,24.280001,24.490000,24.280001,24.480000,22.669914,1768500
2021-12-22,24.530001,24.840000,24.500000,24.840000,23.003294,2757400
2021-12-23,24.820000,25.020000,24.809999,25.000000,23.151464,2272700
2021-12-27,24.879999,25.170000,24.879999,25.170000,23.308893,2057600
2021-12-28,25.209999,25.270000,25.100000,25.100000,23.244072,3193900
2021-12-29,25.209999,25.340000,25.180000,25.209999,23.345936,1680500
2021-12-30,25.040001,25.150000,24.980000,25.000000,23.354343,1078900
2021-12-31,24.760000,24.910000,24.760000,24.830000,23.195536,1795200
2022-01-03,24.690001,24.920000,24.629999,24.870001,23.232903,5582500
2022-01-04,25.250000,25.389999,25.209999,25.250000,23.587887,2185300
2022-01-05,25.250000,25.320000,24.920000,24.940001,23.298294,3351600
2022-01-06,24.530001,24.639999,24.360001,24.500000,22.887257,6735000
2022-01-07,24.530001,24.629999,24.410000,24.620001,22.999357,2811000
2022-01-10,24.370001,24.450001,24.129999,24.430000,22.821865,5936000
2022-01-11,24.400000,24.740000,24.290001,24.740000,23.111458,3453900
2022-01-12,24.860001,25.000000,24.820000,24.969999,23.326319,2714100
2022-01-13,25.150000,25.170000,24.840000,24.879999,23.242243,7452500
2022-01-14,24.580000,24.719999,24.420000,24.600000,22.980675,4457500
2022-01-18,24.290001,24.350000,24.120001,24.190001,22.597664,5451800
2022-01-19,24.400000,24.459999,24.219999,24.299999,22.700420,4803500
2022-01-20,24.420000,24.549999,24.100000,24.120001,22.532272,3362200
2022-01-21,23.799999,23.879999,23.430000,23.440001,21.897034,7493700
2022-01-24,22.930000,23.260000,22.469999,23.250000,21.719542,10036300
2022-01-25,22.959999,23.360001,22.730000,23.190001,21.663490,10864400
2022-01-26,23.370001,23.450001,22.809999,22.980000,21.467312,11020700
2022-01-27,22.790001,22.920000,22.410000,22.469999,20.990885,10808900
2022-01-28,22.430000,22.600000,22.190001,22.570000,21.084301,11528000
2022-01-31,22.559999,22.840000,22.530001,22.840000,21.336529,4220600
2022-02-01,22.930000,23.160000,22.780001,23.139999,21.616779,4806100
2022-02-02,23.250000,23.340000,23.129999,23.280001,21.747566,4939700
2022-02-03,23.160000,23.260000,23.000000,23.020000,21.504681,5336500
2022-02-04,23.010000,23.209999,22.870001,23.110001,21.588755,4070400
2022-02-07,23.260000,23.440001,23.230000,23.299999,21.766247,4317900
2022-02-08,23.600000,23.780001,23.490000,23.740000,22.177284,5571700
2022-02-09,24.059999,24.139999,24.020000,24.120001,22.532272,5511400
2022-02-10,23.969999,24.410000,23.840000,23.900000,22.326754,5427100
2022-02-11,23.980000,24.090000,23.620001,23.660000,22.102552,6749700
2022-02-14,23.770000,23.820000,23.540001,23.709999,22.149261,8242200
2022-02-15,23.920000,24.110001,23.840000,24.100000,22.513588,5009700
2022-02-16,24.080000,24.400000,24.070000,24.360001,22.756474,4833700
2022-02-17,24.340000,24.389999,24.110001,24.170000,22.578979,5121200
2022-02-18,24.110001,24.160000,23.920000,23.980000,22.401487,5022800
2022-02-22,24.209999,24.340000,23.980000,24.120001,22.532272,6646300
2022-02-23,24.400000,24.400000,23.930000,23.969999,22.392143,8796400
2022-02-24,23.360001,23.820000,23.270000,23.790001,22.223993,8783900
2022-02-25,23.780001,24.230000,23.709999,24.219999,22.625689,9440300
2022-02-28,23.969999,24.250000,23.930000,24.049999,22.466879,8602700
2022-03-01,24.040001,24.120001,23.660000,23.840000,22.270700,9429100
2022-03-02,24.379999,24.629999,24.290001,24.610001,22.990017,6152500
2022-03-03,24.549999,24.629999,24.219999,24.379999,22.775156,11514900
2022-03-04,24.340000,24.790001,24.270000,24.770000,23.139482,9019200
2022-03-07,24.580000,24.610001,24.200001,24.290001,22.691082,8022500
2022-03-08,24.040001,24.280001,23.809999,23.910000,22.336094,11628700
2022-03-09,24.510000,24.540001,24.309999,24.420000,22.812523,6028700
2022-03-10,24.510000,24.780001,24.500000,24.639999,23.018042,2906200
2022-03-11,24.620001,24.620001,24.320000,24.379999,22.775156,5893400
2022-03-14,24.389999,24.530001,24.000000,24.080000,22.494904,4084600
2022-03-15,24.219999,24.379999,24.100000,24.309999,22.709764,9512300
2022-03-16,24.790001,25.150000,24.510000,25.120001,23.466448,4454500
2022-03-17,25.059999,25.459999,25.049999,25.370001,23.699989,4232300
2022-03-18,25.340000,25.730000,25.340000,25.690001,23.998924,3856000
2022-03-21,25.610001,25.809999,25.549999,25.690001,23.998924,5145500
2022-03-22,25.870001,25.990000,25.820000,25.980000,24.269833,7744100
2022-03-23,25.830000,26.059999,25.820000,26.000000,24.288519,7162000
2022-03-24,26.100000,26.370001,26.100000,26.360001,24.624821,8704800
2022-03-25,26.330000,26.500000,26.280001,26.500000,24.755606,3465600
2022-03-28,26.299999,26.379999,26.180000,26.370001,24.634163,3205300
2022-03-29,26.530001,26.690001,26.430000,26.680000,24.923758,4078400
2022-03-30,26.750000,26.900000,26.629999,26.700001,24.942440,8354900
2022-03-31,26.629999,26.680000,26.400000,26.430000,24.690214,5174000
2022-04-01,26.610001,26.700001,26.480000,26.690001,24.933098,4278000
2022-04-04,26.690001,26.910000,26.629999,26.879999,25.110590,3257000
2022-04-05,27.000000,27.160000,26.650000,26.740000,24.979805,6853700
2022-04-06,26.709999,26.750000,26.410000,26.559999,24.811655,3943600
2022-04-07,26.440001,26.610001,26.290001,26.530001,24.783632,4967900
2022-04-08,26.430000,26.650000,26.389999,26.540001,24.792971,5344600
2022-04-11,26.400000,26.440001,26.240000,26.260000,24.531403,6467000
2022-04-12,26.540001,26.610001,26.299999,26.360001,24.624821,5967600
2022-04-13,26.180000,26.530001,26.180000,26.500000,24.755606,4340800
2022-04-14,26.540001,26.600000,26.389999,26.389999,24.652845,5281000
2022-04-18,26.160000,26.430000,26.129999,26.309999,24.578110,4566100
2022-04-19,26.330000,26.660000,26.290001,26.639999,24.886387,5704500
2022-04-20,26.700001,26.840000,26.639999,26.799999,25.035856,5030100
2022-04-21,26.820000,26.850000,26.250000,26.280001,24.550087,5813100
2022-04-22,25.850000,25.850000,25.250000,25.290001,23.625256,9085700
2022-04-25,24.650000,24.900000,24.430000,24.860001,23.223560,13833000
2022-04-26,24.709999,24.750000,24.379999,24.400000,22.793839,6723100
2022-04-27,24.590000,24.799999,24.459999,24.620001,22.999357,7509900
2022-04-28,24.780001,25.010000,24.549999,24.980000,23.335661,5590400
2022-04-29,25.100000,25.240000,24.540001,24.580000,22.961990,9041800
2022-05-02,24.530001,24.639999,24.270000,24.510000,22.896601,8877800
2022-05-03,24.700001,24.879999,24.660000,24.790001,23.158169,7197400
2022-05-04,24.770000,25.400000,24.570000,25.370001,23.699989,8256800
2022-05-05,25.030001,25.040001,24.260000,24.450001,22.840548,8376200
2022-05-06,24.090000,24.240000,23.850000,24.090000,22.504246,9724800
2022-05-09,23.680000,23.709999,23.230000,23.290001,21.756908,8618900
2022-05-10,23.620001,23.670000,23.110001,23.309999,21.775589,7279400
2022-05-11,23.530001,23.830000,23.230000,23.240000,21.710197,7837700
2022-05-12,22.770000,22.980000,22.580000,22.799999,21.299162,8452900
2022-05-13,23.290001,23.629999,23.260000,23.629999,22.074526,5973300
2022-05-16,23.559999,23.860001,23.510000,23.719999,22.158600,5843000
2022-05-17,24.070000,24.160000,23.920000,24.120001,22.532272,5534000
2022-05-18,24.000000,24.010000,23.450001,23.520000,21.971766,3750500
2022-05-19,23.600000,23.980000,23.590000,23.830000,22.261362,6368800
2022-05-20,24.170000,24.219999,23.730000,24.040001,22.457537,6174500
2022-05-23,24.240000,24.420000,24.170000,24.350000,22.747131,4675400
2022-05-24,24.230000,24.370001,24.000000,24.320000,22.719107,5814300
2022-05-25,24.180000,24.490000,24.150000,24.400000,22.793839,5867700
2022-05-26,24.230000,24.480000,24.230000,24.430000,22.821865,4304700
2022-05-27,24.790001,24.959999,24.760000,24.950001,23.307636,5927100
2022-05-31,24.740000,24.850000,24.620001,24.680000,23.055408,5109300
2022-06-01,25.110001,25.150000,24.629999,24.760000,23.130144,5550400
2022-06-02,24.920000,25.360001,24.870001,25.340000,23.671965,9156900
2022-06-03,25.030001,25.139999,24.889999,24.980000,23.335661,5079600
2022-06-06,25.120001,25.160000,24.870001,24.940001,23.298294,3571400
2022-06-07,24.469999,24.920000,24.459999,24.879999,23.242243,6011400
2022-06-08,24.620001,24.650000,24.410000,24.450001,22.840548,7923000
2022-06-09,23.360001,23.420000,23.000000,23.010000,22.169022,5459600
2022-06-10,22.469999,22.500000,22.160000,22.379999,21.562046,11451000
2022-06-13,21.639999,21.730000,21.350000,21.410000,20.627499,9129500
2022-06-14,21.430000,21.459999,21.040001,21.240000,20.463713,5350700
2022-06-15,21.389999,21.790001,21.160000,21.670000,20.877996,12900300
2022-06-16,21.090000,21.330000,20.910000,21.180000,20.405905,5633400
2022-06-17,21.010000,21.090000,20.670000,20.809999,20.049429,6371600
2022-06-21,21.260000,21.430000,21.219999,21.309999,20.531153,6251400
2022-06-22,20.990000,21.250000,20.959999,21.070000,20.299927,5187100
2022-06-23,21.090000,21.120001,20.799999,21.040001,20.271025,5493500
2022-06-24,21.250000,21.629999,21.209999,21.610001,20.820190,3942500
2022-06-27,21.610001,21.719999,21.520000,21.559999,20.772018,6273900
2022-06-28,21.879999,21.980000,21.520000,21.520000,20.733480,3461000
2022-06-29,21.610001,21.639999,21.450001,21.459999,20.675673,4390000
2022-06-30,21.000000,21.270000,20.889999,21.219999,20.444443,8443900
2022-07-01,20.830000,21.110001,20.709999,21.090000,20.319195,4852600
2022-07-05,20.600000,20.820000,20.490000,20.820000,20.059063,6086000
2022-07-06,20.940001,21.010000,20.719999,20.969999,20.203581,5173400
2022-07-07,21.250000,21.410000,21.250000,21.410000,20.627499,4042800
2022-07-08,21.280001,21.450001,21.170000,21.320000,20.540789,5629700
2022-07-11,20.790001,20.879999,20.670000,20.750000,19.991621,5397800
2022-07-12,20.820000,20.969999,20.740000,20.840000,20.078333,4758000
2022-07-13,20.660000,20.990000,20.570000,20.870001,20.107237,4947800
2022-07-14,20.500000,20.690001,20.299999,20.660000,19.904911,5148200
2022-07-15,20.920000,21.070000,20.760000,21.070000,20.299927,4894500
2022-07-18,21.290001,21.389999,21.049999,21.059999,20.290291,4918800
2022-07-19,21.410000,21.580000,21.389999,21.559999,20.772018,5580200
2022-07-20,21.600000,21.650000,21.440001,21.549999,20.762383,4309100
2022-07-21,21.480000,21.770000,21.440001,21.750000,20.955074,4073200
2022-07-22,21.950001,22.070000,21.660000,21.750000,20.955074,4012400
2022-07-25,21.980000,22.040001,21.879999,22.020000,21.215206,3541700
2022-07-26,21.879999,21.920000,21.740000,21.740000,20.945438,4827000
2022-07-27,21.980000,22.410000,21.950001,22.350000,21.533144,5170900
2022-07-28,22.370001,22.480000,22.190001,22.450001,21.629490,3700300
2022-07-29,22.450001,22.740000,22.360001,22.740000,21.908890,4195000
2022-08-01,22.700001,22.910000,22.600000,22.730000,21.899256,11481100
2022-08-02,22.520000,22.690001,22.400000,22.440001,21.619856,6571900
2022-08-03,22.469999,22.590000,22.330000,22.549999,21.725834,7128200
2022-08-04,22.490000,22.580000,22.430000,22.540001,21.716202,3795200
2022-08-05,22.190001,22.430000,22.160000,22.379999,21.562046,5793200
2022-08-08,22.660000,22.750000,22.530001,22.590000,21.764372,4074200
2022-08-09,22.549999,22.590000,22.379999,22.410000,21.590952,5232000
2022-08-10,22.910000,23.080000,22.799999,23.020000,22.178658,5643900
2022-08-11,23.160000,23.260000,23.030001,23.040001,22.197926,4231100
2022-08-12,23.049999,23.270000,23.000000,23.250000,22.400251,4072400
2022-08-15,22.879999,23.010000,22.840000,22.980000,22.140118,6340000
2022-08-16,22.969999,23.139999,22.969999,23.100000,22.255733,8204500
2022-08-17,22.750000,22.959999,22.680000,22.809999,21.976332,7101900
2022-08-18,22.969999,22.980000,22.809999,22.910000,22.072676,3997800
2022-08-19,22.700001,22.719999,22.520000,22.600000,21.774008,8232900
2022-08-22,22.459999,22.469999,22.299999,22.370001,21.552414,6070300
2022-08-23,22.230000,22.520000,22.219999,22.420000,21.600586,5908600
2022-08-24,22.330000,22.510000,22.320000,22.480000,21.658392,3639900
2022-08-25,22.709999,22.870001,22.660000,22.870001,22.034140,3854400
2022-08-26,23.110001,23.139999,22.410000,22.440001,21.619856,4524800
2022-08-29,22.350000,22.459999,22.270000,22.360001,21.542780,3077400
2022-08-30,22.490000,22.490000,22.010000,22.049999,21.244108,4315300
2022-08-31,22.139999,22.190001,21.910000,21.910000,21.109226,3872200
2022-09-01,21.780001,21.809999,21.530001,21.730000,20.935802,2991100
2022-09-02,22.020000,22.150000,21.690001,21.770000,20.974342,5801600
2022-09-06,21.620001,21.680000,21.430000,21.469999,20.685305,2764700
2022-09-07,21.100000,21.469999,21.100000,21.459999,20.675673,2642600
2022-09-08,21.389999,21.690001,21.370001,21.660000,20.868362,3474300
2022-09-09,22.150000,22.379999,22.129999,22.350000,21.533144,2096500
2022-09-12,22.580000,22.670000,22.520000,22.590000,21.764372,2508200
2022-09-13,22.030001,22.190001,21.590000,21.620001,20.829826,3396300
2022-09-14,21.590000,21.680000,21.430000,21.580000,20.791286,3198100
2022-09-15,21.510000,21.700001,21.350000,21.410000,20.627499,2055500
2022-09-16,21.160000,21.309999,21.059999,21.240000,20.463713,3067800
2022-09-19,21.000000,21.440001,20.980000,21.440001,20.656403,2602000
2022-09-20,21.260000,21.309999,21.070000,21.200001,20.425177,2757700
2022-09-21,21.059999,21.260000,20.760000,20.770000,20.010891,3611600
2022-09-22,20.790001,20.860001,20.650000,20.730000,19.972351,4307800
2022-09-23,20.170000,20.170000,19.770000,19.950001,19.220861,6362900
2022-09-26,19.940001,20.129999,19.650000,19.790001,19.066710,6613300
2022-09-27,19.850000,19.950001,19.490000,19.620001,18.902922,4363100
2022-09-28,19.730000,20.250000,19.680000,20.190001,19.452089,3109400
2022-09-29,20.059999,20.080000,19.799999,20.000000,19.269032,3344500
2022-09-30,19.809999,19.969999,19.580000,19.620001,18.902922,5907800
2022-10-03,19.940001,20.260000,19.870001,20.180000,19.442455,6924400
2022-10-04,20.559999,20.870001,20.559999,20.840000,20.078333,3746600
2022-10-05,20.600000,20.920000,20.490000,20.780001,20.020527,3820200
2022-10-06,20.580000,20.719999,20.410000,20.459999,19.712219,4504300
2022-10-07,20.309999,20.389999,20.040001,20.139999,19.403915,2562900
2022-10-10,20.000000,20.020000,19.760000,19.900000,19.172688,4050400
2022-10-11,19.690001,19.969999,19.520000,19.620001,18.902922,4613500
2022-10-12,19.559999,19.740000,19.490000,19.620001,18.902922,4223700
2022-10-13,19.209999,20.170000,19.190001,20.090000,19.355743,7480600
2022-10-14,20.129999,20.200001,19.540001,19.580000,18.864382,6535000
2022-10-17,19.900000,20.090000,19.900000,19.969999,19.240128,4090500
2022-10-18,20.260000,20.299999,19.860001,20.070000,19.336473,4494600
2022-10-19,19.950001,20.070000,19.770000,19.940001,19.211226,3682800
2022-10-20,20.040001,20.320000,19.860001,19.920000,19.191957,4196700
2022-10-21,19.740000,20.430000,19.650000,20.400000,19.654413,5367600
2022-10-24,20.129999,20.309999,20.010000,20.240000,19.500261,3158900
2022-10-25,20.360001,20.690001,20.360001,20.639999,19.885641,2699000
2022-10-26,20.719999,21.080000,20.700001,20.870001,20.107237,3698000
2022-10-27,20.879999,21.030001,20.719999,20.760000,20.001257,3298900
2022-10-28,20.620001,20.790001,20.549999,20.790001,20.030161,2591300
2022-10-31,20.540001,20.740000,20.540001,20.719999,19.962717,4737300
2022-11-01,21.299999,21.320000,20.920000,21.010000,20.242119,6391000
2022-11-02,21.059999,21.370001,20.620001,20.629999,19.876007,6284800
2022-11-03,20.160000,20.410000,20.139999,20.320000,19.577337,2746400
2022-11-04,21.180000,21.379999,21.010000,21.330000,20.550425,8056100
2022-11-07,21.320000,21.360001,21.170000,21.280001,20.502251,2636800
2022-11-08,21.379999,21.700001,21.309999,21.490000,20.704576,3918100
2022-11-09,21.340000,21.500000,21.049999,21.049999,20.280657,2570900
2022-11-10,21.860001,22.330000,21.740000,22.330000,21.513876,3937300
2022-11-11,22.549999,22.840000,22.480000,22.799999,21.966698,5070000
2022-11-14,22.600000,22.740000,22.520000,22.520000,21.696932,2170000
2022-11-15,22.950001,23.049999,22.719999,22.879999,22.043772,5963800
2022-11-16,22.830000,22.879999,22.639999,22.719999,21.889620,3276900
2022-11-17,22.420000,22.690001,22.410000,22.680000,21.851084,2432400
2022-11-18,22.809999,22.820000,22.639999,22.760000,21.928160,5555100
2022-11-21,22.480000,22.520000,22.330000,22.510000,21.687296,3818900
2022-11-22,22.660000,22.870001,22.639999,22.860001,22.024506,3019200
2022-11-23,22.860001,23.180000,22.850000,23.170000,22.323174,2650200
2022-11-25,23.180000,23.299999,23.180000,23.270000,22.419519,1773300
2022-11-28,23.030001,23.160000,22.820000,22.850000,22.014870,1689000
2022-11-29,23.070000,23.219999,23.000000,23.070000,22.226830,2338800
2022-11-30,23.330000,23.750000,23.100000,23.690001,22.824169,3808700
2022-12-01,23.830000,23.879999,23.590000,23.730000,22.862707,3653600
2022-12-02,23.430000,23.730000,23.420000,23.639999,22.775997,2077200
2022-12-05,23.570000,23.639999,23.129999,23.180000,22.332809,3082900
2022-12-06,23.250000,23.320000,22.959999,23.059999,22.217196,1914500
2022-12-07,23.049999,23.170000,22.969999,23.100000,22.255733,3241800
2022-12-08,23.070000,23.219999,23.010000,23.200001,22.352077,2240000
2022-12-09,23.200001,23.410000,23.170000,23.170000,22.323174,1551000
2022-12-12,23.150000,23.219999,23.040001,23.219999,22.371347,4156300
2022-12-13,23.430000,23.459999,23.040001,23.100000,22.675653,3285400
2022-12-14,23.090000,23.180000,22.780001,23.040001,22.616755,3594300
2022-12-15,22.620001,22.639999,22.219999,22.299999,21.890348,1770200
2022-12-16,22.160000,22.309999,22.080000,22.209999,21.802000,2473700
2022-12-19,22.389999,22.420000,22.129999,22.190001,21.782370,2021500
2022-12-20,22.000000,22.160000,21.969999,22.049999,21.644939,1691300
2022-12-21,22.290001,22.459999,22.270000,22.400000,21.988510,5616300
2022-12-22,22.209999,22.209999,21.870001,22.030001,21.625309,1711300
2022-12-23,22.139999,22.330000,22.090000,22.320000,21.909981,2072500
2022-12-27,22.389999,22.580000,22.309999,22.410000,21.998327,2586700
2022-12-28,22.450001,22.510000,22.100000,22.110001,21.703838,2231000
2022-12-29,22.209999,22.400000,22.190001,22.350000,21.939430,2102500
2022-12-30,22.209999,22.330000,22.160000,22.230000,21.821634,3002900
2023-01-03,21.959999,22.120001,21.850000,21.969999,21.566410,2983800
2023-01-04,22.610001,22.660000,22.420000,22.549999,22.135756,2083500
2023-01-05,22.290001,22.350000,22.180000,22.230000,21.821634,2536400
2023-01-06,22.500000,23.030001,22.340000,23.020000,22.597122,1310700
2023-01-09,23.100000,23.270000,22.990000,23.010000,22.587305,1123500
2023-01-10,22.990000,23.049999,22.870001,23.040001,22.616755,1045300
2023-01-11,23.240000,23.360001,23.180000,23.360001,22.930876,2204200
2023-01-12,23.670000,23.889999,23.360001,23.830000,23.392242,6437700
2023-01-13,23.680000,24.030001,23.680000,24.010000,23.568935,5155000
2023-01-17,24.100000,24.200001,24.070000,24.129999,23.686729,1625800
2023-01-18,24.410000,24.430000,23.850000,23.860001,23.421692,1833500
2023-01-19,23.980000,24.120001,23.870001,24.059999,23.618017,1695500
2023-01-20,24.100000,24.379999,24.010000,24.379999,23.932138,2490400
2023-01-23,24.260000,24.580000,24.240000,24.549999,24.099014,1048200
2023-01-24,24.450001,24.639999,24.330000,24.620001,24.167730,1229600
2023-01-25,24.600000,24.879999,24.549999,24.860001,24.403322,1446800
2023-01-26,25.000000,25.059999,24.780001,25.020000,24.560383,1062600
2023-01-27,24.889999,25.030001,24.790001,24.940001,24.481852,3961200
2023-01-30,24.709999,24.860001,24.670000,24.690001,24.236444,1161500
2023-01-31,24.610001,24.889999,24.570000,24.860001,24.403322,1015300
2023-02-01,24.889999,25.219999,24.590000,25.120001,24.658546,3257700
2023-02-02,25.170000,25.180000,24.790001,24.940001,24.481852,1346200
2023-02-03,24.620001,24.820000,24.480000,24.530001,24.079384,1159500
2023-02-06,24.260000,24.350000,24.110001,24.299999,23.853607,888600
2023-02-07,24.139999,24.580000,24.070000,24.540001,24.089201,7371500
2023-02-08,24.500000,24.530001,24.299999,24.350000,23.902691,1181200
2023-02-09,24.700001,24.709999,24.219999,24.280001,23.833977,10430000
2023-02-10,24.230000,24.240000,24.080000,24.170000,23.725996,1360200
2023-02-13,24.230000,24.480000,24.219999,24.469999,24.020485,1449500
2023-02-14,24.200001,24.540001,24.120001,24.430000,23.981220,4326900
2023-02-15,23.719999,23.940001,23.680000,23.940001,23.500221,1519500
2023-02-16,23.709999,24.020000,23.650000,23.840000,23.402058,3434100
2023-02-17,23.559999,23.709999,23.469999,23.690001,23.254814,975000
2023-02-21,23.610001,23.680000,23.440001,23.459999,23.029037,998600
2023-02-22,23.459999,23.500000,23.290001,23.350000,22.921061,972700
2023-02-23,23.410000,23.440001,23.100000,23.360001,22.930876,1402400
2023-02-24,22.879999,22.959999,22.820000,22.920000,22.498959,4777800
2023-02-27,22.969999,23.090000,22.920000,23.010000,22.587305,1213700
2023-02-28,22.920000,23.030001,22.850000,22.879999,22.459692,2653900
2023-03-01,23.040001,23.160000,22.950001,23.090000,22.665836,1646800
2023-03-02,22.889999,23.129999,22.879999,23.100000,22.675653,1584800
2023-03-03,23.250000,23.490000,23.180000,23.480000,23.048672,1179600
2023-03-06,23.280001,23.340000,23.190001,23.250000,22.822897,1653000
2023-03-07,23.160000,23.160000,22.709999,22.740000,22.322266,3640200
2023-03-08,22.870001,23.049999,22.820000,22.920000,22.498959,1024200
2023-03-09,23.010000,23.080000,22.629999,22.650000,22.233919,1972600
2023-03-10,22.510000,22.629999,22.200001,22.250000,21.841267,2633700
2023-03-13,21.969999,22.299999,21.930000,22.110001,21.703838,7719500
2023-03-14,22.379999,22.450001,22.209999,22.420000,22.008144,2678500
2023-03-15,21.820000,21.980000,21.580000,21.840000,21.438799,4705900
2023-03-16,21.700001,22.100000,21.680000,22.100000,21.694023,1867300
2023-03-17,22.049999,22.120001,21.889999,21.969999,21.566410,1671200
2023-03-20,22.100000,22.270000,22.090000,22.180000,21.772552,1166000
2023-03-21,22.270000,22.309999,22.129999,22.260000,21.851084,1723800
2023-03-22,22.309999,22.610001,22.129999,22.139999,21.733288,1331600
2023-03-23,22.230000,22.400000,21.920000,22.040001,21.635126,2076600
2023-03-24,21.889999,22.049999,21.780001,22.020000,21.615492,1473400
2023-03-27,22.080000,22.160000,21.990000,22.139999,21.733288,2567000
2023-03-28,22.240000,22.370001,22.230000,22.350000,21.939430,1170500
2023-03-29,22.540001,22.629999,22.480000,22.559999,22.145571,1160800
2023-03-30,22.860001,22.889999,22.780001,22.850000,22.430244,1164700
2023-03-31,22.920000,23.010000,22.910000,22.940001,22.518593,1776500
2023-04-03,23.209999,23.350000,23.160000,23.330000,22.901426,4179800
2023-04-04,23.200001,23.240000,23.059999,23.150000,22.724733,3992700
2023-04-05,23.049999,23.139999,22.959999,23.090000,22.665836,1485400
2023-04-06,22.930000,23.190001,22.860001,23.090000,22.665836,1437400
2023-04-10,22.850000,23.059999,22.809999,23.049999,22.626570,2163700
2023-04-11,23.180000,23.290001,23.150000,23.250000,22.822897,2137400
2023-04-12,23.490000,23.540001,23.320000,23.379999,22.950508,4003600
2023-04-13,23.510000,23.709999,23.480000,23.690001,23.254814,2775400
2023-04-14,23.650000,23.730000,23.389999,23.459999,23.029037,2579400
2023-04-17,23.410000,23.480000,23.330000,23.450001,23.019224,1287400
2023-04-18,23.520000,23.580000,23.480000,23.549999,23.117386,1433800
2023-04-19,23.459999,23.520000,23.459999,23.480000,23.048672,615500
2023-04-20,23.490000,23.639999,23.430000,23.500000,23.068304,862400
2023-04-21,23.320000,23.330000,23.160000,23.250000,22.822897,2752100
2023-04-24,23.250000,23.330000,23.209999,23.330000,22.901426,561000
2023-04-25,23.139999,23.160000,22.879999,22.910000,22.489141,2043700
2023-04-26,22.920000,22.980000,22.780001,22.840000,22.420429,2112500
2023-04-27,22.900000,23.120001,22.830000,23.120001,22.695286,4082100
2023-04-28,22.889999,23.150000,22.879999,23.139999,22.714916,3148200
2023-05-01,23.209999,23.260000,23.040001,23.070000,22.646204,2487700
2023-05-02,22.950001,22.959999,22.690001,22.850000,22.430244,1290500
2023-05-03,22.719999,22.900000,22.660000,22.680000,22.263369,1201100
2023-05-04,22.680000,22.770000,22.600000,22.660000,22.243734,981700
2023-05-05,23.000000,23.350000,22.990000,23.299999,22.871977,982300
2023-05-08,23.440001,23.440001,23.280001,23.309999,22.881794,522500
2023-05-09,23.129999,23.240000,23.110001,23.170000,22.744366,1002900
2023-05-10,23.400000,23.400000,23.020000,23.240000,22.813080,1076200
2023-05-11,22.969999,22.980000,22.790001,22.980000,22.557856,2968500
2023-05-12,23.000000,23.030001,22.770000,22.889999,22.469509,1675200
2023-05-15,23.040001,23.160000,22.980000,23.150000,22.724733,2699200
2023-05-16,22.969999,23.000000,22.709999,22.730000,22.312449,761900
2023-05-17,22.879999,22.959999,22.730000,22.920000,22.498959,602300
2023-05-18,22.760000,22.830000,22.660000,22.820000,22.400795,857300
2023-05-19,23.080000,23.100000,22.950001,23.000000,22.577490,1070700
2023-05-22,22.940001,23.059999,22.940001,23.000000,22.577490,759000
2023-05-23,22.830000,22.889999,22.700001,22.719999,22.302631,1083900
2023-05-24,22.459999,22.459999,22.250000,22.280001,21.870716,774900
2023-05-25,22.129999,22.139999,21.959999,22.059999,21.654757,1275300
2023-05-26,22.250000,22.430000,22.250000,22.420000,22.008144,830700
2023-05-30,22.400000,22.410000,22.150000,22.250000,21.841267,1450900
2023-05-31,21.799999,21.910000,21.680000,21.870001,21.468248,1595200
2023-06-01,22.030001,22.400000,22.010000,22.370001,21.959063,1729800
2023-06-02,22.600000,22.740000,22.590000,22.709999,22.292816,1423100
2023-06-05,22.690001,22.719999,22.549999,22.549999,22.135756,1066400
2023-06-06,22.510000,22.730000,22.510000,22.700001,22.283001,1185400
2023-06-07,22.209999,22.330000,22.030001,22.049999,22.049999,2079100
2023-06-08,22.209999,22.379999,22.190001,22.379999,22.379999,1318900
2023-06-09,22.400000,22.459999,22.330000,22.360001,22.360001,1506200
2023-06-12,22.400000,22.459999,22.320000,22.450001,22.450001,1315800
2023-06-13,22.760000,22.799999,22.660000,22.730000,22.730000,3235300
2023-06-14,22.879999,22.990000,22.660000,22.809999,22.809999,1487300
2023-06-15,22.910000,23.240000,22.910000,23.230000,23.230000,1523000
2023-06-16,23.459999,23.459999,23.299999,23.330000,23.330000,1936700
2023-06-20,23.350000,23.389999,23.219999,23.290001,23.290001,1221000
2023-06-21,23.080000,23.290001,23.030001,23.209999,23.209999,1404900
2023-06-22,22.670000,22.730000,22.600000,22.719999,22.719999,1532500
2023-06-23,22.070000,22.200001,22.059999,22.160000,22.160000,1085400
2023-06-26,22.080000,22.219999,22.070000,22.180000,22.180000,796300
2023-06-27,22.290001,22.410000,22.209999,22.360001,22.360001,989200
2023-06-28,22.209999,22.299999,22.160000,22.219999,22.219999,1135200
2023-06-29,22.209999,22.370001,22.200001,22.340000,22.340000,1057500
2023-06-30,22.480000,22.600000,22.459999,22.549999,22.549999,3844900
2023-07-03,22.590000,22.700001,22.590000,22.670000,22.670000,774000
2023-07-05,22.629999,22.650000,22.469999,22.480000,22.480000,7647400
2023-07-06,22.090000,22.090000,21.809999,21.920000,21.920000,1332800
2023-07-07,21.860001,22.200001,21.840000,22.100000,22.100000,1257200
2023-07-10,21.809999,22.020000,21.809999,21.990000,21.990000,961900
2023-07-11,22.100000,22.299999,22.080000,22.299999,22.299999,949900
2023-07-12,22.670000,22.840000,22.660000,22.830000,22.830000,1071200
2023-07-13,23.260000,23.459999,23.260000,23.430000,23.430000,1377700
2023-07-14,23.490000,23.510000,23.290001,23.299999,23.299999,1286200
2023-07-17,23.100000,23.219999,23.070000,23.200001,23.200001,785300
2023-07-18,23.150000,23.360001,23.129999,23.290001,23.290001,1318300
2023-07-19,23.200001,23.260000,23.129999,23.190001,23.190001,4512400
2023-07-20,23.340000,23.410000,23.200001,23.219999,23.219999,1516600
2023-07-21,23.170000,23.170000,23.090000,23.139999,23.139999,1943400
2023-07-24,23.049999,23.250000,23.030001,23.180000,23.180000,1659200
2023-07-25,23.240000,23.420000,23.240000,23.400000,23.400000,1340100
2023-07-26,23.340000,23.549999,23.330000,23.469999,23.469999,2088600
2023-07-27,23.660000,23.680000,23.209999,23.250000,23.250000,3084400
2023-07-28,23.170000,23.250000,23.080000,23.129999,23.129999,1353500
2023-07-31,23.270000,23.430000,23.270000,23.360001,23.360001,1602000
2023-08-01,22.990000,23.070000,22.879999,22.900000,22.900000,1516700
2023-08-02,22.520000,22.540001,22.299999,22.340000,22.340000,1734400
2023-08-03,22.250000,22.469999,22.230000,22.340000,22.340000,1372300
2023-08-04,22.540001,22.780001,22.459999,22.469999,22.469999,2821700
2023-08-07,22.540001,22.559999,22.379999,22.559999,22.559999,1166700
2023-08-08,22.240000,22.420000,22.139999,22.410000,22.410000,1333100
2023-08-09,22.469999,22.540001,22.360001,22.450001,22.450001,1167700
2023-08-10,22.670000,22.820000,22.430000,22.440001,22.440001,1837700
2023-08-11,22.299999,22.400000,22.209999,22.250000,22.250000,1847300
2023-08-14,22.000000,22.180000,21.920000,22.139999,22.139999,2195100
2023-08-15,22.059999,22.090000,21.850000,21.870001,21.870001,2421500
2023-08-16,21.750000,21.879999,21.600000,21.629999,21.629999,2295400
2023-08-17,21.680000,21.740000,21.420000,21.440001,21.440001,1978200
2023-08-18,21.320000,21.510000,21.290001,21.459999,21.459999,1666100
2023-08-21,21.480000,21.540001,21.350000,21.510000,21.510000,906100
2023-08-22,21.530001,21.540001,21.370001,21.400000,21.400000,988000
2023-08-23,21.530001,21.780001,21.530001,21.750000,21.750000,1889000
2023-08-24,21.570000,21.650000,21.360001,21.360001,21.360001,2482500
2023-08-25,21.530001,21.660000,21.299999,21.520000,21.520000,2463100
2023-08-28,21.629999,21.730000,21.629999,21.709999,21.709999,881400
2023-08-29,21.700001,22.120001,21.680000,22.120001,22.120001,1351300
2023-08-30,22.350000,22.440001,22.209999,22.250000,22.250000,2121100
2023-08-31,22.320000,22.350000,22.160000,22.209999,22.209999,1606400
2023-09-01,22.360001,22.400000,22.120001,22.250000,22.250000,1417600
2023-09-05,22.139999,22.170000,22.040001,22.049999,22.049999,1172600
2023-09-06,21.959999,22.020000,21.780001,21.860001,21.860001,1822000
2023-09-07,21.780001,21.830000,21.660000,21.750000,21.750000,970600
2023-09-08,21.719999,21.809999,21.670000,21.700001,21.700001,957900
2023-09-11,22.139999,22.180000,22.020000,22.049999,22.049999,1146100
2023-09-12,21.969999,22.090000,21.969999,22.000000,22.000000,658300
2023-09-13,21.930000,21.990000,21.830000,21.900000,21.900000,962200
2023-09-14,22.200001,22.370001,22.160000,22.330000,22.330000,1625200
2023-09-15,22.370001,22.430000,22.230000,22.240000,22.240000,1868900
2023-09-18,22.200001,22.200001,22.070000,22.170000,22.170000,4414900
2023-09-19,22.240000,22.290001,22.110001,22.160000,22.160000,1128900
2023-09-20,22.230000,22.400000,22.040001,22.049999,22.049999,1146700
2023-09-21,21.549999,21.590000,21.350000,21.350000,21.350000,1983900
2023-09-22,21.750000,21.820000,21.620001,21.639999,21.639999,1239700
2023-09-25,21.530001,21.650000,21.480000,21.620001,21.620001,1974000
2023-09-26,21.490000,21.580000,21.340000,21.340000,21.340000,2408200
2023-09-27,21.420000,21.440001,21.110001,21.250000,21.250000,2527800
2023-09-28,21.389999,21.700001,21.350000,21.629999,21.629999,1440000
2023-09-29,21.889999,21.900000,21.469999,21.510000,21.510000,1635800
2023-10-02,21.320000,21.340000,21.010000,21.070000,21.070000,3044700
2023-10-03,20.860001,20.969999,20.709999,20.790001,20.790001,1436600
2023-10-04,20.910000,20.930000,20.690001,20.900000,20.900000,1527200
2023-10-05,20.969999,21.139999,20.950001,21.090000,21.090000,2369500
2023-10-06,21.090000,21.500000,20.969999,21.420000,21.420000,1547900
2023-10-09,21.209999,21.490000,21.200001,21.459999,21.459999,1510100
2023-10-10,21.580000,21.780001,21.559999,21.730000,21.730000,2457400
2023-10-11,21.790001,21.830000,21.580000,21.730000,21.730000,1512100
2023-10-12,21.610001,21.610001,21.150000,21.219999,21.219999,3174900
2023-10-13,21.280001,21.370001,21.090000,21.160000,21.160000,3411600
2023-10-16,21.299999,21.500000,21.250000,21.490000,21.490000,843300
2023-10-17,21.330000,21.670000,21.320000,21.580000,21.580000,1526100
2023-10-18,21.450001,21.469999,21.200001,21.230000,21.230000,2861400
2023-10-19,21.049999,21.219999,20.940001,20.990000,20.990000,4194500
2023-10-20,20.799999,20.830000,20.610001,20.629999,20.629999,2051000
2023-10-23,20.600000,20.840000,20.510000,20.670000,20.670000,3221500
2023-10-24,20.860001,20.969999,20.799999,20.920000,20.920000,2631200
2023-10-25,20.760000,20.850000,20.639999,20.650000,20.650000,3189600
2023-10-26,20.660000,20.730000,20.510000,20.610001,20.610001,3405900
2023-10-27,20.740000,20.770000,20.459999,20.549999,20.549999,2951100
2023-10-30,20.790001,20.850000,20.670000,20.799999,20.799999,2264500
2023-10-31,20.650000,20.750000,20.580000,20.740000,20.740000,1594500
2023-11-01,20.910000,21.129999,20.870001,21.120001,21.120001,2164300
2023-11-02,21.440001,21.549999,21.379999,21.549999,21.549999,2654100
2023-11-03,21.730000,21.870001,21.700001,21.809999,21.809999,1448800
2023-11-06,21.830000,21.830000,21.660000,21.719999,21.719999,1580500
2023-11-07,21.450001,21.520000,21.389999,21.469999,21.469999,2022300
2023-11-08,21.639999,21.690001,21.469999,21.520000,21.520000,2038300
2023-11-09,21.639999,21.730000,21.389999,21.400000,21.400000,1435400
2023-11-10,21.299999,21.400000,21.139999,21.379999,21.379999,1440600
2023-11-13,21.299999,21.510000,21.280001,21.490000,21.490000,1358700
2023-11-14,21.920000,22.209999,21.920000,22.190001,22.190001,1561200
2023-11-15,22.230000,22.320000,22.160000,22.190001,22.190001,1618600
2023-11-16,22.000000,22.090000,21.900000,21.980000,21.980000,1830800
2023-11-17,22.090000,22.209999,22.049999,22.209999,22.209999,1545400
2023-11-20,22.200001,22.400000,22.190001,22.360001,22.360001,1449600
2023-11-21,22.410000,22.459999,22.290001,22.330000,22.330000,1909800
2023-11-22,22.280001,22.309999,22.150000,22.250000,22.250000,1781000
2023-11-24,22.320000,22.459999,22.320000,22.450001,22.450001,731200
2023-11-27,22.270000,22.309999,22.190001,22.260000,22.260000,1082900
2023-11-28,22.410000,22.580000,22.350000,22.510000,22.510000,1887200
2023-11-29,22.459999,22.500000,22.330000,22.400000,22.400000,1299500
2023-11-30,22.420000,22.530001,22.320000,22.450001,22.450001,1855100
2023-12-01,22.520000,22.950001,22.500000,22.930000,22.930000,1908300
2023-12-04,22.570000,22.730000,22.530001,22.549999,22.549999,2620300
2023-12-05,22.330000,22.420000,22.270000,22.340000,22.340000,2223900
2023-12-06,22.790001,22.820000,22.520000,22.540001,22.540001,2291300
2023-12-07,22.690001,22.790001,22.549999,22.740000,22.740000,1609100
2023-12-08,22.690001,22.889999,22.670000,22.820000,22.820000,1528900
2023-12-11,22.750000,22.809999,22.700001,22.809999,22.809999,1410200
2023-12-12,22.820000,22.870001,22.719999,22.870001,22.870001,1504700
2023-12-13,23.080000,23.620001,22.969999,23.620001,23.620001,2822100
2023-12-14,23.900000,24.090000,23.860001,23.990000,23.990000,3358100
2023-12-15,23.910000,24.049999,23.809999,23.830000,23.830000,2618000