Date,Open,High,Low,Close,Adj Close,Volume
2001-11-26,15.168333,15.168333,15.168333,15.168333,9.653491,0
2001-11-27,15.168333,15.168333,15.168333,15.168333,9.653491,0
2001-11-28,15.168333,15.168333,15.168333,15.168333,9.653491,0
2001-11-29,15.168333,15.168333,15.168333,15.168333,9.653491,0
2001-11-30,15.220000,15.220000,15.220000,15.220000,9.686371,600
2001-12-03,15.220000,15.220000,15.220000,15.220000,9.686371,0
2001-12-04,15.440000,15.440000,15.440000,15.440000,9.826387,600
2001-12-05,15.440000,15.440000,15.440000,15.440000,9.826387,0
2001-12-06,15.686667,15.686667,15.686667,15.686667,9.983375,1200
2001-12-07,15.450000,15.450000,15.356667,15.356667,9.773355,1800
2001-12-10,15.356667,15.356667,15.356667,15.356667,9.773355,0
2001-12-11,15.125000,15.125000,15.125000,15.125000,9.625914,1200
2001-12-12,15.050000,15.050000,15.008333,15.008333,9.551660,1800
2001-12-13,15.008333,15.008333,15.008333,15.008333,9.551660,0
2001-12-14,15.008333,15.008333,15.008333,15.008333,9.551660,0
2001-12-17,14.946667,14.946667,14.946667,14.946667,9.551983,0
2001-12-18,15.008333,15.135000,15.008333,15.135000,9.672342,7800
2001-12-19,15.108333,15.233333,15.108333,15.233333,9.735184,14400
2001-12-20,15.233333,15.233333,15.233333,15.233333,9.735184,0
2001-12-21,15.233333,15.233333,15.233333,15.233333,9.735184,0
2001-12-24,15.500000,15.500000,15.500000,15.500000,9.905602,600
2001-12-26,15.908333,15.908333,15.908333,15.908333,10.166560,600
2001-12-27,15.908333,15.908333,15.908333,15.908333,10.166560,0
2001-12-28,16.059999,16.059999,16.059999,16.059999,10.263483,600
2001-12-31,15.933333,15.933333,15.933333,15.933333,10.182536,6000
2002-01-02,15.933333,15.933333,15.933333,15.933333,10.182536,0
2002-01-03,15.933333,15.933333,15.933333,15.933333,10.182536,0
2002-01-04,15.700000,15.730000,15.700000,15.730000,10.052591,1800
2002-01-07,15.816667,15.816667,15.816667,15.816667,10.107978,1800
2002-01-08,15.650000,15.650000,15.650000,15.650000,10.001460,600
2002-01-09,15.648333,15.648333,15.648333,15.648333,10.000399,600
2002-01-10,15.648333,15.648333,15.648333,15.648333,10.000399,0
2002-01-11,15.648333,15.648333,15.648333,15.648333,10.000399,0
2002-01-14,15.648333,15.648333,15.648333,15.648333,10.000399,0
2002-01-15,15.648333,15.648333,15.648333,15.648333,10.000399,0
2002-01-16,15.648333,15.648333,15.648333,15.648333,10.000399,0
2002-01-17,15.648333,15.648333,15.648333,15.648333,10.000399,0
2002-01-18,15.648333,15.648333,15.648333,15.648333,10.000399,0
2002-01-22,14.866667,14.866667,14.758333,14.761667,9.433755,10200
2002-01-23,14.761667,14.761667,14.761667,14.761667,9.433755,0
2002-01-24,14.761667,14.761667,14.761667,14.761667,9.433755,0
2002-01-25,14.761667,14.761667,14.761667,14.761667,9.433755,0
2002-01-28,15.433333,15.433333,15.433333,15.433333,9.862995,14400
2002-01-29,15.341667,15.341667,15.341667,15.341667,9.804415,600
2002-01-30,15.341667,15.341667,15.341667,15.341667,9.804415,0
2002-01-31,15.341667,15.341667,15.341667,15.341667,9.804415,0
2002-02-01,15.341667,15.341667,15.341667,15.341667,9.804415,0
2002-02-04,15.341667,15.341667,15.341667,15.341667,9.804415,0
2002-02-05,15.341667,15.341667,15.341667,15.341667,9.804415,0
2002-02-06,15.341667,15.341667,15.341667,15.341667,9.804415,0
2002-02-07,15.100000,15.100000,15.100000,15.100000,9.649978,3600
2002-02-08,15.100000,15.100000,15.100000,15.100000,9.649978,0
2002-02-11,15.100000,15.100000,15.100000,15.100000,9.649978,0
2002-02-12,15.450000,15.450000,15.450000,15.450000,9.873652,1200
2002-02-13,15.500000,15.523333,15.500000,15.523333,9.920514,7800
2002-02-14,15.613333,15.648333,15.613333,15.648333,10.000399,8400
2002-02-15,15.648333,15.648333,15.648333,15.648333,10.000399,0
2002-02-19,15.556667,15.556667,15.556667,15.556667,9.941814,600
2002-02-20,15.556667,15.556667,15.556667,15.556667,9.941814,0
2002-02-21,15.790000,15.790000,15.651667,15.651667,10.002531,3600
2002-02-22,15.651667,15.651667,15.651667,15.651667,10.002531,0
2002-02-25,15.998333,16.070000,15.998333,16.070000,10.269873,1200
2002-02-26,16.129999,16.129999,16.129999,16.129999,10.308218,600
2002-02-27,16.126667,16.126667,16.116667,16.116667,10.299694,2400
2002-02-28,16.186666,16.263332,16.186666,16.218332,10.364666,89400
2002-03-01,16.333332,16.333332,16.333332,16.333332,10.438163,600
2002-03-04,16.531668,16.658333,16.531668,16.658333,10.645858,1200
2002-03-05,16.666668,16.666668,16.666668,16.666668,10.651189,600
2002-03-06,16.666668,16.666668,16.666668,16.666668,10.651189,0
2002-03-07,17.006666,17.096666,17.006666,17.096666,10.925983,6000
2002-03-08,17.133333,17.133333,16.941668,16.941668,10.826934,12600
2002-03-11,17.023333,17.051666,17.023333,17.051666,10.925386,10200
2002-03-12,17.051666,17.051666,17.051666,17.051666,10.925386,0
2002-03-13,17.013332,17.013332,17.013332,17.013332,10.900825,1200
2002-03-14,17.013332,17.013332,17.013332,17.013332,10.900825,0
2002-03-15,17.105000,17.105000,17.105000,17.105000,10.959561,600
2002-03-18,17.183332,17.290001,17.183332,17.198334,11.019361,19800
2002-03-19,17.198334,17.198334,17.198334,17.198334,11.019361,0
2002-03-20,17.350000,17.441668,17.333332,17.441668,11.175271,4200
2002-03-21,17.283333,17.283333,17.166668,17.181667,11.008679,5400
2002-03-22,17.181667,17.181667,17.181667,17.181667,11.008679,0
2002-03-25,16.916668,17.023333,16.916668,17.020000,10.905098,27000
2002-03-26,16.958332,16.958332,16.958332,16.958332,10.865588,600
2002-03-27,16.958332,16.958332,16.958332,16.958332,10.865588,0
2002-03-28,16.958332,16.958332,16.958332,16.958332,10.865588,0
2002-04-01,16.958332,16.958332,16.958332,16.958332,10.865588,0
2002-04-02,17.406668,17.548332,17.406668,17.500000,11.212645,15000
2002-04-03,17.223333,17.295000,17.203333,17.203333,11.022563,3600
2002-04-04,16.971666,16.971666,16.940001,16.940001,10.853843,2400
2002-04-05,16.976667,16.976667,16.976667,16.976667,10.877332,600
2002-04-08,17.033333,17.033333,16.980000,16.980000,10.879470,2400
2002-04-09,16.933332,16.933332,16.716667,16.716667,10.710744,2400
2002-04-10,16.716667,16.716667,16.716667,16.716667,10.710744,0
2002-04-11,16.850000,16.965000,16.850000,16.875000,10.812191,12600
2002-04-12,16.716667,16.716667,16.353333,16.353333,10.477953,9000
2002-04-15,16.633333,16.708332,16.633333,16.650000,10.668036,4800
2002-04-16,16.745001,16.775000,16.745001,16.775000,10.748121,2400
2002-04-17,17.100000,17.100000,17.093332,17.093332,10.952085,3000
2002-04-18,17.241667,17.266666,17.200001,17.200001,11.020432,45600
2002-04-19,17.200001,17.200001,17.200001,17.200001,11.020432,0
2002-04-22,17.083332,17.083332,17.033333,17.033333,10.913644,3600
2002-04-23,17.033333,17.070000,17.033333,17.070000,10.937135,4800
2002-04-24,16.958332,16.958332,16.798332,16.798332,10.763069,1200
2002-04-25,16.900000,16.900000,16.900000,16.900000,10.828214,1200
2002-04-26,16.883333,16.883333,16.680000,16.716667,10.710744,63600
2002-04-29,16.643333,16.643333,16.643333,16.643333,10.663759,1200
2002-04-30,16.764999,16.764999,16.764999,16.764999,10.741714,600
2002-05-01,16.766666,16.915001,16.766666,16.915001,10.837824,1200
2002-05-02,16.948334,16.950001,16.948334,16.950001,10.860250,3600
2002-05-03,17.100000,17.198334,17.100000,17.145000,10.985188,3000
2002-05-06,16.918333,16.918333,16.691668,16.691668,10.694727,43800
2002-05-07,16.693333,16.719999,16.658333,16.719999,10.712879,1800
2002-05-08,16.885000,16.885000,16.885000,16.885000,10.818602,600
2002-05-09,16.866667,16.866667,16.866667,16.866667,10.806853,1200
2002-05-10,16.883333,16.893333,16.785000,16.893333,10.823942,4200
2002-05-13,16.865000,17.000000,16.865000,16.940001,10.853843,63600
2002-05-14,17.173332,17.173332,17.148333,17.148333,10.987324,1800
2002-05-15,16.911667,16.965000,16.910000,16.965000,10.869860,4800
2002-05-16,17.046667,17.046667,17.046667,17.046667,10.922184,600
2002-05-17,16.848333,16.895000,16.848333,16.881666,10.816463,25800
2002-05-20,16.881666,16.881666,16.881666,16.881666,10.816463,0
2002-05-21,16.963333,16.963333,16.956667,16.956667,10.864517,1200
2002-05-22,16.975000,17.053333,16.975000,17.053333,10.926455,12000
2002-05-23,17.046667,17.046667,17.046667,17.046667,10.922184,600
2002-05-24,17.075001,17.075001,17.036667,17.045000,10.921119,2400
2002-05-28,16.933332,16.948334,16.916668,16.941668,10.854912,10800
2002-05-29,16.833332,16.833332,16.783333,16.783333,10.753461,1800
2002-05-30,16.711666,16.711666,16.420000,16.548332,10.602887,19800
2002-05-31,16.750000,16.763332,16.715000,16.715000,10.709673,5400
2002-06-03,16.691668,16.691668,16.360001,16.360001,10.482224,2400
2002-06-04,16.195000,16.218332,16.195000,16.218332,10.391451,1800
2002-06-05,16.218332,16.218332,16.218332,16.218332,10.391451,0
2002-06-06,16.056667,16.056667,16.056667,16.056667,10.287870,600
2002-06-07,16.000000,16.000000,16.000000,16.000000,10.251561,2400
2002-06-10,15.851667,15.851667,15.851667,15.851667,10.156522,600
2002-06-11,15.883333,15.908333,15.640000,15.640000,10.020901,1800
2002-06-12,15.666667,15.780000,15.666667,15.780000,10.110600,2400
2002-06-13,15.711667,15.711667,15.711667,15.711667,10.066822,1800
2002-06-14,15.611667,15.611667,15.611667,15.611667,10.002750,600
2002-06-17,15.955000,16.035000,15.955000,16.020000,10.311603,3000
2002-06-18,16.040001,16.081667,16.040001,16.081667,10.351296,6600
2002-06-19,16.081667,16.081667,16.081667,16.081667,10.351296,0
2002-06-20,16.021667,16.021667,16.021667,16.021667,10.312675,1800
2002-06-21,15.925000,15.925000,15.771667,15.771667,10.151754,1800
2002-06-24,15.881667,15.881667,15.881667,15.881667,10.222568,1200
2002-06-25,16.093332,16.093332,16.093332,16.093332,10.358806,600
2002-06-26,15.766667,15.766667,15.760000,15.760000,10.144249,1800
2002-06-27,15.850000,15.858333,15.850000,15.858333,10.207539,2400
2002-06-28,15.858333,15.858333,15.858333,15.858333,10.207539,0
2002-07-01,15.858333,15.858333,15.858333,15.858333,10.207539,0
2002-07-02,15.740000,15.740000,15.541667,15.543333,10.004785,3000
2002-07-03,15.418333,15.418333,15.325000,15.375000,9.896435,8400
2002-07-05,15.566667,15.633333,15.566667,15.633333,10.062716,3000
2002-07-08,15.881667,15.881667,15.778333,15.778333,10.156045,1200
2002-07-09,15.616667,15.616667,15.616667,15.616667,10.051991,600
2002-07-10,15.430000,15.430000,15.430000,15.430000,9.931838,600
2002-07-11,14.813333,14.813333,14.813333,14.813333,9.534908,1200
2002-07-12,14.813333,14.813333,14.813333,14.813333,9.534908,0
2002-07-15,14.813333,14.813333,14.813333,14.813333,9.534908,0
2002-07-16,14.076667,14.175000,14.076667,14.175000,9.124029,1800
2002-07-17,14.383333,14.383333,14.175000,14.175000,9.124029,1800
2002-07-18,14.280000,14.280000,14.225000,14.225000,9.156213,1800
2002-07-19,13.975000,13.975000,13.433333,13.433333,8.646642,3000
2002-07-22,12.641667,12.850000,12.636667,12.850000,8.271169,1800
2002-07-23,12.600000,12.600000,12.266667,12.266667,7.895689,9000
2002-07-24,12.033333,12.866667,12.016667,12.866667,8.281893,3600
2002-07-25,12.966667,13.058333,12.948333,12.948333,8.334461,4200
2002-07-26,12.841667,12.858333,12.825000,12.841667,8.265802,3600
2002-07-29,13.691667,13.691667,13.691667,13.691667,8.812922,600
2002-07-30,13.691667,13.770000,13.663333,13.663333,8.794688,2400
2002-07-31,13.608333,13.783333,13.608333,13.783333,8.871924,3600
2002-08-01,13.466667,13.466667,13.466667,13.466667,8.668097,600
2002-08-02,13.466667,13.466667,13.466667,13.466667,8.668097,0
2002-08-05,12.875000,12.875000,12.875000,12.875000,8.287260,13200
2002-08-06,13.200000,13.200000,13.183333,13.183333,8.485723,2400
2002-08-07,13.033333,13.033333,13.033333,13.033333,8.389170,600
2002-08-08,13.033333,13.033333,13.033333,13.033333,8.389170,0
2002-08-09,13.666667,13.900000,13.666667,13.900000,8.947021,22200
2002-08-12,13.775000,13.955000,13.775000,13.955000,8.982426,9000
2002-08-13,13.858333,13.911667,13.760000,13.760000,8.856908,8400
2002-08-14,13.793333,13.988333,13.640000,13.988333,9.003876,28200
2002-08-15,14.200000,14.368333,14.161667,14.358333,9.242036,60000
2002-08-16,14.216667,14.241667,14.108333,14.108333,9.081117,9000
2002-08-19,14.225000,14.225000,14.225000,14.225000,9.156213,6600
2002-08-20,14.083333,14.083333,14.041667,14.043333,9.039280,25800
2002-08-21,14.026667,14.236667,14.026667,14.236667,9.163723,90600
2002-08-22,14.416667,14.416667,14.416667,14.416667,9.279583,1800
2002-08-23,14.383333,14.383333,14.260000,14.288333,9.196984,92400
2002-08-26,14.308333,14.525000,14.308333,14.513333,9.341801,768600
2002-08-27,14.600000,14.600000,14.416667,14.420000,9.281729,48600
2002-08-28,14.278333,14.278333,14.225000,14.225000,9.156213,12000
2002-08-29,13.975000,13.990000,13.975000,13.983333,9.000659,49200
2002-08-30,13.983333,14.106667,13.983333,14.083333,9.065025,92400
2002-09-03,13.558333,13.608333,13.550000,13.550000,8.721736,13800
2002-09-04,13.533333,13.566667,13.533333,13.556667,8.726027,50400
2002-09-05,13.453333,13.471667,13.398333,13.400000,8.625184,93000
2002-09-06,13.725000,13.725000,13.663333,13.665000,8.795758,85800
2002-09-09,13.583333,13.756667,13.558333,13.756667,8.854762,5400
2002-09-10,13.881667,13.883333,13.841667,13.883333,8.936296,37200
2002-09-11,13.876667,13.876667,13.843333,13.843333,8.910545,193800
2002-09-12,13.775000,13.775000,13.623333,13.641667,8.780741,5400
2002-09-13,13.581667,13.666667,13.535000,13.665000,8.795758,220200
2002-09-16,13.583333,13.625000,13.516667,13.593333,8.756354,287400
2002-09-17,13.483333,13.483333,13.198333,13.198333,8.501909,20400
2002-09-18,13.183333,13.235000,13.053333,13.200000,8.502988,91800
2002-09-19,12.991667,13.036667,12.968333,13.000000,8.374151,8400
2002-09-20,12.916667,12.965000,12.875000,12.928333,8.327989,214200
2002-09-23,12.835000,12.835000,12.733333,12.733333,8.202377,241200
2002-09-24,12.591667,12.591667,12.448333,12.448333,8.018785,24000
2002-09-25,12.540000,12.716667,12.540000,12.716667,8.191639,144600
2002-09-26,12.885000,13.083333,12.883333,13.075000,8.422467,85200
2002-09-27,13.131667,13.180000,12.808333,12.808333,8.250689,102000
2002-09-30,12.515000,12.568333,12.515000,12.568333,8.096088,8400
2002-10-01,12.881667,13.140000,12.881667,13.140000,8.464336,151800
2002-10-02,13.001667,13.005000,12.860000,12.860000,8.283969,135600
2002-10-03,12.916667,12.940000,12.865000,12.895000,8.306517,27000
2002-10-04,12.708333,12.708333,12.668333,12.668333,8.160505,41400
2002-10-07,12.420000,12.420000,12.420000,12.420000,8.000536,8400
2002-10-08,12.468333,12.468333,12.141667,12.321667,7.937190,59400
2002-10-09,12.200000,12.200000,11.928333,11.930000,7.684894,80400
2002-10-10,11.950000,12.275000,11.850000,12.266667,7.901762,82800
2002-10-11,12.418333,12.591667,12.418333,12.566667,8.095015,10800
2002-10-14,12.691667,12.691667,12.651667,12.680000,8.168017,4200
2002-10-15,13.075000,13.181667,13.075000,13.166667,8.481515,21600
2002-10-16,13.083333,13.083333,12.991667,13.025000,8.390253,52800
2002-10-17,13.248333,13.375000,13.248333,13.375000,8.615716,46200
2002-10-18,13.233333,13.366667,13.233333,13.366667,8.610346,1800
2002-10-21,13.266667,13.450000,13.236667,13.421667,8.645777,3000
2002-10-22,13.071667,13.088333,13.071667,13.073333,8.421390,58800
2002-10-23,13.041667,13.261667,13.000000,13.233333,8.524456,108000
2002-10-24,13.276667,13.276667,13.050000,13.053333,8.408508,103200
2002-10-25,12.991667,13.033333,12.991667,13.020000,8.387033,101400
2002-10-28,13.050000,13.195000,12.983333,13.000000,8.374151,122400
2002-10-29,12.663333,12.663333,12.663333,12.663333,8.157284,600
2002-10-30,12.995000,13.023333,12.983333,13.000000,8.374151,104400
2002-10-31,13.051667,13.096667,12.900000,12.946667,8.339794,121800
2002-11-01,13.231667,13.233333,13.225000,13.225000,8.519091,14400
2002-11-04,13.225000,13.225000,13.225000,13.225000,8.519091,1800
2002-11-05,13.275000,13.275000,13.216667,13.216667,8.513723,251400
2002-11-06,13.250000,13.430000,13.230000,13.430000,8.651145,176400
2002-11-07,13.283333,13.283333,13.153333,13.153333,8.472922,257400
2002-11-08,13.223333,13.225000,13.158333,13.158333,8.476147,6000
2002-11-11,13.083333,13.083333,12.930000,12.930000,8.329057,4200
2002-11-12,12.925000,13.023333,12.916667,12.925000,8.325841,246600
2002-11-13,12.821667,12.900000,12.603333,12.603333,8.118633,16200
2002-11-14,12.883333,13.038333,12.883333,13.038333,8.398846,12000
2002-11-15,12.991667,13.025000,12.991667,13.025000,8.390253,1800
2002-11-18,13.208333,13.208333,13.133333,13.133333,8.460042,140400
2002-11-19,13.166667,13.208333,13.133333,13.133333,8.460042,3600
2002-11-20,13.116667,13.323333,13.113333,13.323333,8.582433,151800
2002-11-21,13.416667,13.533333,13.416667,13.533333,8.717709,4200
2002-11-22,13.400000,13.440000,13.335000,13.335000,8.589946,19800
2002-11-25,13.335000,13.398333,13.290000,13.398333,8.630744,15600
2002-11-26,13.200000,13.200000,13.058333,13.058333,8.411733,142200
2002-11-27,13.458333,13.473333,13.458333,13.473333,8.679057,131400
2002-11-29,13.558333,13.558333,13.526667,13.526667,8.713412,123600
2002-12-02,13.583333,13.608333,13.466667,13.608333,8.766017,116400
2002-12-03,13.671667,13.671667,13.593333,13.600000,8.760654,81600
2002-12-04,13.480000,13.480000,13.480000,13.480000,8.683352,3600
2002-12-05,13.600000,13.600000,13.563333,13.566667,8.739181,4800
2002-12-06,13.583333,13.656667,13.558333,13.656667,8.797155,14400
2002-12-09,13.633333,13.716667,13.410000,13.410000,8.638260,22200
2002-12-10,13.416667,13.583333,13.416667,13.583333,8.749917,23400
2002-12-11,13.580000,13.580000,13.516667,13.516667,8.706974,9600
2002-12-12,13.558333,13.723333,13.558333,13.723333,8.840099,27600
2002-12-13,13.708333,13.723333,13.601667,13.675000,8.808966,16200
2002-12-16,13.750000,13.925000,13.750000,13.925000,9.004028,366600
2002-12-17,14.000000,14.000000,13.810000,13.833333,8.944750,103200
2002-12-18,13.708333,13.730000,13.583333,13.616667,8.804653,60600
2002-12-19,13.616667,13.666667,13.503333,13.503333,8.731371,11400
2002-12-20,13.541667,13.741667,13.541667,13.741667,8.885482,18600
2002-12-23,13.791667,13.848333,13.731667,13.801667,8.924275,55800
2002-12-24,13.825000,13.825000,13.711667,13.733333,8.880092,9600
2002-12-26,13.693333,13.785000,13.656667,13.656667,8.830517,17400
2002-12-27,13.646667,13.646667,13.451667,13.508333,8.734602,61200
2002-12-30,13.508333,13.508333,13.486667,13.491667,8.723826,8400
2002-12-31,13.528333,13.565000,13.360000,13.565000,8.771243,17400
2003-01-02,13.631667,13.841667,13.601667,13.841667,8.950136,12600
2003-01-03,13.866667,13.866667,13.811667,13.833333,8.944750,9600
2003-01-06,13.908333,14.058333,13.908333,14.031667,9.072995,15600
2003-01-07,13.891667,13.891667,13.595000,13.616667,8.804653,46200
2003-01-08,13.500000,13.551667,13.411667,13.411667,8.672097,15600
2003-01-09,13.441667,13.603333,13.441667,13.603333,8.796034,2400
2003-01-10,13.600000,13.641667,13.600000,13.641667,8.820815,3600
2003-01-13,13.625000,13.625000,13.498333,13.573333,8.776633,18600
2003-01-14,13.600000,13.600000,13.500000,13.516667,8.739998,8400
2003-01-15,13.500000,13.608333,13.488333,13.596667,8.791722,13200
2003-01-16,13.583333,13.720000,13.583333,13.720000,8.871469,11400
2003-01-17,13.683333,13.700000,13.626667,13.638333,8.818663,4800
2003-01-21,13.483333,13.483333,13.283333,13.283333,8.589113,45000
2003-01-22,13.166667,13.290000,13.065000,13.265000,8.577263,50400
2003-01-23,13.233333,13.378333,13.233333,13.336667,8.623601,7200
2003-01-24,13.183333,13.226667,13.096667,13.103333,8.472728,36600
2003-01-27,12.900000,12.943333,12.668333,12.773333,8.259344,81000
2003-01-28,12.725000,12.900000,12.725000,12.900000,8.341249,310200
2003-01-29,12.833333,13.263333,12.833333,13.225000,8.551397,60600
2003-01-30,13.225000,13.273333,13.075000,13.075000,8.454411,21000
2003-01-31,12.900000,13.266667,12.900000,13.208333,8.540618,21000
2003-02-03,13.208333,13.275000,13.208333,13.271667,8.581575,25800
2003-02-04,13.218333,13.425000,13.218333,13.420000,8.677488,177000
2003-02-05,13.450000,13.458333,13.315000,13.350000,8.632224,19800
2003-02-06,13.225000,13.225000,13.090000,13.166667,8.513680,9600
2003-02-07,13.166667,13.185000,13.050000,13.050000,8.438242,13200
2003-02-10,13.050000,13.163333,13.050000,13.083333,8.459791,33600
2003-02-11,13.166667,13.166667,13.128333,13.150000,8.502899,1800
2003-02-12,13.100000,13.100000,12.883333,12.883333,8.330473,19800
2003-02-13,12.891667,12.900000,12.783333,12.808333,8.281978,15600
2003-02-14,12.891667,12.933333,12.891667,12.923333,8.356339,13200
2003-02-18,13.050000,13.186667,13.050000,13.120000,8.483502,4200
2003-02-19,13.148333,13.165000,13.148333,13.165000,8.512602,12000
2003-02-20,13.188333,13.190000,13.153333,13.153333,8.505054,2400
2003-02-21,13.166667,13.430000,13.166667,13.416667,8.675332,13800
2003-02-24,13.486667,13.516667,13.458333,13.500000,8.729214,15600
2003-02-25,13.510000,13.510000,13.341667,13.433333,8.686110,5400
2003-02-26,13.366667,13.393333,13.360000,13.393333,8.660244,4200
2003-02-27,13.440000,13.461667,13.353333,13.360000,8.638687,12600
2003-02-28,13.383333,13.456667,13.383333,13.456667,8.701196,4200
2003-03-03,13.523333,13.525000,13.465000,13.500000,8.729214,4800
2003-03-04,13.420000,13.443333,13.356667,13.356667,8.636534,426000
2003-03-05,13.441667,13.448333,13.400000,13.448333,8.695806,114600
2003-03-06,13.391667,13.431667,13.336667,13.381667,8.652701,19200
2003-03-07,13.316667,13.408333,13.285000,13.408333,8.669943,57000
2003-03-10,13.391667,13.391667,13.151667,13.153333,8.536462,16200
2003-03-11,13.150000,13.241667,13.105000,13.105000,8.505099,30600
2003-03-12,12.816667,12.816667,12.695000,12.806667,8.311481,330000
2003-03-13,12.925000,12.935000,12.868333,12.935000,8.394768,9000
2003-03-14,12.916667,12.976667,12.916667,12.951667,8.405585,8400
2003-03-17,13.041667,13.218333,13.041667,13.186667,8.558102,72600
2003-03-18,13.065000,13.311667,13.065000,13.311667,8.639224,7200
2003-03-19,13.375000,13.375000,13.305000,13.316667,8.642470,9000
2003-03-20,13.358333,13.496667,13.283333,13.496667,8.759288,93600
2003-03-21,13.466667,13.466667,13.385000,13.436667,8.720350,13200
2003-03-24,13.408333,13.408333,13.141667,13.141667,8.528894,59400
2003-03-25,13.235000,13.403333,13.235000,13.325000,8.647879,72000
2003-03-26,13.353333,13.353333,13.255000,13.255000,8.602448,12000
2003-03-27,13.213333,13.360000,13.213333,13.330000,8.651125,14400
2003-03-28,13.308333,13.308333,13.308333,13.308333,8.637060,600
2003-03-31,13.250000,13.285000,13.218333,13.221667,8.580816,145200
2003-04-01,13.350000,13.448333,13.350000,13.448333,8.727918,21600
2003-04-02,13.356667,13.385000,13.356667,13.385000,8.686815,3000
2003-04-03,13.441667,13.441667,13.235000,13.241667,8.593793,73200
2003-04-04,13.300000,13.356667,13.266667,13.305000,8.634895,61800
2003-04-07,13.366667,13.438333,13.265000,13.265000,8.608937,129000
2003-04-08,13.191667,13.223333,13.170000,13.175000,8.550529,20400
2003-04-09,13.243333,13.243333,13.166667,13.203333,8.568915,3600
2003-04-10,13.213333,13.300000,13.213333,13.300000,8.631654,3000
2003-04-11,13.325000,13.325000,13.210000,13.271667,8.613266,10800
2003-04-14,13.265000,13.310000,13.265000,13.310000,8.638142,7200
2003-04-15,13.306667,13.365000,13.305000,13.365000,8.673835,15000
2003-04-16,13.283333,13.315000,13.225000,13.233333,8.588387,12600
2003-04-17,13.371667,13.460000,13.371667,13.460000,8.735491,7200
2003-04-21,13.466667,13.541667,13.466667,13.515000,8.771186,18600
2003-04-22,13.565000,13.711667,13.565000,13.691667,8.885839,39600
2003-04-23,13.716667,13.731667,13.600000,13.681667,8.879353,490200
2003-04-24,13.583333,13.646667,13.535000,13.578333,8.812292,49800
2003-04-25,13.396667,13.436667,13.396667,13.416667,8.707368,10800
2003-04-28,13.426667,13.503333,13.426667,13.473333,8.744145,1800
2003-04-29,13.450000,13.493333,13.353333,13.365000,8.673835,7800
2003-04-30,13.325000,13.455000,13.325000,13.408333,8.701960,15600
2003-05-01,13.473333,13.473333,13.371667,13.398333,8.695471,21000
2003-05-02,13.485000,13.691667,13.485000,13.681667,8.879353,23400
2003-05-05,13.703333,13.785000,13.703333,13.775000,8.939923,81000
2003-05-06,13.873333,13.896667,13.801667,13.801667,8.957232,4200
2003-05-07,13.808333,13.916667,13.771667,13.916667,9.031867,18000
2003-05-08,13.825000,13.963333,13.793333,13.881667,9.009154,84000
2003-05-09,13.916667,14.006667,13.890000,14.006667,9.090279,6000
2003-05-12,14.041667,14.206667,14.041667,14.158333,9.188707,14400
2003-05-13,14.145000,14.255000,14.140000,14.255000,9.251442,40800
2003-05-14,14.275000,14.288333,14.213333,14.288333,9.273081,9000
2003-05-15,14.358333,14.358333,14.310000,14.330000,9.300117,5400
2003-05-16,14.371667,14.390000,14.351667,14.390000,9.339056,8400
2003-05-19,14.316667,14.316667,14.250000,14.250000,9.248199,26400
2003-05-20,14.291667,14.298333,14.141667,14.176667,9.200606,9600
2003-05-21,14.348333,14.561667,14.348333,14.561667,9.450472,2400
2003-05-22,14.550000,14.576667,14.523333,14.573333,9.458039,7800
2003-05-23,14.563333,14.656667,14.563333,14.656667,9.512125,12000
2003-05-27,14.566667,14.930000,14.566667,14.930000,9.689513,19200
2003-05-28,14.850000,14.851667,14.743333,14.798333,9.604065,10800
2003-05-29,14.766667,14.766667,14.671667,14.676667,9.525105,15000
2003-05-30,14.683333,14.840000,14.683333,14.838333,9.630023,15600
2003-06-02,14.941667,15.058333,14.941667,15.006667,9.739275,19200
2003-06-03,15.000000,15.036667,14.928333,15.036667,9.758740,253200
2003-06-04,15.000000,15.220000,15.000000,15.203333,9.866911,27600
2003-06-05,15.091667,15.241667,15.085000,15.241667,9.891784,111600
2003-06-06,15.233333,15.318333,15.233333,15.256667,9.901518,250800
2003-06-09,15.080000,15.098333,15.035000,15.083333,9.789026,14400
2003-06-10,15.186667,15.186667,15.101667,15.181667,9.852844,25800
2003-06-11,15.233333,15.603333,15.233333,15.603333,10.126509,371400
2003-06-12,15.608333,15.660000,15.460000,15.528333,10.077832,105000
2003-06-13,15.321667,15.321667,15.216667,15.273333,9.912342,11400
2003-06-16,15.250000,15.291667,15.160000,15.291667,9.969166,30600
2003-06-17,15.166667,15.251667,15.166667,15.201667,9.910490,15000
2003-06-18,15.141667,15.145000,15.123333,15.126667,9.861599,2400
2003-06-19,15.121667,15.216667,15.101667,15.163333,9.885501,15000
2003-06-20,15.190000,15.190000,15.071667,15.098333,9.843126,13200
2003-06-23,15.018333,15.018333,14.913333,14.981667,9.767065,26400
2003-06-24,14.978333,14.991667,14.911667,14.951667,9.747507,7200
2003-06-25,14.950000,15.110000,14.950000,15.000000,9.779016,25800
2003-06-26,14.883333,14.923333,14.871667,14.923333,9.729036,12000
2003-06-27,14.886667,14.968333,14.833333,14.833333,9.670362,11400
2003-06-30,14.833333,14.920000,14.786667,14.866667,9.692094,18000
2003-07-01,14.766667,14.766667,14.656667,14.761667,9.623636,376200
2003-07-02,14.775000,14.830000,14.775000,14.830000,9.668185,1800
2003-07-03,14.788333,14.841667,14.758333,14.841667,9.675796,18000
2003-07-07,14.766667,14.821667,14.720000,14.761667,9.623636,6600
2003-07-08,14.683333,14.683333,14.626667,14.675000,9.567141,9000
2003-07-09,14.705000,14.750000,14.676667,14.695000,9.580182,13800
2003-07-10,14.600000,14.600000,14.450000,14.506667,9.457397,15000
2003-07-11,14.511667,14.605000,14.511667,14.550000,9.485648,3600
2003-07-14,14.593333,14.623333,14.500000,14.500000,9.453049,7200
2003-07-15,14.425000,14.425000,14.290000,14.290000,9.316145,6600
2003-07-16,14.296667,14.296667,14.241667,14.241667,9.284635,1200
2003-07-17,14.298333,14.383333,14.298333,14.340000,9.348739,30600
2003-07-18,14.453333,14.570000,14.453333,14.570000,9.498685,10200
2003-07-21,14.611667,14.611667,14.466667,14.480000,9.440012,12600
2003-07-22,14.546667,14.546667,14.546667,14.546667,9.483473,2400
2003-07-23,14.633333,14.633333,14.545000,14.545000,9.482384,9600
2003-07-24,14.633333,14.740000,14.525000,14.525000,9.469352,25200
2003-07-25,14.556667,14.590000,14.556667,14.590000,9.511726,6600
2003-07-28,14.641667,14.680000,14.628333,14.673333,9.566052,6600
2003-07-29,14.480000,14.506667,14.431667,14.506667,9.457397,6600
2003-07-30,14.428333,14.428333,14.426667,14.426667,9.405241,3000
2003-07-31,14.491667,14.643333,14.435000,14.483333,9.442180,18600
2003-08-01,14.508333,14.508333,14.386667,14.440000,9.413934,16800
2003-08-04,14.458333,14.458333,14.308333,14.401667,9.388940,9000
2003-08-05,14.433333,14.480000,14.328333,14.328333,9.341134,93000
2003-08-06,14.363333,14.451667,14.363333,14.451667,9.421541,45600
2003-08-07,14.493333,14.731667,14.471667,14.731667,9.604081,12600
2003-08-08,14.805000,14.861667,14.805000,14.861667,9.688831,25200
2003-08-11,14.900000,15.065000,14.900000,15.056667,9.815956,45600
2003-08-12,15.066667,15.066667,14.953333,15.035000,9.801833,19200
2003-08-13,15.083333,15.151667,15.050000,15.101667,9.845296,42600
2003-08-14,15.158333,15.203333,15.105000,15.118333,9.856164,16800
2003-08-15,15.166667,15.166667,15.166667,15.166667,9.887677,14400
2003-08-18,15.191667,15.236667,15.175000,15.221667,9.923532,15600
2003-08-19,15.191667,15.213333,15.136667,15.198333,9.908317,37800
2003-08-20,15.166667,15.306667,15.166667,15.278333,9.960469,15000
2003-08-21,15.310000,15.355000,15.293333,15.331667,9.995242,13800
2003-08-22,15.331667,15.331667,15.168333,15.168333,9.888762,15000
2003-08-25,15.166667,15.166667,15.051667,15.051667,9.812699,10800
2003-08-26,15.083333,15.106667,14.946667,15.106667,9.848557,36000
2003-08-27,15.141667,15.185000,15.141667,15.185000,9.899626,8400
2003-08-28,15.151667,15.356667,15.151667,15.356667,10.011541,3000
2003-08-29,15.378333,15.415000,15.320000,15.398333,10.038707,25800
2003-09-02,15.400000,15.441667,15.326667,15.411667,10.047400,31800
2003-09-03,15.475000,15.508333,15.471667,15.506667,10.109334,30600
2003-09-04,15.493333,15.498333,15.461667,15.483333,10.094114,16800
2003-09-05,15.463333,15.486667,15.383333,15.410000,10.046312,8400
2003-09-08,15.446667,15.606667,15.446667,15.590000,10.163661,20400
2003-09-09,15.566667,15.581667,15.516667,15.535000,10.127803,63600
2003-09-10,15.483333,15.483333,15.375000,15.375000,10.023489,4800
2003-09-11,15.416667,15.416667,15.333333,15.386667,10.031096,8400
2003-09-12,15.373333,15.415000,15.308333,15.415000,10.049572,41400
2003-09-15,15.350000,15.350000,15.228333,15.265000,9.996742,11400
2003-09-16,15.236667,15.308333,15.236667,15.308333,10.025119,69000
2003-09-17,15.333333,15.333333,15.183333,15.183333,9.943259,26400
2003-09-18,15.166667,15.213333,15.100000,15.213333,9.962906,81000
2003-09-19,15.253333,15.300000,15.253333,15.266667,9.997835,6600
2003-09-22,15.308333,15.308333,15.225000,15.258333,9.992376,37800
2003-09-23,15.283333,15.336667,15.258333,15.308333,10.025119,36000
2003-09-24,15.440000,15.501667,15.350000,15.401667,10.086242,16200
2003-09-25,15.425000,15.425000,15.223333,15.223333,9.969460,138000
2003-09-26,15.108333,15.108333,14.940000,15.016667,9.834116,19200
2003-09-29,14.983333,15.090000,14.968333,15.071667,9.870132,21000
2003-09-30,15.108333,15.141667,14.931667,15.083333,9.877772,51000
2003-10-01,15.136667,15.268333,15.136667,15.268333,9.998927,28200
2003-10-02,15.250000,15.386667,15.250000,15.386667,10.076420,220200
2003-10-03,15.463333,15.528333,15.458333,15.470000,10.130989,28200
2003-10-06,15.500000,15.566667,15.483333,15.566667,10.194299,76200
2003-10-07,15.533333,15.633333,15.470000,15.633333,10.237956,96000
2003-10-08,15.638333,15.696667,15.581667,15.583333,10.205216,84000
2003-10-09,15.633333,15.636667,15.543333,15.543333,10.179019,27600
2003-10-10,15.608333,15.746667,15.608333,15.725000,10.297987,22800
2003-10-13,15.766667,15.830000,15.753333,15.828333,10.365655,22200
2003-10-14,15.816667,15.816667,15.693333,15.808333,10.352561,33000
2003-10-15,15.825000,15.825000,15.603333,15.658333,10.254328,18000
2003-10-16,15.666667,15.785000,15.666667,15.741667,10.308901,11400
2003-10-17,15.758333,15.758333,15.596667,15.620000,10.229227,43800
2003-10-20,15.625000,15.625000,15.520000,15.595000,10.212853,54000
2003-10-21,15.608333,15.698333,15.598333,15.696667,10.279432,180000
2003-10-22,15.650000,15.650000,15.476667,15.476667,10.135360,25200
2003-10-23,15.416667,15.465000,15.321667,15.465000,10.127720,13800
2003-10-24,15.390000,15.413333,15.335000,15.371667,10.066597,40800
2003-10-27,15.405000,15.450000,15.376667,15.396667,10.082970,28200
2003-10-28,15.433333,15.433333,15.333333,15.431667,10.105890,34200
2003-10-29,15.491667,15.498333,15.423333,15.483333,10.139724,16800
2003-10-30,15.435000,15.435000,15.351667,15.396667,10.082970,47400
2003-10-31,15.400000,15.585000,15.400000,15.585000,10.206307,193800
2003-11-03,15.600000,15.663333,15.501667,15.521667,10.164825,22200
2003-11-04,15.508333,15.548333,15.480000,15.508333,10.156096,26400
2003-11-05,15.468333,15.488333,15.433333,15.458333,10.123351,19800
2003-11-06,15.483333,15.515000,15.380000,15.491667,10.145182,58800
2003-11-07,15.500000,15.633333,15.500000,15.608333,10.221586,85800
2003-11-10,15.608333,15.616667,15.500000,15.500000,10.150640,66600
2003-11-11,15.491667,15.500000,15.415000,15.466667,10.128809,21000
2003-11-12,15.468333,15.641667,15.468333,15.641667,10.243416,30000
2003-11-13,15.658333,15.773333,15.658333,15.768333,10.326372,63600
2003-11-14,15.791667,15.863333,15.728333,15.786667,10.338370,87600
2003-11-17,15.733333,15.733333,15.526667,15.583333,10.205216,43200
2003-11-18,15.636667,15.648333,15.600000,15.605000,10.219401,30000
2003-11-19,15.583333,15.645000,15.583333,15.645000,10.245598,43800
2003-11-20,15.570000,15.691667,15.563333,15.583333,10.205216,33600
2003-11-21,15.625000,15.631667,15.533333,15.550000,10.183385,55800
2003-11-24,15.600000,15.623333,15.548333,15.608333,10.221586,30000
2003-11-25,15.633333,15.748333,15.633333,15.748333,10.313271,19200
2003-11-26,15.816667,15.891667,15.776667,15.883333,10.401674,59400
2003-11-28,15.895000,15.920000,15.883333,15.920000,10.425691,24000
2003-12-01,16.000000,16.133333,15.983333,16.133333,10.565398,43800
2003-12-02,16.133333,16.268333,16.098333,16.240000,10.635255,63000
2003-12-03,16.266666,16.311666,16.195000,16.240000,10.635255,135600
2003-12-04,16.250000,16.511667,16.216667,16.511667,10.813163,70800
2003-12-05,16.511667,16.576668,16.468332,16.565001,10.848084,109200
2003-12-08,16.598333,16.773333,16.566668,16.773333,10.984518,147000
2003-12-09,16.881666,16.881666,16.736668,16.768333,10.981247,216000
2003-12-10,16.756666,16.756666,16.571667,16.635000,10.893929,98400
2003-12-11,16.608334,16.754999,16.540001,16.748333,10.968148,56400
2003-12-12,16.783333,16.921667,16.775000,16.921667,11.081662,90600
2003-12-15,16.861668,16.861668,16.673332,16.711666,10.982318,118200
2003-12-16,16.766666,16.825001,16.766666,16.825001,11.096642,96000
2003-12-17,16.841667,17.025000,16.825001,17.025000,11.228546,156600
2003-12-18,17.083332,17.476667,17.081667,17.433332,11.497853,259200
2003-12-19,17.466667,17.466667,17.333332,17.400000,11.475869,159600
2003-12-22,17.433332,17.468332,17.403334,17.463333,11.517639,232800
2003-12-23,17.483334,17.496668,17.293333,17.406668,11.480268,122400
2003-12-24,17.416668,17.573334,17.415001,17.545000,11.571497,82800
2003-12-26,17.549999,17.639999,17.549999,17.638332,11.633059,52200
2003-12-29,17.658333,17.885000,17.658333,17.875000,11.789149,112800
2003-12-30,17.900000,17.973333,17.883333,17.886667,11.796843,189000
2003-12-31,17.991667,18.000000,17.791668,17.801666,11.740782,90600
2004-01-02,17.908333,17.950001,17.808332,17.834999,11.762771,253200
2004-01-05,18.000000,18.200001,18.000000,18.200001,12.003497,319800
2004-01-06,18.241667,18.246668,18.100000,18.158333,11.976018,463800
2004-01-07,18.058332,18.058332,17.841667,17.908333,11.811130,189600
2004-01-08,17.913334,18.004999,17.806667,17.998333,11.870488,110400
2004-01-09,17.764999,18.035000,17.713333,17.950001,11.838614,201000
2004-01-12,17.983334,17.983334,17.868334,17.916668,11.816635,100200
2004-01-13,17.983334,18.030001,17.834999,17.834999,11.762771,63600
2004-01-14,17.833332,17.833332,17.670000,17.758333,11.712208,129600
2004-01-15,17.850000,17.858334,17.500000,17.506666,11.546222,280800
2004-01-16,17.458332,17.573334,17.411667,17.573334,11.590194,226800
2004-01-20,17.766666,18.018333,17.726667,17.991667,11.866096,193800
2004-01-21,18.000000,18.135000,17.983334,18.105000,11.940843,174000
2004-01-22,18.150000,18.150000,17.959999,18.006666,11.875989,39000
2004-01-23,18.033333,18.110001,17.936666,17.973333,11.853999,99000
2004-01-26,17.966667,18.053333,17.886667,18.053333,11.906760,163200
2004-01-27,18.083332,18.126667,18.001667,18.033333,11.893567,99000
2004-01-28,18.000000,18.049999,17.681667,17.741667,11.701207,67800
2004-01-29,17.783333,17.783333,17.424999,17.511667,11.549518,83400
2004-01-30,17.516666,17.516666,17.389999,17.496668,11.539624,189600
2004-02-02,17.466667,17.600000,17.348333,17.511667,11.549518,175200
2004-02-03,17.533333,17.578333,17.450001,17.553333,11.576997,91200
2004-02-04,17.508333,17.508333,17.311666,17.331667,11.430802,87600
2004-02-05,17.316668,17.368334,17.190001,17.271667,11.391232,69000
2004-02-06,17.325001,17.448334,17.260000,17.436666,11.500050,51000
2004-02-09,17.635000,17.736668,17.635000,17.690001,11.667130,139200
2004-02-10,17.725000,17.900000,17.683332,17.873333,11.788050,199800
2004-02-11,17.883333,18.153334,17.850000,18.116667,11.948538,120000
2004-02-12,18.116667,18.218332,18.075001,18.133333,11.959524,129000
2004-02-13,18.166668,18.166668,17.991667,18.071667,11.918855,171000
2004-02-17,18.233334,18.296667,18.228333,18.286667,12.060659,194400
2004-02-18,18.316668,18.316668,18.011667,18.011667,11.879290,100200
2004-02-19,18.125000,18.186666,18.026667,18.108334,11.943037,141000
2004-02-20,18.158333,18.158333,17.868334,18.010000,11.878187,184800
2004-02-23,18.058332,18.076668,18.001667,18.038334,11.896874,105600
2004-02-24,18.014999,18.188334,18.014999,18.145000,11.967220,63000
2004-02-25,18.145000,18.230000,18.123333,18.225000,12.019984,150000
2004-02-26,18.233334,18.356667,18.166668,18.333332,12.091430,178200
2004-02-27,18.375000,18.498333,18.333332,18.468332,12.180470,71400
2004-03-01,18.558332,18.855000,18.558332,18.841667,12.426695,355200
2004-03-02,18.841667,18.853333,18.620001,18.639999,12.293691,128400
2004-03-03,18.566668,18.639999,18.420000,18.620001,12.280501,136800
2004-03-04,18.591667,18.621668,18.500000,18.583332,12.256314,84600
2004-03-05,18.683332,18.833332,18.683332,18.796667,12.397017,159600
2004-03-08,18.908333,18.930000,18.745001,18.745001,12.362942,145800
2004-03-09,18.716667,18.741667,18.531668,18.610001,12.273905,147000
2004-03-10,18.608334,18.608334,18.150000,18.166668,11.981509,221400
2004-03-11,18.084999,18.215000,17.898333,17.916668,11.816635,136800
2004-03-12,17.995001,18.178333,17.950001,18.178333,11.989203,124800
2004-03-15,18.174999,18.233334,18.058332,18.081667,11.925447,193800
2004-03-16,18.191668,18.193333,17.975000,18.110001,11.944139,85200
2004-03-17,18.200001,18.396667,18.145000,18.391666,12.129909,88200
2004-03-18,18.441668,18.525000,18.363333,18.478333,12.187065,126000
2004-03-19,18.500000,18.520000,18.271667,18.271667,12.050766,197400
2004-03-22,18.206667,18.206667,18.008333,18.043333,11.900172,377400
2004-03-23,18.115000,18.115000,17.828333,17.976667,11.856202,85800
2004-03-24,17.916668,17.934999,17.580000,17.598333,11.606681,150600
2004-03-25,17.666668,17.708332,17.610001,17.708332,11.679226,195000
2004-03-26,17.799999,17.975000,17.771667,17.863333,11.781454,168000
2004-03-29,17.961666,18.049999,17.961666,17.991667,11.890388,75000
2004-03-30,18.059999,18.379999,18.059999,18.333332,12.116191,87000
2004-03-31,18.433332,18.445000,18.233334,18.415001,12.170164,415800
2004-04-01,18.466667,18.485001,18.238333,18.296667,12.091962,168000
2004-04-02,18.346666,18.446667,18.299999,18.446667,12.191086,205800
2004-04-05,18.468332,18.498333,18.389999,18.498333,12.225232,204000
2004-04-06,18.548332,18.566668,18.436666,18.516666,12.237354,114600
2004-04-07,18.473333,18.546667,18.375000,18.506666,12.230743,95400
2004-04-08,18.580000,18.593332,18.451668,18.528334,12.245062,235800
2004-04-12,18.625000,18.799999,18.625000,18.781668,12.412488,79200
2004-04-13,18.833332,18.833332,18.488333,18.521667,12.240659,109800
2004-04-14,18.315001,18.513332,18.308332,18.405001,12.163553,155400
2004-04-15,18.501667,18.701668,18.501667,18.701668,12.359617,180600
2004-04-16,18.733334,18.881666,18.725000,18.865000,12.467564,179400
2004-04-19,18.906668,18.933332,18.751667,18.831667,12.445533,84000
2004-04-20,18.766666,18.770000,18.293333,18.293333,12.089757,112200
2004-04-21,18.251667,18.290001,18.166668,18.264999,12.071031,63600
2004-04-22,18.208332,18.658333,18.208332,18.653334,12.327669,74400
2004-04-23,18.591667,18.591667,18.423332,18.504999,12.229638,131400
2004-04-26,18.676666,18.719999,18.553333,18.553333,12.261587,116400
2004-04-27,18.566668,18.871668,18.566668,18.785000,12.414688,115800
2004-04-28,18.633333,18.633333,18.313334,18.313334,12.102973,189000
2004-04-29,18.400000,18.416668,17.918333,18.025000,11.912416,91800
2004-04-30,18.141666,18.174999,17.998333,18.063334,11.937757,229800
2004-05-03,18.030001,18.375000,18.030001,18.375000,12.143727,227400
2004-05-04,18.500000,18.611668,18.375000,18.514999,12.236247,102600
2004-05-05,18.416668,18.581667,18.333332,18.581667,12.280310,55200
2004-05-06,18.541668,18.541668,18.233334,18.428333,12.178975,123600
2004-05-07,18.333332,18.333332,17.876667,17.883333,11.818793,311400
2004-05-10,17.583332,17.625000,17.321667,17.486668,11.556644,242400
2004-05-11,17.623333,17.718332,17.600000,17.718332,11.709743,28800
2004-05-12,17.825001,17.858334,17.601667,17.858334,11.802269,64800
2004-05-13,17.900000,17.903334,17.766666,17.799999,11.763716,36600
2004-05-14,17.933332,18.098333,17.850000,17.998333,11.894793,139800
2004-05-17,17.966667,18.023333,17.891666,17.916668,11.840822,56400
2004-05-18,17.933332,17.938334,17.688334,17.746668,11.728475,108000
2004-05-19,17.916668,18.045000,17.751667,17.778334,11.749398,66600
2004-05-20,17.865000,17.865000,17.733334,17.771667,11.744996,16800
2004-05-21,17.866667,17.883333,17.683332,17.690001,11.691028,45600
2004-05-24,17.766666,18.094999,17.766666,18.094999,11.958678,56400
2004-05-25,18.225000,18.433332,18.225000,18.433332,12.182276,122400
2004-05-26,18.475000,18.478333,18.240000,18.309999,12.100769,64800
2004-05-27,18.376667,18.376667,18.116667,18.183332,12.017058,109200
2004-05-28,18.183332,18.209999,18.176666,18.176666,12.012652,18600
2004-06-01,18.400000,18.411667,18.306667,18.378332,12.145931,28200
2004-06-02,18.424999,18.458332,18.299999,18.366667,12.138222,72000
2004-06-03,18.408333,18.426666,18.166668,18.166668,12.006043,102600
2004-06-04,18.166668,18.183332,18.090000,18.138332,11.987316,27000
2004-06-07,18.266666,18.473333,18.253332,18.473333,12.208716,49200
2004-06-08,18.514999,18.553333,18.334999,18.381666,12.148136,43800
2004-06-09,18.241667,18.243334,18.101667,18.155001,11.998335,164400
2004-06-10,18.250000,18.383333,18.250000,18.330000,12.113988,39000
2004-06-14,18.233334,18.233334,18.118334,18.135000,11.985116,42000
2004-06-15,18.333332,18.504999,18.333332,18.455000,12.196599,40200
2004-06-16,18.665001,18.760000,18.601667,18.719999,12.371731,189600
2004-06-17,18.875000,18.959999,18.764999,18.931667,12.511620,82200
2004-06-18,19.049999,19.068333,19.008333,19.038334,12.582112,40200
2004-06-21,19.041668,19.041668,18.948334,19.011667,12.564487,69600
2004-06-22,18.933332,19.049999,18.870001,19.049999,12.589822,37800
2004-06-23,19.150000,19.323334,19.053333,19.316668,12.766065,85800
2004-06-24,19.433332,19.433332,19.263332,19.301666,12.756145,115200
2004-06-25,19.299999,19.360001,19.195000,19.225000,12.705477,37200
2004-06-28,19.133333,19.133333,18.863333,18.911667,12.547683,80400
2004-06-29,18.916668,18.965000,18.916668,18.958332,12.578637,104400
2004-06-30,19.020000,19.165001,18.968332,19.165001,12.715765,76200
2004-07-01,19.133333,19.165001,19.020000,19.100000,12.672635,176400
2004-07-02,19.133333,19.201668,19.100000,19.163334,12.714658,66600
2004-07-06,19.226667,19.291668,19.165001,19.243334,12.767736,52800
2004-07-07,19.248333,19.358334,19.170000,19.343332,12.834085,149400
2004-07-08,19.326668,19.375000,19.268333,19.308332,12.810860,90000
2004-07-09,19.406668,19.433332,19.281668,19.433332,12.893797,88800
2004-07-12,19.408333,19.408333,19.266666,19.328333,12.824133,102600
2004-07-13,19.273333,19.273333,19.126667,19.251667,12.773269,42000
2004-07-14,19.208332,19.431667,19.208332,19.431667,12.892696,162000
2004-07-15,19.441668,19.568333,19.416668,19.525000,12.954616,102000
2004-07-16,19.674999,19.768333,19.620001,19.731667,13.091742,216000
2004-07-19,19.674999,19.736668,19.581667,19.663334,13.046398,73800
2004-07-20,19.588333,19.598333,19.500000,19.573334,12.986686,57600
2004-07-21,19.570000,19.646667,19.219999,19.219999,12.752254,40200
2004-07-22,19.273333,19.283333,19.148333,19.241667,12.766630,46800
2004-07-23,19.191668,19.191668,19.045000,19.084999,12.662681,44400
2004-07-26,19.100000,19.146667,18.783333,18.875000,12.523353,128400
2004-07-27,18.783333,19.123333,18.770000,19.123333,12.688118,60000
2004-07-28,19.191668,19.296667,19.046667,19.283333,12.794276,36000
2004-07-29,19.350000,19.451668,19.258333,19.436666,12.896009,51000
2004-07-30,19.516666,19.546667,19.453333,19.535000,12.961252,58800
2004-08-02,19.516666,19.516666,19.298332,19.500000,12.938033,57000
2004-08-03,19.594999,19.688334,19.594999,19.616667,13.015434,77400
2004-08-04,19.608334,19.608334,19.283333,19.288334,12.797591,66600
2004-08-05,19.266666,19.266666,18.950001,18.950001,12.573111,47400
2004-08-06,18.950001,18.950001,18.594999,18.616667,12.351945,68400
2004-08-09,18.703333,18.958332,18.703333,18.868334,12.518930,207000
2004-08-10,18.868334,19.013332,18.844999,18.848333,12.505655,114000
2004-08-11,18.825001,18.825001,18.621668,18.711666,12.414986,33000
2004-08-12,18.786667,18.786667,18.518333,18.528334,12.293340,77400
2004-08-13,18.666668,18.771667,18.618334,18.716667,12.418296,43800
2004-08-16,18.758333,18.940001,18.758333,18.926666,12.557631,39600
2004-08-17,18.900000,18.900000,18.646667,18.678333,12.392861,67800
2004-08-18,18.783333,18.866667,18.725000,18.866667,12.517816,59400
2004-08-19,18.924999,19.056667,18.913334,19.001667,12.607395,272400
2004-08-20,19.113333,19.286667,19.113333,19.161667,12.713550,109800
2004-08-23,19.155001,19.166668,18.870001,18.870001,12.520033,69000
2004-08-24,18.871668,18.903334,18.688334,18.790001,12.466954,81600
2004-08-25,18.801666,18.891666,18.801666,18.891666,12.534406,53400
2004-08-26,18.886667,19.020000,18.795000,19.004999,12.609603,75600
2004-08-27,19.100000,19.166668,19.100000,19.156668,12.710234,40200
2004-08-30,19.233334,19.233334,19.016666,19.033333,12.628404,49200
2004-08-31,19.128332,19.293333,19.103333,19.293333,12.800912,112200
2004-09-01,19.350000,19.603333,19.350000,19.570000,12.984476,36000
2004-09-02,19.665001,19.770000,19.626667,19.770000,13.117172,43200
2004-09-03,19.645000,19.746668,19.603333,19.746668,13.101696,74400
2004-09-07,19.705000,19.705000,19.566668,19.653334,13.039771,35400
2004-09-08,19.611668,19.748333,19.611668,19.695000,13.067412,30000
2004-09-09,19.700001,19.951668,19.700001,19.908333,13.208953,79800
2004-09-10,19.866667,19.866667,19.708332,19.770000,13.117172,51600
2004-09-13,19.900000,19.915001,19.861668,19.883333,13.192367,54000
2004-09-14,19.883333,19.993334,19.860001,19.923332,13.218905,114600
2004-09-15,19.924999,20.000000,19.870001,19.875000,13.186842,27000
2004-09-16,19.906668,19.986668,19.900000,19.956667,13.241024,99600
2004-09-17,20.091667,20.201668,20.020000,20.183332,13.391414,60000
2004-09-20,20.225000,20.358334,20.223333,20.223333,13.417953,126000
2004-09-21,20.350000,20.726667,20.350000,20.705000,13.737535,226800
2004-09-22,20.583332,20.631666,20.504999,20.575001,13.651278,65400
2004-09-23,20.475000,20.491667,20.350000,20.428333,13.553967,67800
2004-09-24,20.491667,20.678333,20.483334,20.638332,13.693299,61200
2004-09-27,20.608334,20.691668,20.523333,20.591667,13.709391,88800
2004-09-28,20.825001,20.981667,20.809999,20.941668,13.942412,121200
2004-09-29,20.900000,20.921667,20.683332,20.799999,13.848085,102600
2004-09-30,20.836666,20.976667,20.836666,20.963333,13.956838,158400
2004-10-01,20.983334,21.218332,20.983334,21.218332,14.126608,150000
2004-10-04,21.093332,21.191668,21.081667,21.139999,14.074450,136200
2004-10-05,21.250000,21.421667,21.250000,21.368334,14.226477,137400
2004-10-06,21.471666,21.733334,21.471666,21.733334,14.469480,229200
2004-10-07,21.841667,21.901667,21.541668,21.561666,14.355194,171000
2004-10-08,21.620001,21.686666,21.500000,21.593332,14.376280,190200
2004-10-11,21.678333,21.678333,21.344999,21.389999,14.240901,165000
2004-10-12,21.365000,21.375000,21.153334,21.153334,14.083340,158400
2004-10-13,20.850000,20.873333,20.501667,20.713333,13.790395,299400
2004-10-14,20.806667,20.990000,20.806667,20.893333,13.910233,94200
2004-10-15,21.033333,21.033333,20.906668,20.965000,13.957949,163800
2004-10-18,20.973333,20.973333,20.706667,20.706667,13.785955,212400
2004-10-19,20.591667,20.750000,20.555000,20.578333,13.700518,237000
2004-10-20,20.716667,21.043333,20.716667,21.043333,14.010106,111000
2004-10-21,21.110001,21.264999,21.073334,21.216667,14.125501,128400
2004-10-22,21.288334,21.348333,21.190001,21.190001,14.107744,56400
2004-10-25,21.195000,21.321667,21.136667,21.254999,14.151024,88800
2004-10-26,21.283333,21.405001,21.191668,21.405001,14.250890,91800
2004-10-27,21.483334,21.508333,21.000000,21.080000,14.034510,72600
2004-10-28,21.000000,21.049999,20.701668,20.726667,13.799270,285600
2004-10-29,20.853333,21.038334,20.823334,21.014999,13.991230,53400
2004-11-01,21.166668,21.205000,20.844999,20.891666,13.909121,97800
2004-11-02,20.916668,20.924999,20.636667,20.665001,13.758219,67200
2004-11-03,20.950001,21.165001,20.865000,21.158333,14.086663,173400
2004-11-04,21.213333,21.371668,21.213333,21.366667,14.225363,209400
2004-11-05,21.401667,21.518333,21.334999,21.493334,14.309707,121200
2004-11-08,21.441668,21.441668,21.181667,21.200001,14.114407,123600
2004-11-09,21.195000,21.260000,21.116667,21.135000,14.071132,63600
2004-11-10,21.191668,21.395000,21.053333,21.365000,14.224253,64800
2004-11-11,21.266666,21.386667,21.266666,21.386667,14.238682,172200
2004-11-12,21.378332,21.770000,21.368334,21.758333,14.486128,251400
2004-11-15,21.750000,21.750000,21.261667,21.361668,14.222038,166200
2004-11-16,21.391666,21.461666,21.341667,21.344999,14.210940,125400
2004-11-17,21.533333,21.633333,21.473333,21.583332,14.369623,147000
2004-11-18,21.580000,21.684999,21.553333,21.684999,14.437303,154200
2004-11-19,21.700001,21.940001,21.700001,21.906668,14.584887,360000
2004-11-22,21.985001,22.171667,21.933332,22.163334,14.755768,475800
2004-11-23,22.216667,22.344999,22.181667,22.221666,14.794605,181200
2004-11-24,22.341667,22.468332,22.205000,22.461666,14.954389,567600
2004-11-26,22.605000,22.768333,22.605000,22.715000,15.123053,134400
2004-11-29,22.731667,22.741667,22.406668,22.549999,15.013200,237000
2004-11-30,22.629999,22.639999,22.500000,22.531668,15.000988,103200
2004-12-01,22.500000,22.526667,22.123333,22.195000,14.776845,177600
2004-12-02,22.028334,22.028334,21.461666,21.559999,14.354082,324600
2004-12-03,21.434999,21.763332,21.434999,21.683332,14.436197,814800
2004-12-06,21.716667,21.735001,21.540001,21.701668,14.448402,119400
2004-12-07,21.666668,21.666668,21.233334,21.264999,14.157678,180600
2004-12-08,21.008333,21.296667,20.870001,21.271667,14.162123,228600
2004-12-09,21.235001,21.448334,21.168333,21.395000,14.244235,105600
2004-12-10,21.483334,21.510000,21.245001,21.256666,14.152123,69000
2004-12-13,21.383333,21.594999,21.378332,21.571667,14.361852,136200
2004-12-14,21.591667,21.684999,21.501667,21.650000,14.413999,151800
2004-12-15,21.748333,21.924999,21.650000,21.883333,14.569348,163200
2004-12-16,21.805000,21.813334,21.616667,21.666668,14.425099,99600
2004-12-17,21.666668,21.743334,21.633333,21.708332,14.452835,103800
2004-12-20,21.826668,21.903334,21.793333,21.856667,14.551594,267600
2004-12-21,21.879999,22.053333,21.861668,22.053333,14.682534,349200
2004-12-22,22.093332,22.100000,21.678333,21.783333,14.502769,243000
2004-12-23,21.888332,21.953333,21.850000,21.933332,14.602637,181200
2004-12-27,21.886667,21.886667,21.643333,21.643333,14.446225,115800
2004-12-28,21.666668,21.786667,21.666668,21.781668,14.538564,163800
2004-12-29,21.783333,21.915001,21.709999,21.891666,14.611980,243000
2004-12-30,21.836666,21.905001,21.830000,21.834999,14.574162,97200
2004-12-31,21.875000,21.969999,21.875000,21.881666,14.605305,248400
2005-01-03,21.738333,21.738333,21.171667,21.248333,14.182578,334800
2005-01-04,21.285000,21.306667,21.023333,21.046667,14.047971,368400
2005-01-05,21.066668,21.123333,20.834999,20.866667,13.927824,198000
2005-01-06,20.900000,21.221666,20.866667,21.128332,14.102478,234000
2005-01-07,21.129999,21.153334,20.833332,21.023333,14.032397,125400
2005-01-10,21.190001,21.330000,21.138332,21.201668,14.151432,186000
2005-01-11,21.181667,21.256666,21.046667,21.158333,14.122506,288600
2005-01-12,21.233334,21.483334,21.186666,21.483334,14.339435,111000
2005-01-13,21.504999,21.756666,21.496668,21.559999,14.390607,116400
2005-01-14,21.583332,21.701668,21.541668,21.698334,14.482940,257400
2005-01-18,21.795000,21.858334,21.728333,21.823334,14.566376,268200
2005-01-19,21.858334,21.886667,21.731667,21.731667,14.505188,121800
2005-01-20,21.583332,21.648333,21.388332,21.533333,14.372805,138600
2005-01-21,21.666668,21.833332,21.631666,21.631666,14.438439,124800
2005-01-24,21.798332,21.928333,21.763332,21.763332,14.526326,154200
2005-01-25,21.843332,21.905001,21.681667,21.761667,14.525208,89400
2005-01-26,21.875000,22.013332,21.808332,21.978333,14.669832,134400
2005-01-27,21.916668,22.201668,21.916668,22.116667,14.762158,138600
2005-01-28,22.049999,22.049999,21.834999,21.945000,14.647582,123600
2005-01-31,21.858334,22.200001,21.809999,22.151667,14.785528,105600
2005-02-01,22.316668,22.469999,22.243334,22.461666,14.992440,117600
2005-02-02,22.483334,22.748333,22.483334,22.740000,15.178219,133800
2005-02-03,22.581667,22.716667,22.475000,22.701668,15.152626,102000
2005-02-04,22.726667,22.846666,22.668333,22.846666,15.249415,211800
2005-02-07,22.816668,22.851667,22.516666,22.633333,15.107021,104400
2005-02-08,22.616667,22.785000,22.518333,22.758333,15.190452,183600
2005-02-09,22.716667,22.841667,22.536667,22.706667,15.155970,150000
2005-02-10,22.858334,23.278334,22.833332,23.219999,15.498607,301200
2005-02-11,23.283333,23.561666,23.183332,23.478333,15.671025,378000
2005-02-14,23.541668,23.566668,23.451668,23.483334,15.674362,169200
2005-02-15,23.516666,23.603333,23.416668,23.525000,15.702181,267600
2005-02-16,23.636667,24.116667,23.611668,24.083332,16.074850,229200
2005-02-17,24.176666,24.290001,23.886667,23.886667,15.943581,554400
2005-02-18,24.036667,24.365000,24.036667,24.299999,16.219467,381000
2005-02-22,24.465000,24.656668,24.228333,24.248333,16.184980,444600
2005-02-23,24.283333,24.496668,24.209999,24.496668,16.350725,244200
2005-02-24,24.450001,24.763332,24.366667,24.763332,16.528734,331800
2005-02-25,24.791668,25.348333,24.791668,25.261667,16.861349,467400
2005-02-28,25.450001,25.570000,24.691668,25.116667,16.764566,814800
2005-03-01,25.046667,25.116667,24.676666,24.738333,16.512041,455400
2005-03-02,24.716667,25.043333,24.670000,25.014999,16.696705,288600
2005-03-03,25.166668,25.358334,25.084999,25.316668,16.898060,294600
2005-03-04,25.441668,25.870001,25.378332,25.811666,17.228456,272400
2005-03-07,25.816668,25.816668,25.396667,25.600000,17.087173,510000
2005-03-08,25.680000,25.773333,25.600000,25.600000,17.087173,859200
2005-03-09,25.676666,25.873333,25.061666,25.083332,16.742319,988200
2005-03-10,25.083332,25.083332,24.476667,24.651667,16.454193,936600
2005-03-11,24.645000,25.021667,24.645000,24.840000,16.579901,429600
2005-03-14,24.896667,24.996668,24.566668,24.933332,16.642199,491400
2005-03-15,25.081667,25.180000,24.690001,24.733334,16.508703,338400
2005-03-16,24.650000,25.000000,24.558332,24.746668,16.517603,378000
2005-03-17,24.911667,25.110001,24.868334,25.070000,16.733418,223200
2005-03-18,25.081667,25.246668,25.081667,25.233334,16.842434,283800
2005-03-21,25.191668,25.211666,24.885000,24.983334,16.675570,412800
2005-03-22,25.083332,25.323334,24.688334,24.736668,16.510927,322800
2005-03-23,24.453333,24.481667,24.103333,24.138332,16.111563,571800
2005-03-24,24.368334,24.458332,24.051666,24.184999,16.142715,190800
2005-03-28,24.076668,24.153334,23.900000,24.049999,16.100645,430800
2005-03-29,24.090000,24.328333,23.715000,23.715000,15.876379,286800
2005-03-30,23.866667,23.968332,23.455000,23.968332,16.045969,510000
2005-03-31,24.461666,24.543333,24.353333,24.468332,16.380701,202800
2005-04-01,24.733334,24.941668,24.611668,24.941668,16.697582,470400
2005-04-04,24.981667,25.063334,24.620001,24.775000,16.586004,313200
2005-04-05,24.799999,24.834999,24.456667,24.535000,16.425339,309600
2005-04-06,24.533333,24.945000,24.476667,24.933332,16.692007,207000
2005-04-07,25.091667,25.150000,24.730000,24.858334,16.641792,256200
2005-04-08,24.766666,24.865000,24.451668,24.468332,16.380701,334200
2005-04-11,24.510000,24.626667,24.308332,24.583332,16.457693,150000
2005-04-12,24.480000,24.501667,24.090000,24.208332,16.206638,160200
2005-04-13,24.041668,24.200001,23.628332,23.666668,15.844018,484200
2005-04-14,23.775000,23.775000,23.373333,23.373333,15.647637,1027800
2005-04-15,23.303333,23.403334,22.660000,22.683332,15.185711,1425000
2005-04-18,22.650000,23.073334,22.553333,23.041668,15.425596,528000
2005-04-19,23.268333,23.645000,23.268333,23.608334,15.804967,263400
2005-04-20,23.566668,23.726667,23.145000,23.145000,15.494781,193200
2005-04-21,23.261667,23.691668,23.191668,23.691668,15.860753,253200
2005-04-22,23.708332,23.988333,23.523333,23.740000,15.893113,142800
2005-04-25,24.058332,24.170000,23.938334,24.016666,16.078329,265200
2005-04-26,24.041668,24.041668,23.738333,23.751667,15.900918,274200
2005-04-27,23.708332,23.708332,23.141666,23.191668,15.526028,746400
2005-04-28,23.041668,23.041668,22.760000,22.851667,15.298404,261600
2005-04-29,23.115000,23.115000,22.801666,22.966667,15.375389,151800
2005-05-02,23.000000,23.400000,22.945000,23.400000,15.665487,181200
2005-05-03,23.375000,23.375000,22.968332,22.968332,15.376510,136800
2005-05-04,23.166668,23.341667,22.973333,23.333332,15.620862,166800
2005-05-05,23.458332,23.621668,23.391666,23.500000,15.732433,100200
2005-05-06,23.666668,23.740000,23.483334,23.525000,15.749180,193200
2005-05-09,23.600000,23.750000,23.538334,23.750000,15.899810,138600
2005-05-10,23.708332,23.726667,23.334999,23.366667,15.643180,248400
2005-05-11,23.383333,23.416668,23.206667,23.416668,15.676651,113400
2005-05-12,23.391666,23.391666,22.488333,22.501667,15.064086,559800
2005-05-13,22.466667,22.559999,21.983334,22.131666,14.816381,382800
2005-05-16,22.008333,22.075001,21.736668,22.065001,14.771759,636600
2005-05-17,22.055000,22.483334,22.055000,22.483334,15.051820,240000
2005-05-18,22.700001,22.846666,22.456667,22.558332,15.102027,180000
2005-05-19,22.516666,22.833332,22.516666,22.833332,15.286128,229800
2005-05-20,22.718332,22.846666,22.623333,22.641666,15.157821,246600
2005-05-23,22.691668,23.038334,22.691668,22.983334,15.386542,193200
2005-05-24,23.001667,23.123333,22.986668,23.100000,15.464655,98400
2005-05-25,23.123333,23.381666,22.961666,23.303333,15.600771,412800
2005-05-26,23.400000,23.453333,23.333332,23.450001,15.698965,577800
2005-05-27,23.566668,23.811666,23.498333,23.798332,15.932160,138600
2005-05-31,23.641666,23.730000,23.441668,23.625000,15.816125,359400
2005-06-01,23.700001,24.105000,23.691668,23.998333,16.066059,819600
2005-06-02,24.008333,24.158333,23.883333,24.028334,16.086140,227400
2005-06-03,24.033333,24.226667,24.001667,24.151667,16.168701,261000
2005-06-06,24.183332,24.250000,24.058332,24.191668,16.195494,284400
2005-06-07,24.166668,24.344999,24.018333,24.018333,16.079445,174000
2005-06-08,24.021667,24.406668,23.958332,24.080000,16.120731,328800
2005-06-09,24.150000,24.580000,24.076668,24.580000,16.455465,2559600
2005-06-10,24.660000,24.693333,24.436666,24.666668,16.513479,537900
2005-06-13,24.666668,24.866667,24.503332,24.826668,16.620592,300300
2005-06-14,24.700001,24.966667,24.700001,24.946667,16.700928,517800
2005-06-15,25.100000,25.276667,25.033333,25.276667,16.921858,227700
2005-06-16,25.383333,25.646667,25.350000,25.613333,17.147236,255600
2005-06-17,26.016666,26.056667,25.786667,25.900000,17.339151,238500
2005-06-20,26.123333,26.163334,25.883333,25.966667,17.383783,285300
2005-06-21,25.816668,25.933332,25.480000,25.480000,17.105633,262500
2005-06-22,25.583332,25.696667,25.303333,25.663334,17.228708,327000
2005-06-23,25.566668,25.950001,25.500000,25.566668,17.163811,205200
2005-06-24,25.716667,25.719999,25.389999,25.433332,17.074301,195600
2005-06-27,25.600000,25.846666,25.600000,25.760000,17.293604,368100
2005-06-28,25.783333,25.893333,25.513332,25.523333,17.134720,235800
2005-06-29,25.549999,25.610001,25.316668,25.450001,17.085491,163800
2005-06-30,25.400000,25.656668,25.293333,25.293333,16.980312,136200
2005-07-01,25.403334,25.836666,25.403334,25.756666,17.291374,87900
2005-07-05,25.966667,26.420000,25.953333,26.413334,17.732212,167100
2005-07-06,26.573334,26.606667,26.100000,26.150000,17.555426,219300
2005-07-07,25.950001,26.383333,25.833332,26.379999,17.709833,180900
2005-07-08,26.549999,26.626667,26.190001,26.360001,17.696405,140100
2005-07-11,26.463333,26.543333,26.163334,26.543333,17.819485,120300
2005-07-12,26.473333,26.830000,26.466667,26.723333,17.940325,159000
2005-07-13,26.666668,26.783333,26.469999,26.533333,17.812761,115800
2005-07-14,26.816668,26.816668,25.870001,25.993334,17.450247,143100
2005-07-15,26.033333,26.103333,25.780001,25.803333,17.322693,117900
2005-07-18,25.803333,25.866667,25.666668,25.793333,17.315985,134100
2005-07-19,25.833332,26.230000,25.793333,26.230000,17.609129,132600
2005-07-20,26.216667,26.350000,26.016666,26.336666,17.680735,81300
2005-07-21,26.299999,26.366667,25.980000,26.196667,17.586752,104400
2005-07-22,26.360001,26.876667,26.360001,26.876667,18.043261,123900
2005-07-25,26.950001,27.216667,26.766666,26.990000,18.119349,123600
2005-07-26,26.993334,27.076668,26.756666,26.916668,18.070120,180000
2005-07-27,26.966667,27.063334,26.696667,27.033333,18.148439,63900
2005-07-28,27.200001,27.250000,26.913334,27.153334,18.229006,131100
2005-07-29,27.296667,27.333332,26.946667,26.946667,18.090252,60600
2005-08-01,27.190001,27.379999,27.133333,27.250000,18.293898,105000
2005-08-02,27.340000,27.750000,27.340000,27.750000,18.629560,235500
2005-08-03,27.893333,27.926666,27.623333,27.746668,18.627327,373200
2005-08-04,27.756666,28.000000,27.700001,27.816668,18.674322,362400
2005-08-05,27.833332,27.866667,27.450001,27.590000,18.522144,166200
2005-08-08,28.063334,28.233334,27.950001,28.000000,18.797392,280500
2005-08-09,28.096666,28.103333,27.843332,27.943333,18.759354,180000
2005-08-10,28.206667,28.459999,28.110001,28.426666,19.083830,834900
2005-08-11,28.366667,28.786667,28.366667,28.646667,19.231525,289800
2005-08-12,28.780001,28.783333,28.466667,28.610001,19.206913,168900
2005-08-15,28.586666,28.586666,28.230000,28.356667,19.036831,145800
2005-08-16,28.216667,28.293333,27.733334,27.736668,18.620607,183000
2005-08-17,27.620001,27.903334,26.986668,27.129999,18.213333,494400
2005-08-18,26.910000,27.133333,26.733334,26.966667,18.103687,293700
2005-08-19,27.286667,27.490000,27.250000,27.400000,18.394592,187800
2005-08-22,27.750000,27.820000,27.333332,27.559999,18.502005,404100
2005-08-23,27.626667,27.676666,27.256666,27.500000,18.461727,136800
2005-08-24,27.593332,27.816668,27.466667,27.683332,18.584801,152400
2005-08-25,27.623333,27.690001,27.486668,27.676666,18.580324,259800
2005-08-26,27.733334,27.786667,27.290001,27.316668,18.338650,243000
2005-08-29,27.799999,27.843332,27.353333,27.610001,18.535578,156600
2005-08-30,27.763332,28.076668,27.716667,27.986668,18.788446,249300
2005-08-31,28.246668,28.876667,28.246668,28.780001,19.321033,429000
2005-09-01,29.280001,29.476667,29.120001,29.393333,19.732788,688200
2005-09-02,29.116667,29.133333,28.833332,28.976667,19.453062,273600
2005-09-06,29.083332,29.083332,28.656668,29.040001,19.495583,138600
2005-09-07,29.043333,29.293333,28.903334,29.020000,19.482151,234600
2005-09-08,29.120001,29.250000,28.973333,28.996668,19.466488,388200
2005-09-09,29.299999,29.770000,29.299999,29.770000,19.985657,133200
2005-09-12,29.636667,29.650000,29.166668,29.283333,19.658943,200700
2005-09-13,28.916668,29.350000,28.916668,29.000000,19.468729,184800
2005-09-14,29.139999,29.416668,29.083332,29.383333,19.726072,195000
2005-09-15,29.563334,29.623333,29.166668,29.400000,19.737265,190200
2005-09-16,29.546667,29.693333,29.506666,29.693333,19.934191,136500
2005-09-19,30.103333,30.540001,30.100000,30.356667,20.379513,210000
2005-09-20,30.396667,30.446667,30.000000,30.096666,20.204962,431400
2005-09-21,30.673332,30.683332,30.360001,30.433332,20.430979,518100
2005-09-22,30.736668,30.783333,29.733334,30.129999,20.227339,470400
2005-09-23,29.750000,29.836666,29.583332,29.666668,19.916290,502200
2005-09-26,29.559999,30.276667,29.506666,30.203333,20.318579,212100
2005-09-27,30.040001,30.219999,29.913334,30.190001,20.309622,294000
2005-09-28,30.360001,30.583332,30.020000,30.580000,20.571974,336600
2005-09-29,30.716667,30.830000,30.500000,30.776667,20.704271,276000
2005-09-30,30.823334,30.823334,30.396667,30.450001,20.484520,414000
2005-10-03,30.660000,30.706667,30.333332,30.486668,20.509180,447600
2005-10-04,30.266666,30.280001,29.466667,29.493334,19.840944,332100
2005-10-05,29.416668,29.436666,28.283333,28.346666,19.069548,731400
2005-10-06,27.603333,28.166668,27.263332,27.583332,18.556032,730800
2005-10-07,27.950001,28.243334,27.796667,28.183332,18.959671,281100
2005-10-10,28.263332,28.263332,27.700001,27.900000,18.769060,244500
2005-10-11,28.253332,28.586666,28.250000,28.476667,19.156998,239400
2005-10-12,28.406668,28.590000,27.783333,27.936666,18.793734,294900
2005-10-13,27.600000,27.600000,26.686666,27.190001,18.291430,982500
2005-10-14,27.360001,27.676666,26.713333,27.666668,18.612099,419700
2005-10-17,28.139999,28.139999,27.883333,28.026667,18.854277,154800
2005-10-18,27.746668,27.860001,26.900000,26.900000,18.096338,249600
2005-10-19,26.670000,27.400000,26.283333,27.336666,18.390095,473700
2005-10-20,27.266666,27.343332,26.026667,26.253332,17.661306,329100
2005-10-21,26.120001,26.893333,26.116667,26.500000,17.827248,282900
2005-10-24,26.410000,27.376667,26.410000,27.260000,18.338522,337200
2005-10-25,27.563334,27.946667,27.490000,27.866667,18.746643,244800
2005-10-26,27.846666,28.510000,27.656668,27.709999,18.641241,411300
2005-10-27,27.930000,27.930000,27.076668,27.126667,18.248823,183000
2005-10-28,27.266666,27.730000,26.770000,27.636667,18.591915,540600
2005-10-31,28.046667,28.303333,27.696667,27.966667,18.813911,292200
2005-11-01,27.806667,28.143333,27.716667,28.049999,18.869968,162300
2005-11-02,28.083332,28.666668,28.083332,28.666668,19.284815,172200
2005-11-03,28.896667,29.216667,28.846666,29.073334,19.558403,286500
2005-11-04,28.916668,28.916668,28.233334,28.366667,19.083012,426000
2005-11-07,28.209999,28.216667,27.846666,27.990000,18.829607,192600
2005-11-08,27.893333,28.333332,27.799999,28.223333,18.986591,180600
2005-11-09,28.053333,28.493334,27.809999,27.959999,18.809431,153000
2005-11-10,27.663334,27.663334,26.996668,27.143333,18.260033,225900
2005-11-11,27.203333,27.469999,27.103333,27.393333,18.428217,197100
2005-11-14,27.799999,28.043333,27.403334,27.559999,18.540335,198000
2005-11-15,27.650000,28.186666,27.523333,27.559999,18.540335,247200
2005-11-16,27.833332,28.260000,27.646667,28.200001,18.970879,301500
2005-11-17,28.530001,28.613333,28.150000,28.293333,19.033667,273900
2005-11-18,28.266666,28.363333,28.003332,28.313334,19.047123,194400
2005-11-21,28.573334,28.950001,28.466667,28.930000,19.461981,125400
2005-11-22,29.146667,29.466667,29.033333,29.386667,19.769196,392100
2005-11-23,29.186666,29.500000,29.003332,29.283333,19.699667,242700
2005-11-25,29.356667,29.513332,29.316668,29.463333,19.820759,100200
2005-11-28,29.100000,29.133333,28.570000,28.570000,19.219786,180900
2005-11-29,28.816668,28.873333,28.606667,28.713333,19.316208,114600
2005-11-30,28.713333,28.926666,28.580000,28.780001,19.361065,229500
2005-12-01,29.016666,29.586666,29.000000,29.566668,19.890272,542100
2005-12-02,29.566668,29.713333,29.446667,29.666668,19.957552,190200
2005-12-05,29.966667,30.106667,29.750000,29.826668,20.065187,177900
2005-12-06,30.160000,30.233334,29.673332,30.020000,20.195244,136200
2005-12-07,30.230000,30.389999,29.866667,29.993334,20.177303,177600
2005-12-08,30.066668,30.520000,30.006666,30.483334,20.506941,168900
2005-12-09,30.450001,30.450001,30.036667,30.146667,20.280453,113700
2005-12-12,30.490000,30.490000,30.213333,30.373333,20.432941,199500
2005-12-13,30.663334,30.823334,30.400000,30.413334,20.459856,235500
2005-12-14,30.450001,30.556667,30.246668,30.536667,20.542816,174900
2005-12-15,30.453333,30.453333,30.080000,30.283333,20.372389,154200
2005-12-16,30.276667,30.276667,29.693333,29.713333,19.988941,153000
2005-12-19,30.076668,30.076668,29.523333,29.616667,19.923908,279900
2005-12-20,29.713333,29.863333,29.650000,29.799999,20.047241,573000
2005-12-21,29.896667,30.100000,29.816668,29.916668,20.125729,324600
2005-12-22,30.056667,30.116667,29.870001,29.956667,20.152639,106500
2005-12-23,29.570000,29.903334,29.456667,29.743334,20.061800,78300
2005-12-27,29.510000,29.510000,28.920000,29.000000,19.560427,239400
2005-12-28,29.333332,29.629999,29.166668,29.516666,19.908915,248400
2005-12-29,29.500000,29.740000,29.290001,29.340000,19.789766,271500
2005-12-30,29.160000,29.580000,29.160000,29.443333,19.859453,102300
2006-01-03,29.833332,30.650000,29.833332,30.633333,20.662113,337200
2006-01-04,30.500000,30.946667,30.366667,30.933332,20.864452,277200
2006-01-05,30.600000,30.753332,30.213333,30.466667,20.549694,490200
2006-01-06,30.799999,31.246668,30.736668,31.113333,20.985868,288600
2006-01-09,31.166668,31.233334,30.883333,31.096666,20.974623,407400
2006-01-10,31.013332,31.389999,31.010000,31.350000,21.145502,297600
2006-01-11,31.333332,31.516666,30.933332,31.416668,21.190460,358800
2006-01-12,31.573334,31.799999,31.116667,31.163334,21.019596,317700
2006-01-13,31.350000,31.656668,31.200001,31.623333,21.329861,251700
2006-01-17,32.023335,32.200001,31.940001,32.163334,21.694098,299400
2006-01-18,31.950001,32.000000,31.303333,31.650000,21.347845,282900
2006-01-19,31.733334,32.456669,31.690001,32.360001,21.826740,277500
2006-01-20,32.933334,33.053333,32.323334,32.516666,21.932413,337200
2006-01-23,32.433334,33.026669,32.306667,32.959999,22.231432,298800
2006-01-24,32.816666,33.043331,32.750000,32.776669,22.107788,298200
2006-01-25,33.033333,33.036667,31.969999,32.290001,21.779528,329700
2006-01-26,32.250000,32.470001,31.780001,32.439999,21.880695,211800
2006-01-27,32.916668,33.126667,32.700001,32.953335,22.226946,205800
2006-01-30,33.333332,33.793331,33.333332,33.610001,22.669859,257700
2006-01-31,33.650002,33.799999,33.386665,33.619999,22.676601,292200
2006-02-01,33.700001,33.813332,33.013332,33.150002,22.359592,1766400
2006-02-02,33.216667,33.216667,32.293331,32.676666,22.040325,560700
2006-02-03,32.766666,32.766666,32.206669,32.433334,21.876204,280500
2006-02-06,32.803333,33.169998,32.793331,33.133331,22.348351,474300
2006-02-07,32.389999,32.389999,31.453333,31.596666,21.311876,604200
2006-02-08,31.513332,31.623333,30.916668,31.533333,21.269157,451500
2006-02-09,31.866667,32.080002,30.916668,31.030001,20.929659,315600
2006-02-10,30.953333,31.083332,30.236668,30.746668,20.738548,441600
2006-02-13,30.670000,30.886667,30.253332,30.423332,20.520458,331500
2006-02-14,29.916668,30.500000,29.896667,30.383333,20.493484,547500
2006-02-15,30.466667,30.660000,29.846666,30.083332,20.291142,661500
2006-02-16,30.316668,30.733334,30.290001,30.673332,20.689093,327300
2006-02-17,31.150000,31.150000,30.856667,30.993334,20.904926,325500
2006-02-21,31.790001,31.809999,31.336666,31.526667,21.264666,497100
2006-02-22,31.366667,31.366667,30.986668,31.156668,21.015095,268800
2006-02-23,31.066668,31.330000,30.773333,30.980000,20.895933,222300
2006-02-24,31.406668,31.506666,31.260000,31.286667,21.102785,200400
2006-02-27,31.213333,31.213333,30.750000,30.766666,20.752047,354000
2006-02-28,30.500000,30.629999,30.256666,30.466667,20.549694,246300
2006-03-01,30.863333,31.106667,30.730000,31.023333,20.925171,1683900
2006-03-02,31.266666,31.580000,31.113333,31.530001,21.266911,262800
2006-03-03,31.486668,31.799999,31.469999,31.556667,21.284893,152100
2006-03-06,31.473333,31.473333,30.580000,30.603333,20.641876,268200
2006-03-07,30.450001,30.450001,29.933332,30.139999,20.329359,502200
2006-03-08,29.639999,30.233334,29.500000,29.983334,20.223688,611400
2006-03-09,30.243334,30.343332,29.806667,29.863333,20.142752,216000
2006-03-10,29.500000,30.186666,29.500000,30.033333,20.257414,428100
2006-03-13,30.000000,30.620001,30.000000,30.513332,20.581169,332700
2006-03-14,30.533333,31.200001,30.490000,31.073334,20.958891,194100
2006-03-15,31.150000,31.366667,31.000000,31.366667,21.156740,263700
2006-03-16,31.406668,31.790001,31.206667,31.716667,21.392817,328500
2006-03-17,31.633333,31.716667,31.393333,31.393333,21.174725,330600
2006-03-20,31.309999,31.500000,30.793333,30.850000,20.808243,180900
2006-03-21,30.513332,31.103333,30.506666,30.603333,20.641876,322200
2006-03-22,30.676666,31.196667,30.666668,30.833332,20.797007,154200
2006-03-23,31.100000,31.363333,31.023333,31.233334,21.066803,147900
2006-03-24,31.316668,31.740000,31.316668,31.596666,21.311876,229800
2006-03-27,31.493334,31.776667,31.316668,31.670000,21.418495,552000
2006-03-28,31.966667,32.160000,31.700001,31.816668,21.517696,877500
2006-03-29,31.853333,32.299999,31.799999,32.299999,21.844570,327600
2006-03-30,32.553333,32.713333,32.263332,32.433334,21.934752,310500
2006-03-31,32.266666,32.266666,31.750000,31.990000,21.634922,568800
2006-04-03,32.349998,32.726665,32.180000,32.223331,21.792719,1598700
2006-04-04,32.189999,32.616669,32.073334,32.483334,21.968573,480600
2006-04-05,32.606667,33.086666,32.506668,33.023335,22.333767,268800
2006-04-06,33.320000,33.396667,32.843334,33.166668,22.430698,311400
2006-04-07,33.183334,33.253334,32.666668,32.763332,22.157930,402300
2006-04-10,33.250000,33.326668,33.036667,33.263332,22.496077,305700
2006-04-11,33.599998,33.633331,32.849998,32.983334,22.306723,240000
2006-04-12,33.123333,33.143333,32.790001,32.976665,22.302206,178800
2006-04-13,32.656666,33.043331,32.416668,33.013332,22.327007,270900
2006-04-17,33.299999,33.583332,33.299999,33.573334,22.705730,346500
2006-04-18,33.796665,34.566666,33.796665,34.566666,23.377525,323400
2006-04-19,34.500000,35.063332,34.263332,35.000000,23.670595,375000
2006-04-20,34.966667,34.996666,34.036667,34.523335,23.348219,351300
2006-04-21,34.610001,35.283333,34.610001,35.209999,23.812611,240900
2006-04-24,35.126667,35.126667,34.666668,34.666668,23.445166,356400
2006-04-25,35.176666,35.276669,34.166668,34.416668,23.276085,674100
2006-04-26,34.556667,34.913334,34.003334,34.036667,23.019085,324300
2006-04-27,33.486668,34.183334,33.166668,33.599998,22.723768,507300
2006-04-28,33.946667,34.333332,33.926666,34.090000,23.055157,373200
2006-05-01,34.446667,34.806667,34.373333,34.536667,23.357235,263400
2006-05-02,34.936668,35.250000,34.736668,35.250000,23.839666,1816200
2006-05-03,35.286667,35.333332,34.500000,34.820000,23.548866,257700
2006-05-04,34.566666,34.966667,34.166668,34.700001,23.467699,458400
2006-05-05,35.173332,35.173332,34.836666,35.099998,23.738220,217200
2006-05-08,34.680000,35.000000,34.506668,34.966667,23.648046,312900
2006-05-09,35.049999,35.546665,35.000000,35.436668,23.965914,258600
2006-05-10,35.353333,35.799999,35.186668,35.799999,24.211628,302700
2006-05-11,35.966667,35.966667,35.169998,35.273335,23.855442,225000
2006-05-12,35.000000,35.000000,34.073334,34.139999,23.088966,595500
2006-05-15,33.276669,33.606667,32.810001,33.196667,22.450987,655500
2006-05-16,33.473331,33.596668,32.846668,33.256668,22.491573,364500
2006-05-17,33.340000,33.360001,32.130001,32.413334,21.921230,564300
2006-05-18,32.633331,32.633331,31.786667,31.786667,21.497408,433800
2006-05-19,31.666668,32.216667,31.173332,31.959999,21.614622,626100
2006-05-22,31.430000,31.843332,30.773333,31.633333,21.393705,555900
2006-05-23,32.290001,32.733334,31.786667,31.786667,21.497408,550200
2006-05-24,31.590000,31.900000,30.783333,31.389999,21.229137,331200
2006-05-25,31.836666,32.583332,31.736668,32.509998,21.986599,220200
2006-05-26,32.509998,32.820000,32.360001,32.753334,22.151169,273300
2006-05-30,32.799999,33.063332,32.276669,32.286667,21.835562,265800
2006-05-31,32.533333,33.000000,32.293331,33.000000,22.317991,336300
2006-06-01,32.616669,33.243332,32.446667,33.070000,22.365324,470700
2006-06-02,33.586666,33.666668,33.209999,33.643333,22.753077,259800
2006-06-05,33.806667,33.806667,32.516666,32.523335,21.995617,376800
2006-06-06,32.466667,32.633331,32.000000,32.303333,21.846821,297900
2006-06-07,32.000000,32.200001,31.219999,31.236668,21.125435,382800
2006-06-08,30.740000,31.333332,29.930000,31.243334,21.129948,775200
2006-06-09,31.266666,31.583332,30.803333,31.123333,21.048792,213600
2006-06-12,31.333332,31.340000,30.223333,30.223333,20.440121,426000
2006-06-13,29.886667,30.256666,29.209999,29.333332,19.838203,1052400
2006-06-14,29.709999,30.063334,29.559999,30.000000,20.289076,794700
2006-06-15,30.600000,31.426666,30.590000,31.243334,21.129948,325200
2006-06-16,31.116667,31.286667,30.636667,31.046667,20.996941,326400
2006-06-19,30.820000,30.820000,29.923332,30.033333,20.311623,784200
2006-06-20,30.256666,30.540001,29.883333,29.933332,20.243986,766500
2006-06-21,30.233334,30.963333,30.176666,30.583332,20.683584,150900
2006-06-22,30.586666,30.850000,30.386667,30.733334,20.785038,230400
2006-06-23,31.133333,31.436666,31.049999,31.206667,21.178658,144600
2006-06-26,31.250000,31.650000,31.023333,31.573334,21.427505,142500
2006-06-27,31.783333,32.040001,31.456667,31.563334,21.420712,255900
2006-06-28,31.716667,32.016666,31.626667,31.916668,21.660505,190800
2006-06-29,32.333332,33.053333,32.323334,33.033333,22.418337,196500
2006-06-30,33.193333,33.369999,32.970001,33.166668,22.508820,298500
2006-07-03,33.523335,33.776669,33.423332,33.693333,22.866257,181800
2006-07-05,33.833332,33.833332,33.043331,33.596668,22.800646,456900
2006-07-06,33.703335,33.849998,33.456669,33.560001,22.775768,276600
2006-07-07,33.783333,33.926666,33.060001,33.209999,22.538235,248400
2006-07-10,33.450001,33.450001,32.966667,33.103333,22.465845,220200
2006-07-11,33.333332,33.673332,33.139999,33.533333,22.757671,181800
2006-07-12,33.723331,33.776669,33.326668,33.453335,22.703381,214200
2006-07-13,33.480000,33.533333,32.963333,33.043331,22.425125,189000
2006-07-14,33.160000,33.376667,32.660000,33.363335,22.642294,242400
2006-07-17,33.066666,33.070000,32.183334,32.366669,21.965904,176100
2006-07-18,32.606667,32.676666,31.853333,32.386665,21.979469,218700
2006-07-19,32.333332,32.849998,32.276669,32.796665,22.257719,563700
2006-07-20,32.889999,32.916668,31.926666,31.926666,21.667290,220500
2006-07-21,31.903334,31.946667,31.383333,31.383333,21.298548,240900
2006-07-24,31.523333,32.373333,31.523333,32.290001,21.913866,348000
2006-07-25,32.573334,32.966667,32.433334,32.933334,22.350477,184800
2006-07-26,32.933334,33.639999,32.706669,33.500000,22.735039,546900
2006-07-27,33.773335,33.950001,33.139999,33.349998,22.633245,362400
2006-07-28,33.130001,33.483334,32.946667,33.393333,22.662661,198300
2006-07-31,33.423332,34.053333,33.423332,33.919998,23.020075,269100
2006-08-01,33.866669,34.049999,33.483334,34.029999,23.094730,260700
2006-08-02,34.323334,34.650002,33.930000,34.186668,23.201057,335400
2006-08-03,33.740002,34.186668,33.740002,33.970001,23.054014,242700
2006-08-04,34.139999,34.139999,33.340000,33.626667,22.821009,142200
2006-08-07,33.750000,34.063332,33.523335,33.816666,22.949955,183000
2006-08-08,33.816666,34.099998,33.599998,33.686668,22.861725,154800
2006-08-09,33.950001,34.333332,33.783333,33.910000,23.013294,224100
2006-08-10,33.646667,33.763332,33.363335,33.723331,22.886616,238500
2006-08-11,33.686668,33.720001,33.376667,33.549999,22.768982,130500
2006-08-14,33.373333,33.373333,32.853333,32.946667,22.359524,272700
2006-08-15,33.209999,33.250000,32.933334,33.213333,22.540493,236400
2006-08-16,33.270000,33.580002,33.013332,33.166668,22.508820,188400
2006-08-17,32.986668,32.986668,32.606667,32.933334,22.350477,460800
2006-08-18,32.983334,33.283333,32.756668,33.206669,22.535973,110400
2006-08-21,33.533333,33.633331,33.410000,33.596668,22.800646,308400
2006-08-22,33.513332,33.783333,33.513332,33.783333,22.927330,227400
2006-08-23,33.700001,33.840000,33.253334,33.343334,22.628731,345000
2006-08-24,33.426666,33.470001,33.213333,33.470001,22.714682,132600
2006-08-25,33.523335,33.913334,33.523335,33.666668,22.848154,84000
2006-08-28,33.290001,33.486668,33.176666,33.246666,22.563122,103200
2006-08-29,33.049999,33.090000,32.736668,33.090000,22.456791,837600
2006-08-30,33.133331,33.133331,32.416668,32.689999,22.185331,536400
2006-08-31,32.663334,32.913334,32.563332,32.639999,22.151398,144000
2006-09-01,32.866669,33.066666,32.776669,33.043331,22.425125,123300
2006-09-05,32.873333,33.433334,32.866669,33.326668,22.617405,2608500
2006-09-06,32.950001,33.086666,32.416668,32.516666,22.067698,243600
2006-09-07,32.133331,32.430000,32.020000,32.236668,21.877674,283500
2006-09-08,32.200001,32.283333,31.563334,31.606667,21.450117,358200
2006-09-11,30.940001,30.940001,30.436666,30.436666,20.656088,714300
2006-09-12,30.500000,30.766666,30.113333,30.276667,20.547497,466200
2006-09-13,30.616667,31.070000,30.586666,30.966667,21.015778,407400
2006-09-14,30.983334,31.043333,30.150000,30.293333,20.558817,289200
2006-09-15,30.070000,30.376667,30.043333,30.233334,20.518101,350100
2006-09-18,30.383333,31.040001,30.383333,30.930000,20.990889,417600
2006-09-19,30.936666,30.936666,30.150000,30.400000,20.631201,200400
2006-09-20,30.350000,30.466667,29.686666,29.713333,20.165190,382200
2006-09-21,29.786667,30.346666,29.786667,30.206667,20.499998,690000
2006-09-22,29.333332,30.309999,29.333332,29.973333,20.341644,319800
2006-09-25,29.566668,30.026667,29.213333,29.913334,20.300924,604800
2006-09-26,29.889999,30.516666,29.866667,30.510000,20.705853,223200
2006-09-27,30.693333,30.963333,30.373333,30.943333,21.059301,252600
2006-09-28,31.066668,31.256666,30.836666,30.889999,21.023006,261900
2006-09-29,30.916668,31.106667,30.613333,31.016666,21.109207,114600
2006-10-02,30.933332,31.106667,30.563334,30.676666,20.877817,264000
2006-10-03,30.020000,30.020000,29.410000,29.543333,20.106493,318600
2006-10-04,29.500000,29.843332,28.936666,29.796667,20.278908,623700
2006-10-05,30.266666,30.389999,30.003332,30.376667,20.673645,324600
2006-10-06,30.100000,30.406668,29.916668,30.383333,20.678181,283500
2006-10-09,30.546667,30.696667,30.023333,30.180000,20.539799,121200
2006-10-10,30.083332,30.559999,30.083332,30.553333,20.793880,198600
2006-10-11,30.266666,30.476667,30.000000,30.150000,20.519377,142200
2006-10-12,30.150000,30.683332,30.150000,30.683332,20.882353,145200
2006-10-13,30.746668,31.360001,30.746668,31.216667,21.245331,270000
2006-10-16,31.333332,31.906668,31.256666,31.900000,21.710390,175200
2006-10-17,31.726667,31.766666,31.370001,31.636667,21.531168,312900
2006-10-18,31.639999,31.806667,31.233334,31.346666,21.333807,248700
2006-10-19,31.633333,32.116669,31.533333,32.096668,21.844238,130800
2006-10-20,32.096668,32.139999,31.656668,31.803333,21.644602,140100
2006-10-23,31.400000,31.846666,31.400000,31.809999,21.649137,102000
2006-10-24,31.809999,32.316666,31.633333,32.283333,21.971272,153000
2006-10-25,32.266666,32.973331,32.056667,32.833332,22.345591,335100
2006-10-26,32.983334,33.139999,32.533333,32.763332,22.297955,180600
2006-10-27,32.666668,32.936668,32.416668,32.416668,22.062025,315000
2006-10-30,32.333332,32.363335,31.950001,31.966667,21.755758,115500
2006-10-31,31.950001,32.386665,31.703333,32.279999,21.969009,291000
2006-11-01,32.316666,32.416668,31.750000,31.969999,21.758028,223200
2006-11-02,31.850000,32.273335,31.713333,32.066666,21.823816,327600
2006-11-03,32.293331,32.730000,32.293331,32.650002,22.220819,240000
2006-11-06,32.623333,33.033333,32.580002,32.983334,22.447680,156600
2006-11-07,33.003334,33.033333,32.570000,32.713333,22.263924,163800
2006-11-08,32.650002,33.206669,32.553333,33.200001,22.595140,204600
2006-11-09,33.283333,33.823334,33.226665,33.566666,22.844681,130800
2006-11-10,33.433334,33.433334,32.896667,33.099998,22.527079,166800
2006-11-13,32.799999,33.166668,32.796665,33.026669,22.477177,140400
2006-11-14,33.110001,33.160000,32.866669,33.080002,22.513470,151800
2006-11-15,32.996666,33.549999,32.970001,33.450001,22.765282,250200
2006-11-16,33.533333,33.570000,32.526669,32.566666,22.164106,169800
2006-11-17,32.356667,32.833332,32.136665,32.823334,22.338789,212400
2006-11-20,32.740002,33.096668,32.646667,32.900002,22.390966,229800
2006-11-21,32.880001,33.493332,32.880001,33.416668,22.742596,208500
2006-11-22,33.389999,33.590000,33.026669,33.433334,22.753939,136800
2006-11-24,33.630001,33.630001,33.403332,33.483334,22.787964,92400
2006-11-27,33.566666,33.656666,33.143333,33.233334,22.617817,186000
2006-11-28,33.283333,33.773335,33.283333,33.709999,22.942234,166200
2006-11-29,33.866669,34.660000,33.799999,34.576668,23.532064,206400
2006-11-30,34.656666,34.973331,34.459999,34.846668,23.715820,252600
2006-12-01,34.763332,34.983334,34.373333,34.983334,23.808834,1974600
2006-12-04,34.849998,34.959999,34.599998,34.959999,23.792948,178800
2006-12-05,35.266666,35.266666,34.720001,35.099998,23.888227,180000
2006-12-06,34.856667,35.333332,34.856667,34.990002,23.813372,286800
2006-12-07,34.910000,35.073334,34.653332,34.900002,23.752113,81000
2006-12-08,35.040001,35.183334,34.770000,34.900002,23.752113,289200
2006-12-11,34.633331,35.000000,34.549999,34.833332,23.706741,183000
2006-12-12,34.766666,34.939999,34.526669,34.709999,23.622807,120000
2006-12-13,34.733334,35.056667,34.683334,34.986668,23.811106,107400
2006-12-14,35.066666,35.573334,35.066666,35.483334,24.149126,184200
2006-12-15,35.439999,35.439999,34.996666,35.116669,23.899584,187200
2006-12-18,34.926666,34.926666,34.116669,34.146667,23.239412,128400
2006-12-19,33.946667,34.713333,33.936668,34.650002,23.581972,197700
2006-12-20,34.426666,34.716667,34.189999,34.203335,23.277975,282000
2006-12-21,34.176666,34.193333,33.610001,33.846668,23.107758,183000
2006-12-22,33.930000,33.930000,33.586666,33.586666,22.930248,193500
2006-12-26,33.666668,33.906666,33.419998,33.593334,22.934803,114600
2006-12-27,33.750000,34.063332,33.599998,33.966667,23.189686,73800
2006-12-28,34.049999,34.113335,33.926666,34.080002,23.267065,100200
2006-12-29,33.946667,33.946667,33.746666,33.866669,23.121412,114600
2007-01-03,33.320000,33.320000,32.366669,32.633331,22.279398,2105400
2007-01-04,32.099998,32.380001,31.330000,31.900000,21.778736,354300
2007-01-05,31.950001,32.133331,31.690001,32.126667,21.933491,193800
2007-01-08,32.446667,32.450001,31.886667,32.220001,21.997198,233100
2007-01-09,31.666668,31.990000,31.430000,31.866667,21.755976,290400
2007-01-10,31.580000,31.686666,31.266666,31.516666,21.517023,335700
2007-01-11,31.533333,32.093334,31.256666,31.283333,21.357716,157200
2007-01-12,31.556667,32.233334,31.556667,32.216667,21.994926,538800
2007-01-16,32.166668,32.253334,31.709999,31.889999,21.771910,515100
2007-01-17,31.863333,32.216667,31.796667,32.166668,21.960785,248400
2007-01-18,32.343334,32.413334,31.716667,31.889999,21.771910,1138800
2007-01-19,32.000000,32.599998,32.000000,32.599998,22.256634,597600
2007-01-22,32.616669,32.783333,32.226665,32.466667,22.165607,364500
2007-01-23,32.753334,33.369999,32.753334,33.299999,22.734528,223800
2007-01-24,33.230000,33.500000,32.833332,33.500000,22.871086,244200
2007-01-25,33.326668,33.356667,32.730000,32.900002,22.461451,174900
2007-01-26,33.009998,33.143333,32.836666,33.033333,22.552475,198000
2007-01-29,33.016666,33.203335,32.713333,32.849998,22.427307,120600
2007-01-30,32.939999,33.516666,32.939999,33.516666,22.882462,173700
2007-01-31,33.353333,33.750000,33.253334,33.666668,22.984869,170700
2007-02-01,33.750000,33.996666,33.556667,33.963333,23.187410,285300
2007-02-02,33.770000,33.996666,33.540001,33.933334,23.166933,119700
2007-02-05,34.049999,34.090000,33.816666,33.873333,23.125969,306600
2007-02-06,33.956669,33.986668,33.663334,33.883331,23.132793,113400
2007-02-07,33.910000,34.026669,33.450001,33.666668,22.984869,169800
2007-02-08,33.583332,33.986668,33.413334,33.986668,23.203337,180000
2007-02-09,34.006668,34.073334,33.703335,33.853333,23.112303,86400
2007-02-12,33.533333,33.663334,33.273335,33.483334,22.859705,138600
2007-02-13,33.720001,34.076668,33.716667,34.066666,23.257959,121500
2007-02-14,34.139999,34.333332,33.903332,34.113335,23.289806,162600
2007-02-15,34.029999,34.029999,33.693333,33.913334,23.153275,247200
2007-02-16,33.916668,33.993332,33.810001,33.943333,23.173758,109200
2007-02-20,33.549999,33.643333,33.430000,33.636665,22.964388,263700
2007-02-21,33.639999,34.000000,33.406666,33.996666,23.210169,173400
2007-02-22,34.000000,34.326668,33.820000,34.326668,23.435467,414900
2007-02-23,34.430000,34.580002,34.290001,34.406666,23.490082,177900
2007-02-26,34.483334,34.840000,34.483334,34.663334,23.665308,212700
2007-02-27,33.966667,34.343334,33.070000,33.333332,22.757296,174600
2007-02-28,33.336666,33.646667,33.213333,33.413334,22.811914,174000
2007-03-01,32.766666,33.603333,32.740002,33.366669,22.780048,224700
2007-03-02,33.160000,33.216667,32.616669,32.726665,22.343105,268200
2007-03-05,32.130001,32.669998,32.130001,32.273335,22.033617,392700
2007-03-06,32.633331,32.963333,32.576668,32.963333,22.504694,254100
2007-03-07,32.933334,33.716667,32.903332,33.349998,22.768679,521700
2007-03-08,33.490002,33.666668,33.366669,33.533333,22.893839,343800
2007-03-09,33.626667,33.746666,33.380001,33.566666,22.916595,90000
2007-03-12,33.246666,33.549999,33.240002,33.493332,22.866528,174000
2007-03-13,33.366669,33.726665,32.883331,32.933334,22.484207,255900
2007-03-14,33.003334,33.246666,32.596668,33.203335,22.668539,181200
2007-03-15,33.189999,33.453335,33.150002,33.290001,22.727711,55500
2007-03-16,33.250000,33.466667,32.913334,33.009998,22.536554,631800
2007-03-19,33.299999,33.660000,33.266666,33.660000,22.980320,78000
2007-03-20,33.650002,33.873333,33.523335,33.820000,23.089560,85500
2007-03-21,33.916668,34.486668,33.916668,34.400002,23.485533,104700
2007-03-22,34.636665,34.966667,34.599998,34.803333,23.760891,169200
2007-03-23,34.866669,35.053333,34.810001,34.993332,23.890612,162000
2007-03-26,35.106667,35.216667,34.703335,35.130001,24.057707,106800
2007-03-27,34.849998,35.150002,34.849998,35.150002,24.071409,160800
2007-03-28,35.203335,35.303333,34.930000,35.116669,24.048580,76200
2007-03-29,35.369999,35.400002,35.106667,35.400002,24.242609,238200
2007-03-30,35.380001,35.380001,34.913334,35.003334,23.970966,87900
2007-04-02,35.160000,35.396667,35.023335,35.363335,24.217495,471600
2007-04-03,35.333332,35.556667,35.150002,35.540001,24.338478,293700
2007-04-04,35.333332,35.726665,35.276669,35.726665,24.466314,153900
2007-04-05,35.650002,35.910000,35.650002,35.849998,24.550785,312900
2007-04-09,35.763332,36.163334,35.746666,35.799999,24.516527,88500
2007-04-10,36.003334,36.296665,36.003334,36.296665,24.856655,107700
2007-04-11,36.299999,36.500000,36.020000,36.233334,24.813290,1219800
2007-04-12,36.333332,36.680000,36.150002,36.666668,25.110041,84000
2007-04-13,36.743332,36.900002,36.576668,36.900002,25.269838,145800
2007-04-16,36.983334,37.099998,36.666668,37.099998,25.406796,363300
2007-04-17,37.183334,37.216667,36.750000,36.873333,25.251562,180000
2007-04-18,36.750000,36.750000,36.509998,36.723331,25.148849,206700
2007-04-19,36.233334,36.340000,36.150002,36.286667,24.849817,125100
2007-04-20,36.583332,36.746666,36.446667,36.746666,25.164837,108900
2007-04-23,36.646667,37.033333,36.646667,36.810001,25.208210,138600
2007-04-24,36.709999,36.880001,36.529999,36.666668,25.110041,165000
2007-04-25,36.893333,37.483334,36.849998,37.356667,25.582565,150300
2007-04-26,37.243332,37.343334,36.973331,37.266666,25.520937,92400
2007-04-27,37.150002,37.416668,37.009998,37.310001,25.550611,63900
2007-04-30,37.293331,37.453335,36.810001,36.836666,25.226458,83100
2007-05-01,36.833332,36.919998,36.523335,36.893333,25.265268,192900
2007-05-02,36.990002,37.376667,36.943333,37.266666,25.520937,116100
2007-05-03,37.333332,37.753334,37.259998,37.666668,25.794853,125700
2007-05-04,37.900002,38.166668,37.650002,37.793331,25.881605,150300
2007-05-07,37.856667,38.070000,37.836666,38.053333,26.059662,120600
2007-05-08,37.856667,38.046665,37.540001,38.046665,26.055088,96300
2007-05-09,37.889999,38.056667,37.653332,38.016666,26.034554,149700
2007-05-10,38.013332,38.013332,37.290001,37.400002,25.612244,292800
2007-05-11,37.563332,38.153332,37.563332,38.153332,26.128139,238800
2007-05-14,38.193333,38.333332,38.000000,38.193333,26.155525,83100
2007-05-15,38.136665,38.543331,38.060001,38.216667,26.171524,421800
2007-05-16,38.166668,38.326668,37.753334,38.326668,26.246847,75900
2007-05-17,38.306667,39.000000,38.099998,38.856667,26.609797,247800
2007-05-18,39.040001,39.400002,39.000000,39.366669,26.959072,115200
2007-05-21,39.686668,40.036667,39.529999,39.773335,27.237549,236400
2007-05-22,39.793331,39.880001,39.360001,39.416668,26.993309,80400
2007-05-23,39.686668,39.959999,39.546665,39.599998,27.118843,197700
2007-05-24,39.660000,39.826668,38.753334,38.840000,26.598392,210900
2007-05-25,39.290001,39.383331,39.083332,39.380001,26.968191,93600
2007-05-29,39.383331,39.419998,38.956669,39.163334,26.819817,72300
2007-05-30,38.956669,39.853333,38.943333,39.840000,27.283209,125700
2007-05-31,39.986668,40.126667,39.666668,39.803333,27.258089,315300
2007-06-01,40.000000,40.333332,40.000000,40.250000,27.563974,237300
2007-06-04,40.220001,40.796665,40.186668,40.776669,27.924658,149400
2007-06-05,40.616669,40.700001,40.340000,40.599998,27.803667,489600
2007-06-06,40.333332,40.389999,39.876667,39.996666,27.390490,276900
2007-06-07,39.993332,40.220001,39.153332,39.183334,26.833517,275700
2007-06-08,39.116669,39.533333,38.610001,39.533333,27.073195,185100
2007-06-11,39.366669,39.936668,39.366669,39.759998,27.228413,272700
2007-06-12,39.660000,39.796665,39.253334,39.316666,26.924822,413700
2007-06-13,39.396667,40.106667,39.396667,40.106667,27.465820,96600
2007-06-14,40.296665,40.799999,40.279999,40.790001,27.933784,201000
2007-06-15,41.049999,41.323334,41.049999,41.299999,28.283030,148500
2007-06-18,41.383331,41.503334,41.223331,41.389999,28.344683,150900
2007-06-19,41.400002,41.540001,41.043331,41.376667,28.335539,253800
2007-06-20,41.376667,41.480000,40.243332,40.316666,27.609627,352800
2007-06-21,40.506668,41.086666,40.380001,41.086666,28.136936,668700
2007-06-22,41.083332,41.496666,40.336666,40.730000,27.892694,423600
2007-06-25,40.500000,40.720001,39.916668,40.166668,27.506910,529500
2007-06-26,40.366669,40.366669,39.276669,39.540001,27.077763,405900
2007-06-27,39.049999,39.936668,38.763332,39.933334,27.347118,297300
2007-06-28,40.283333,40.316666,39.706669,39.813332,27.264936,266700
2007-06-29,40.139999,40.320000,39.726665,39.946667,27.425140,304200
2007-07-02,40.266666,40.650002,40.076668,40.650002,27.908012,170400
2007-07-03,40.683334,40.880001,40.650002,40.833332,28.033861,119400
2007-07-05,40.766666,41.073334,40.476665,40.896667,28.077349,297000
2007-07-06,41.016666,41.393333,41.016666,41.266666,28.331385,147300
2007-07-09,41.459999,41.840000,41.393333,41.709999,28.635744,176400
2007-07-10,41.453335,41.906666,41.253334,41.490002,28.484695,134400
2007-07-11,41.299999,41.596668,41.166668,41.563332,28.535044,253200
2007-07-12,41.983334,42.410000,41.983334,42.406666,29.114031,296400
2007-07-13,42.503334,42.950001,42.466667,42.820000,29.397810,213600
2007-07-16,42.779999,42.779999,41.813332,42.146667,28.935530,245100
2007-07-17,42.340000,42.606667,41.763332,41.833332,28.720411,208500
2007-07-18,41.860001,42.643333,41.776669,42.623333,29.262777,187200
2007-07-19,42.926666,43.049999,42.813332,43.026669,29.539705,160500
2007-07-20,43.130001,43.130001,42.453335,42.766666,29.361187,138900
2007-07-23,43.000000,43.000000,42.450001,42.626667,29.265081,149400
2007-07-24,42.176666,42.250000,41.286667,41.560001,28.532753,200100
2007-07-25,41.650002,41.959999,40.763332,41.880001,28.752457,346800
2007-07-26,41.233334,41.376667,39.723331,40.536667,27.830189,550500
2007-07-27,40.400002,40.770000,39.463333,39.826668,27.342745,247500
2007-07-30,40.116669,40.416668,39.456669,40.259998,27.640249,182700
2007-07-31,40.713333,41.029999,40.033333,40.099998,27.530396,506100
2007-08-01,40.166668,40.386665,38.883331,39.790001,27.317574,313500
2007-08-02,39.933334,40.123333,39.126667,39.693333,27.251207,258600
2007-08-03,39.599998,39.900002,38.236668,38.236668,26.251143,339900
2007-08-06,38.266666,38.413334,37.290001,38.363335,26.338106,971100
2007-08-07,38.083332,39.310001,38.033333,39.063332,26.818686,277500
2007-08-08,39.416668,40.326668,39.323334,39.990002,27.454895,1195500
2007-08-09,39.093334,39.773335,38.663334,38.776669,26.621880,1296000
2007-08-10,37.766666,39.290001,37.666668,39.110001,26.850718,283800
2007-08-13,39.666668,39.743332,39.016666,39.016666,26.786652,289800
2007-08-14,39.333332,39.333332,38.433334,38.486668,26.422777,142800
2007-08-15,38.336666,38.723331,37.353333,37.403332,25.679024,160500
2007-08-16,36.763332,37.353333,35.513332,37.099998,25.470774,898500
2007-08-17,38.400002,38.400002,37.373333,38.003334,26.090956,225000
2007-08-20,38.033333,38.333332,37.476665,38.166668,26.203093,173700
2007-08-21,38.029999,38.296665,37.630001,37.833332,25.974245,103500
2007-08-22,38.160000,38.513332,38.153332,38.459999,26.404480,186900
2007-08-23,38.996666,39.046665,38.263332,38.746666,26.601278,222900
2007-08-24,38.930000,39.453335,38.849998,39.433334,27.072714,93900
2007-08-27,39.093334,39.299999,38.826668,39.099998,26.843857,423300
2007-08-28,38.660000,38.756668,37.963333,38.073334,26.139002,136800
2007-08-29,38.330002,39.233334,38.290001,39.213333,26.921677,81600
2007-08-30,38.836666,39.376667,38.836666,39.113335,26.853018,151200
2007-08-31,39.830002,39.923332,39.529999,39.666668,27.232906,88500
2007-09-04,39.763332,40.796665,39.700001,40.526669,27.823328,464400
2007-09-05,40.396667,40.480000,40.133331,40.396667,27.734077,322500
2007-09-06,40.846668,40.963333,40.549999,40.880001,28.065908,197700
2007-09-07,40.363335,40.486668,40.040001,40.433334,27.759245,205800
2007-09-10,40.200001,40.376667,39.340000,40.180000,27.585321,205500
2007-09-11,40.296665,40.813332,39.953335,40.813332,28.020142,291300
2007-09-12,40.733334,41.230000,40.733334,41.043331,28.178051,135000
2007-09-13,41.233334,41.616669,41.233334,41.423332,28.438936,143700
2007-09-14,41.250000,41.703335,41.250000,41.536667,28.516729,96900
2007-09-17,41.529999,42.470001,41.283333,41.426666,28.441210,396600
2007-09-18,41.660000,42.840000,41.353333,42.773335,29.365765,127500
2007-09-19,43.146667,43.333332,42.726665,42.900002,29.452724,274800
2007-09-20,43.156666,43.186668,42.866669,43.126667,29.608343,142200
2007-09-21,43.243332,43.606667,43.243332,43.343334,29.757090,161100
2007-09-24,43.430000,43.430000,42.980000,43.160000,29.631243,284400
2007-09-25,42.693333,42.693333,42.336666,42.693333,29.310839,238800
2007-09-26,42.996666,42.996666,42.046665,42.669998,29.335361,231600
2007-09-27,42.996666,43.136665,42.746666,43.099998,29.630974,126000
2007-09-28,43.376667,43.433334,42.783333,42.916668,29.504959,137700
2007-10-01,42.826668,43.570000,42.826668,43.466667,29.883060,172500
2007-10-02,43.296665,43.296665,42.586666,43.166668,29.676811,593100
2007-10-03,42.996666,42.996666,42.570000,42.733334,29.378904,107700
2007-10-04,42.720001,43.073334,42.223331,43.006668,29.566820,167100
2007-10-05,43.153332,43.373333,42.910000,43.320000,29.782242,144900
2007-10-08,42.959999,43.096668,42.753334,42.833332,29.447653,113400
2007-10-09,42.933334,43.599998,42.933334,43.590000,29.967863,181800
2007-10-10,43.406666,44.156666,43.169998,43.990002,30.242847,252900
2007-10-11,44.500000,44.913334,43.560001,44.053333,30.286396,327000
2007-10-12,44.206669,44.410000,43.990002,44.290001,30.449108,108000
2007-10-15,44.959999,45.073334,44.466667,44.773335,30.781391,179400
2007-10-16,44.610001,44.743332,44.360001,44.636665,30.687441,130200
2007-10-17,44.863335,44.930000,44.053333,44.533333,30.616402,534900
2007-10-18,44.529999,44.900002,44.376667,44.900002,30.868473,465900
2007-10-19,44.570000,44.570000,43.093334,43.093334,29.626406,328500
2007-10-22,42.306667,42.656666,41.953335,42.656666,29.326183,307200
2007-10-23,42.933334,43.256668,42.433334,43.256668,29.738682,212700
2007-10-24,43.033333,43.520000,42.666668,43.423332,29.853268,229500
2007-10-25,43.669998,43.983334,43.360001,43.936668,30.206200,173400
2007-10-26,44.326668,44.546665,44.150002,44.546665,30.625551,149400
2007-10-29,44.816666,44.966667,44.666668,44.886665,30.859304,159000
2007-10-30,44.496666,44.496666,43.529999,43.630001,29.995356,229200
2007-10-31,44.063332,44.840000,43.799999,44.773335,30.781391,302400
2007-11-01,44.160000,44.733334,43.566666,43.776669,30.096189,280200
2007-11-02,44.163334,44.533333,43.506668,44.533333,30.616402,219900
2007-11-05,44.333332,44.376667,43.733334,44.166668,30.364319,141300
2007-11-06,44.303333,45.383331,44.303333,45.360001,31.184721,180300
2007-11-07,45.333332,45.509998,44.143333,44.166668,30.364319,276600
2007-11-08,44.496666,45.046665,43.666668,44.453335,30.561398,316800
2007-11-09,44.366669,44.366669,43.416668,43.673332,30.025143,162000
2007-11-12,44.006668,44.006668,41.616669,41.626667,28.618076,295800
2007-11-13,41.586666,42.439999,41.293331,42.433334,29.172651,219900
2007-11-14,43.106667,43.193333,42.299999,42.546665,29.250586,107700
2007-11-15,41.966667,42.273335,40.946667,41.400002,28.462246,168900
2007-11-16,41.273335,42.133331,41.273335,42.013332,28.883913,102300
2007-11-19,41.910000,41.913334,41.046665,41.279999,28.379744,194400
2007-11-20,41.506668,42.473331,41.500000,42.256668,29.051195,234900
2007-11-21,42.106667,42.143333,41.470001,41.473331,28.512659,136500
2007-11-23,41.233334,42.336666,41.233334,42.189999,29.005373,117000
2007-11-26,42.639999,42.673332,41.276669,41.389999,28.455376,207000
2007-11-27,41.450001,41.450001,40.076668,40.860001,28.090986,227700
2007-11-28,40.746666,41.720001,40.746666,41.636665,28.624950,197700
2007-11-29,41.500000,42.209999,41.500000,41.966667,28.851826,208200
2007-11-30,42.523335,42.523335,41.583332,41.963333,28.849535,204300
2007-12-03,42.276669,42.276669,41.779999,42.246666,29.044323,148800
2007-12-04,41.603333,41.980000,41.603333,41.813332,28.746416,108900
2007-12-05,42.266666,42.619999,42.110001,42.493332,29.213900,198300
2007-12-06,42.419998,43.639999,42.419998,43.626667,29.993067,127800
2007-12-07,43.656666,43.706669,43.286667,43.706669,30.048052,91200
2007-12-10,43.553333,44.083332,43.553333,44.016666,30.261185,115200
2007-12-11,44.000000,44.270000,42.750000,42.840000,29.452234,113400
2007-12-12,43.843334,44.130001,43.380001,43.866669,30.158064,104100
2007-12-13,43.753334,43.900002,43.183334,43.853333,30.148907,179400
2007-12-14,43.466667,43.636665,43.186668,43.246666,29.731802,117600
2007-12-17,42.746666,43.060001,41.803333,42.133331,28.966408,97200
2007-12-18,43.209999,43.209999,42.166668,42.750000,29.390362,135000
2007-12-19,43.866669,43.866669,41.500000,43.023335,29.578279,264600
2007-12-20,42.849998,43.500000,42.849998,43.500000,29.905987,125400
2007-12-21,44.333332,44.630001,43.500000,44.603333,30.664518,369000
2007-12-24,45.180000,45.180000,44.630001,44.889999,30.861582,65400
2007-12-26,44.900002,45.513332,44.900002,45.353333,31.180136,140400
2007-12-27,45.326668,45.503334,44.806667,45.226665,31.158096,268500
2007-12-28,45.366669,45.663334,45.133331,45.353333,31.245354,164400
2007-12-31,45.643333,45.643333,44.733334,44.793331,30.859547,114600
2008-01-02,45.520000,45.703335,45.049999,45.490002,31.339500,310800
2008-01-03,45.073334,46.176666,45.046665,45.916668,31.633459,1551900
2008-01-04,45.956669,45.956669,44.513332,44.513332,30.666651,417300
2008-01-07,45.189999,45.189999,43.536667,43.983334,30.301529,490200
2008-01-08,44.650002,44.770000,43.473331,43.533333,29.991508,300000
2008-01-09,43.933334,44.119999,43.183334,43.993332,30.308407,3219300
2008-01-10,43.926666,44.236668,43.150002,43.866669,30.221149,239700
2008-01-11,43.180000,43.943333,43.016666,43.349998,29.865210,314100
2008-01-14,44.290001,44.290001,43.740002,44.160000,30.423231,355500
2008-01-15,44.009998,44.009998,42.433334,42.593334,29.343904,243900
2008-01-16,42.130001,42.276669,40.580002,41.060001,28.287542,514800
2008-01-17,40.826668,41.723331,39.246666,39.373333,27.125540,574500
2008-01-18,39.503334,39.903332,38.333332,39.459999,27.185249,1786800
2008-01-22,37.393333,38.930000,25.650000,38.613335,26.601965,743400
2008-01-23,38.416668,38.536667,36.093334,38.500000,26.523872,412500
2008-01-24,38.590000,40.226665,38.586666,40.000000,27.557266,415500
2008-01-25,40.733334,41.026669,39.419998,39.689999,27.343708,305100
2008-01-28,39.340000,40.450001,39.230000,40.426666,27.851221,365100
2008-01-29,40.146667,40.910000,40.146667,40.683334,28.028048,216300
2008-01-30,40.623333,41.576668,40.443333,40.573334,27.952263,305400
2008-01-31,39.716667,40.893333,39.503334,40.480000,27.887966,513000
2008-02-01,41.000000,41.376667,40.650002,41.200001,28.383987,175800
2008-02-04,41.570000,41.570000,40.816666,41.290001,28.445999,257700
2008-02-05,40.660000,40.660000,39.716667,39.766666,27.396523,251700
2008-02-06,40.130001,40.150002,39.016666,39.026669,26.886721,268500
2008-02-07,38.586666,39.856667,38.586666,39.566666,27.258749,221700
2008-02-08,39.490002,40.523335,39.490002,40.293331,27.759354,179700
2008-02-11,40.556667,41.386665,40.150002,41.279999,28.439108,2391900
2008-02-12,41.793331,41.896667,40.740002,40.996666,28.243912,353100
2008-02-13,40.783333,42.146667,40.783333,42.073334,28.985664,174000
2008-02-14,42.660000,42.660000,41.903332,41.913334,28.875425,247500
2008-02-15,41.900002,41.963333,41.160000,41.753334,28.765207,320100
2008-02-19,42.336666,43.180000,42.126667,42.919998,29.568954,223800
2008-02-20,43.046665,43.666668,42.533333,43.546665,30.000677,156000
2008-02-21,43.990002,43.990002,42.656666,42.720001,29.431173,139800
2008-02-22,43.023335,43.286667,42.080002,43.286667,29.821558,219300
2008-02-25,43.110001,44.383331,43.096668,44.259998,30.492109,319200
2008-02-26,44.369999,45.116669,43.893333,45.043331,31.031778,329100
2008-02-27,44.916668,45.186668,44.680000,44.776669,30.848080,437100
2008-02-28,44.766666,45.853333,44.733334,45.610001,31.422173,301800
2008-02-29,45.520000,45.520000,43.903332,44.223331,30.466856,376500
2008-03-03,44.136665,45.029999,43.936668,44.666668,30.772285,270600
2008-03-04,44.393333,44.680000,43.133331,43.959999,30.285446,367800
2008-03-05,44.566666,45.056667,44.150002,45.056667,31.040970,516600
2008-03-06,45.056667,45.056667,44.040001,44.090000,30.375008,377700
2008-03-07,44.049999,44.049999,42.693333,43.270000,29.810078,294600
2008-03-10,43.283333,43.283333,42.223331,42.459999,29.252043,1151400
2008-03-11,42.959999,44.143333,42.930000,44.143333,30.411758,371700
2008-03-12,44.333332,44.333332,43.506668,43.580002,30.023640,193200
2008-03-13,43.346668,44.540001,42.973331,44.453335,30.625315,456900
2008-03-14,44.666668,44.666668,43.046665,43.866669,30.221149,482400
2008-03-17,43.166668,43.276669,41.536667,42.223331,29.089008,321900
2008-03-18,42.733334,43.493332,42.610001,43.493332,29.963934,298800
2008-03-19,43.393333,43.393333,40.750000,40.869999,28.156654,384900
2008-03-20,40.333332,40.866669,39.419998,40.750000,28.073977,342300
2008-03-24,40.526669,41.790001,40.526669,41.316666,28.464369,261000
2008-03-25,41.266666,42.093334,41.266666,42.040001,28.962690,358800
2008-03-26,42.029999,43.099998,42.029999,42.926666,29.573544,172800
2008-03-27,43.150002,43.299999,42.476665,42.646667,29.380646,192300
2008-03-28,42.553333,42.996666,42.250000,42.509998,29.286495,165300
2008-03-31,42.566666,43.000000,41.980000,42.573334,29.330116,262200
2008-04-01,42.953335,43.126667,42.043331,43.126667,29.711336,341400
2008-04-02,43.240002,44.080002,42.889999,43.816666,30.186707,267000
2008-04-03,43.583332,44.406666,43.490002,44.003334,30.315302,317700
2008-04-04,44.220001,44.953335,44.060001,44.599998,30.726357,453300
2008-04-07,45.006668,45.553333,44.473331,44.696667,30.792955,410400
2008-04-08,44.233334,45.176666,44.233334,44.986668,30.992746,262800
2008-04-09,44.980000,45.613335,44.946667,45.213333,31.148901,378600
2008-04-10,45.166668,45.416668,44.773335,45.336666,31.233875,297300
2008-04-11,45.033333,45.266666,44.506668,44.619999,30.740135,470100
2008-04-14,44.666668,45.470001,44.636665,45.333332,31.231586,333000
2008-04-15,45.683334,45.970001,45.356667,45.863335,31.596716,405300
2008-04-16,46.206669,47.416668,46.093334,47.346668,32.618622,487800
2008-04-17,47.183334,47.626667,46.849998,47.233334,32.540550,608700
2008-04-18,47.226665,48.099998,47.003334,48.096668,33.135338,372600
2008-04-21,48.083332,48.563332,47.863335,48.506668,33.417793,317700
2008-04-22,48.310001,48.866669,48.189999,48.376667,33.328224,480600
2008-04-23,48.336666,48.336666,47.540001,47.713333,32.871223,430200
2008-04-24,47.400002,47.423332,46.169998,46.583332,32.092747,369000
2008-04-25,46.933334,47.410000,46.680000,47.380001,32.641590,482700
2008-04-28,47.616669,47.799999,47.173332,47.256668,32.556625,429900
2008-04-29,46.959999,47.013332,46.070000,46.153332,31.796503,333900
2008-04-30,46.209999,46.943333,46.029999,46.486668,32.026138,546900
2008-05-01,46.080002,46.106667,44.666668,45.716667,31.495674,494700
2008-05-02,45.833332,46.700001,45.833332,46.506668,32.039932,271500
2008-05-05,46.730000,47.480000,46.580002,47.256668,32.556625,275100
2008-05-06,47.353333,48.680000,47.253334,48.483334,33.401726,297600
2008-05-07,48.700001,48.753334,47.926666,48.013332,33.077927,311700
2008-05-08,48.153332,49.113335,48.006668,49.096668,33.824261,442200
2008-05-09,48.983334,49.176666,48.343334,48.896667,33.686466,231000
2008-05-12,48.500000,49.053333,48.273335,48.943333,33.718620,420000
2008-05-13,48.986668,49.583332,48.466667,49.520000,34.115910,300300
2008-05-14,49.573334,49.833332,48.963333,48.963333,33.732399,366900
2008-05-15,49.443333,50.036667,48.889999,49.880001,34.363914,351300
2008-05-16,50.366669,51.313332,50.366669,51.313332,35.351398,409500
2008-05-19,51.583332,52.346668,51.330002,51.790001,35.679775,705000
2008-05-20,51.983334,52.553333,51.730000,52.490002,36.162048,465300
2008-05-21,52.500000,53.209999,51.666668,51.726665,35.636154,582900
2008-05-22,51.826668,52.143333,50.866669,51.186668,35.264118,563400
2008-05-23,51.740002,51.740002,49.943333,50.426666,34.740532,456000
2008-05-27,50.576668,50.576668,49.543331,49.846668,34.340969,634500
2008-05-28,49.643333,50.716667,49.180000,50.683334,34.917377,442500
2008-05-29,50.680000,50.680000,49.433334,49.509998,34.109016,563100
2008-05-30,49.666668,50.276669,49.623333,50.040001,34.474144,381000
2008-06-02,50.026669,50.830002,49.766666,50.250000,34.618828,835500
2008-06-03,50.473331,50.813332,49.400002,49.536667,34.127380,593700
2008-06-04,49.456669,49.720001,48.630001,48.773335,33.601501,783000
2008-06-05,49.273335,50.860001,49.086666,50.860001,35.039078,579000
2008-06-06,51.340000,52.176666,50.473331,50.473331,34.772686,549000
2008-06-09,50.226665,51.799999,50.226665,51.476665,35.463924,686100
2008-06-10,51.373333,51.386665,49.526669,50.119999,34.529270,782700
2008-06-11,49.833332,50.886665,49.833332,50.520000,34.804844,853800
2008-06-12,50.456669,50.456669,49.453335,49.613335,34.180199,570300
2008-06-13,49.516666,50.313332,49.333332,50.009998,34.453491,661200
2008-06-16,50.610001,50.869999,50.356667,50.356667,34.692307,650400
2008-06-17,50.433334,51.436668,50.333332,51.276669,35.326122,636600
2008-06-18,51.033333,51.636665,50.709999,51.509998,35.486874,771300
2008-06-19,51.826668,52.070000,50.316666,50.316666,34.664757,728400
2008-06-20,50.459999,50.913334,49.746666,49.896667,34.375408,541800
2008-06-23,49.853333,51.389999,49.653332,51.389999,35.521454,583800
2008-06-24,51.326668,51.326668,50.320000,50.423332,34.853252,1151100
2008-06-25,50.393333,50.669998,48.953335,50.029999,34.581383,1165500
2008-06-26,50.000000,50.576668,49.153332,49.886665,34.482319,932400
2008-06-27,50.143333,50.736668,50.073334,50.376667,34.821007,1002600
2008-06-30,50.993332,51.426666,50.189999,51.080002,35.307175,952200
2008-07-01,50.836666,51.483334,50.493332,51.386665,35.519138,919800
2008-07-02,51.933334,52.040001,49.366669,49.419998,34.159737,713100
2008-07-03,49.433334,49.696667,48.056667,48.963333,33.844086,966600
2008-07-07,48.236668,49.076668,47.169998,47.799999,33.039986,1002000
2008-07-08,47.160000,47.340000,45.630001,47.060001,32.528484,1632900
2008-07-09,47.146667,48.056667,46.163334,46.169998,31.913303,1386600
2008-07-10,46.086666,47.660000,45.840000,47.660000,32.943214,1296900
2008-07-11,47.666668,48.293331,46.916668,47.696667,32.968548,1610400
2008-07-14,48.076668,48.656666,47.570000,48.273335,33.367161,2064300
2008-07-15,48.000000,48.666668,46.333332,46.373333,32.053848,2032500
2008-07-16,46.000000,46.386665,44.636665,45.549999,31.484747,2804700
2008-07-17,45.193333,46.206669,43.536667,44.523335,30.775106,3411900
2008-07-18,44.536667,45.493332,44.436668,44.950001,31.070028,2580000
2008-07-21,45.230000,46.283333,44.790001,46.223331,31.950172,2349900
2008-07-22,46.066666,46.096668,44.633331,44.913334,31.044680,2916600
2008-07-23,44.626667,44.959999,42.833332,43.073334,29.772840,10076700
2008-07-24,42.529999,43.529999,41.849998,42.610001,29.452589,1288200
2008-07-25,42.619999,43.639999,42.509998,43.040001,29.749807,1118500
2008-07-28,43.049999,43.990002,42.950001,43.009998,29.729071,1001700
2008-07-29,42.900002,43.540001,42.090000,42.509998,29.383465,1030200
2008-07-30,41.880001,44.820000,41.880001,44.740002,30.924871,1404600
2008-07-31,44.419998,45.419998,43.380001,43.380001,29.984818,1126100
2008-08-01,43.169998,44.290001,42.400002,43.250000,29.894960,1528600
2008-08-04,42.900002,43.220001,40.599998,40.900002,28.270620,941400
2008-08-05,40.779999,41.349998,40.240002,40.880001,28.256786,1557400
2008-08-06,40.849998,42.080002,40.849998,42.080002,29.086246,1276000
2008-08-07,42.250000,42.520000,41.380001,41.380001,28.602398,1004900
2008-08-08,41.020000,41.119999,40.150002,40.700001,28.132376,940200
2008-08-11,40.369999,41.000000,39.660000,40.380001,27.911184,1077700
2008-08-12,40.599998,41.000000,40.299999,40.410000,27.931921,1134700
2008-08-13,40.360001,42.160000,40.360001,41.959999,29.003298,1134100
2008-08-14,41.610001,42.049999,40.889999,41.340000,28.574755,1547200
2008-08-15,41.080002,41.090000,40.099998,40.470001,27.973391,1179200
2008-08-18,40.549999,41.209999,40.000000,40.099998,27.717634,1016400
2008-08-19,40.000000,41.400002,40.000000,41.189999,28.471066,1183000
2008-08-20,41.599998,42.700001,41.410000,42.520000,29.390387,1008000
2008-08-21,43.049999,44.070000,42.840000,43.700001,30.206005,931800
2008-08-22,43.570000,43.599998,42.419998,42.849998,29.618465,653200
2008-08-25,42.750000,43.189999,42.020000,42.290001,29.231398,518600
2008-08-26,42.689999,43.270000,42.520000,42.950001,29.687599,398200
2008-08-27,43.490002,43.970001,43.340000,43.680000,30.192184,532700
2008-08-28,44.200001,44.200001,42.639999,43.290001,29.922604,521100
2008-08-29,43.590000,43.660000,42.820000,42.860001,29.625395,404900
2008-09-02,41.700001,41.700001,40.549999,40.570000,28.042519,805100
2008-09-03,40.279999,41.040001,39.470001,40.150002,27.752203,1360900
2008-09-04,39.990002,40.540001,38.570000,39.169998,27.074810,1110900
2008-09-05,39.270000,39.330002,37.990002,39.230000,27.116276,940000
2008-09-08,40.150002,40.150002,38.200001,38.509998,26.618605,1275700
2008-09-09,38.080002,38.369999,35.759998,35.759998,24.717777,6195900
2008-09-10,36.070000,37.480000,35.910000,37.070000,25.623272,1664800
2008-09-11,36.820000,37.790001,36.020000,37.639999,26.017262,1678000
2008-09-12,37.709999,39.130001,37.599998,38.939999,26.915840,1619000
2008-09-15,37.000000,37.970001,36.099998,36.320000,25.104860,2020500
2008-09-16,35.009998,37.660000,34.520000,37.110001,25.650909,1851000
2008-09-17,36.740002,38.060001,35.910000,36.380001,25.146322,2188800
2008-09-18,37.240002,38.060001,35.990002,37.380001,25.837532,2566300
2008-09-19,39.000000,40.279999,37.299999,40.230000,27.807489,697300
2008-09-22,39.250000,41.389999,38.290001,39.799999,27.510273,495800
2008-09-23,39.000000,40.610001,38.660000,38.840000,26.846710,897700
2008-09-24,39.080002,39.520000,38.000000,38.770000,26.798330,1007400
2008-09-25,41.150002,41.150002,38.750000,39.270000,27.143936,635300
2008-09-26,38.299999,39.240002,37.490002,38.369999,26.521843,1034000
2008-09-29,37.310001,37.310001,33.570000,34.750000,24.019648,1715800
2008-09-30,34.599998,36.189999,34.520000,35.970001,24.862932,1496400
2008-10-01,35.549999,36.750000,34.020000,35.119999,24.275400,642600
2008-10-02,35.279999,35.279999,31.930000,32.080002,22.174114,1243800
2008-10-03,32.029999,34.130001,31.680000,31.820000,21.994390,1522100
2008-10-06,29.990000,30.580000,27.780001,30.190001,20.867718,1288000
2008-10-07,29.770000,31.270000,28.120001,28.150000,19.457649,2050000
2008-10-08,27.290001,29.809999,26.780001,28.340000,19.588976,1263200
2008-10-09,28.709999,29.670000,25.830000,25.980000,17.957714,1971400
2008-10-10,24.690001,25.490000,21.790001,23.790001,16.443956,2350600
2008-10-13,25.010000,27.799999,24.570000,27.709999,19.153511,744200
2008-10-14,30.389999,30.750000,26.510000,27.620001,19.091311,1722900
2008-10-15,26.440001,26.780001,23.170000,23.180000,16.022314,1044900
2008-10-16,22.900000,24.620001,21.850000,24.299999,16.796471,2087200
2008-10-17,23.400000,26.450001,23.320000,24.639999,17.031487,1268100
2008-10-20,25.200001,27.490000,24.860001,27.490000,19.001446,1058900
2008-10-21,27.000000,27.440001,25.740000,25.940001,17.930065,673400
2008-10-22,25.010000,25.010000,22.580000,23.270000,16.084524,1113700
2008-10-23,23.379999,24.650000,22.200001,24.110001,16.665152,2030500
2008-10-24,20.900000,23.670000,20.280001,23.190001,16.029226,1696700
2008-10-27,22.500000,23.620001,21.530001,21.549999,14.895634,1001900
2008-10-28,22.299999,24.100000,21.260000,24.049999,16.623672,1106900
2008-10-29,24.410000,26.480000,24.410000,25.040001,17.307976,1367100
2008-10-30,25.690001,26.709999,25.000000,26.680000,18.441561,1065100
2008-10-31,26.680000,27.680000,25.719999,26.799999,18.524508,668500
2008-11-03,26.420000,26.959999,25.780001,26.040001,17.999193,375400
2008-11-04,27.000000,28.240000,27.000000,28.240000,19.519850,655000
2008-11-05,27.280001,28.360001,26.840000,26.860001,18.565977,1347600
2008-11-06,26.610001,26.850000,24.820000,25.090000,17.342535,1014600
2008-11-07,25.299999,26.240000,25.129999,26.129999,18.061394,552700
2008-11-10,26.900000,27.270000,25.750000,26.290001,18.171999,754300
2008-11-11,25.799999,25.850000,24.780001,25.209999,17.425478,638400
2008-11-12,24.410000,24.730000,23.040001,23.129999,15.987755,662500
2008-11-13,23.219999,25.809999,22.129999,25.750000,17.798733,1494700
2008-11-14,25.430000,25.959999,24.260000,24.500000,16.934719,1095600
2008-11-17,24.049999,25.030001,23.860001,23.860001,16.492344,830600
2008-11-18,23.809999,24.719999,23.389999,24.719999,17.086779,697500
2008-11-19,24.160000,24.860001,22.930000,23.000000,15.897903,1073100
2008-11-20,22.500000,22.500000,20.020000,20.120001,13.907207,1563300
2008-11-21,20.530001,22.750000,20.520000,22.690001,15.683625,1455700
2008-11-24,23.280001,25.040001,22.879999,24.330000,16.817213,1188800
2008-11-25,24.750000,24.980000,23.889999,24.830000,17.162821,1157600
2008-11-26,24.500000,26.450001,24.330000,26.450001,18.282581,867200
2008-11-28,26.059999,26.209999,25.500000,26.139999,18.068302,561100
2008-12-01,25.120001,25.120001,23.250000,23.370001,16.153645,1351100
2008-12-02,23.879999,24.209999,23.240000,24.049999,16.623672,977600
2008-12-03,23.299999,24.030001,22.900000,23.950001,16.554543,1369300
2008-12-04,23.469999,23.920000,21.799999,22.250000,15.379487,1073600
2008-12-05,21.709999,22.639999,20.700001,22.490000,15.545381,1242300
2008-12-08,23.900000,24.340000,23.440001,23.980000,16.575281,2328700
2008-12-09,23.809999,24.799999,23.549999,24.090000,16.651321,1039200
2008-12-10,24.450001,25.770000,24.450001,25.490000,17.619026,1292100
2008-12-11,25.690001,26.620001,25.030001,25.410000,17.563723,1291500
2008-12-12,24.260000,25.430000,24.120001,25.180000,17.404743,1139400
2008-12-15,25.620001,26.090000,24.730000,25.270000,17.466951,1145600
2008-12-16,25.590000,26.379999,25.340000,26.250000,18.144348,1118900
2008-12-17,26.010000,26.860001,25.969999,26.070000,18.019924,1089000
2008-12-18,26.090000,26.090000,24.209999,24.430000,16.886333,1541600
2008-12-19,24.650000,25.139999,24.379999,24.610001,17.010748,1019900
2008-12-22,24.490000,24.700001,23.070000,23.480000,16.349926,804100
2008-12-23,23.410000,23.940001,23.120001,23.450001,16.329042,661300
2008-12-24,23.340000,23.510000,23.110001,23.430000,16.315117,169200
2008-12-26,23.639999,24.010000,23.320000,23.959999,16.684174,184400
2008-12-29,24.209999,24.580000,24.040001,24.570000,17.108934,281300
2008-12-30,24.590000,25.020000,24.139999,24.959999,17.380510,459400
2008-12-31,24.780001,25.620001,24.690001,25.320000,17.631187,336700
2009-01-02,25.530001,26.830000,25.500000,26.570000,18.501604,632300
2009-01-05,26.500000,27.709999,26.400000,27.129999,18.891552,1978100
2009-01-06,27.639999,28.209999,27.410000,27.719999,19.302387,960300
2009-01-07,27.260000,27.260000,26.000000,26.260000,18.285736,568900
2009-01-08,25.969999,26.780001,25.950001,26.780001,18.647839,533700
2009-01-09,26.639999,26.700001,25.680000,25.770000,17.944536,179300
2009-01-12,25.340000,25.420000,24.420000,24.629999,17.150719,330700
2009-01-13,24.580000,25.250000,24.459999,25.150000,17.512810,373600
2009-01-14,24.520000,24.670000,23.629999,23.930000,16.663284,843000
2009-01-15,23.809999,24.240000,22.870001,24.170000,16.830397,550200
2009-01-16,24.840000,24.930000,23.790001,24.469999,17.039305,328300
2009-01-20,24.090000,24.500000,22.990000,23.040001,16.043545,392200
2009-01-21,23.299999,24.559999,23.070000,24.490000,17.053232,260300
2009-01-22,23.799999,24.340000,23.330000,23.730000,16.524017,356400
2009-01-23,23.139999,25.150000,23.139999,24.799999,17.269091,745800
2009-01-26,25.080000,25.990000,24.780001,25.180000,17.533701,634600
2009-01-27,25.190001,25.360001,24.700001,25.090000,17.471031,343300
2009-01-28,25.370001,26.030001,25.209999,25.799999,17.965425,370600
2009-01-29,25.309999,25.500000,24.950001,25.090000,17.471031,346200
2009-01-30,25.360001,25.540001,24.410000,24.600000,17.129820,399800
2009-02-02,24.110001,24.389999,23.830000,24.120001,16.795582,295300
2009-02-03,24.299999,24.580000,24.000000,24.500000,17.060196,325000
2009-02-04,24.820000,25.200001,24.590000,24.790001,17.262129,488100
2009-02-05,24.610001,25.540001,24.459999,25.450001,17.721710,428900
2009-02-06,25.110001,26.170000,25.020000,25.959999,18.076838,366900
2009-02-09,26.080000,26.690001,25.889999,26.120001,18.188257,432600
2009-02-10,26.209999,26.559999,24.650000,24.950001,17.373537,579300
2009-02-11,25.129999,25.389999,24.340000,24.820000,17.283018,517100
2009-02-12,24.389999,24.910000,24.070000,24.910000,17.345692,528300
2009-02-13,24.790001,25.230000,24.709999,24.770000,17.248203,572300
2009-02-17,24.010000,24.250000,23.280001,23.340000,16.252447,561900
2009-02-18,23.250000,23.469999,22.760000,23.150000,16.120136,547500
2009-02-19,23.510000,23.559999,22.900000,23.020000,16.029619,502400
2009-02-20,22.629999,22.860001,22.120001,22.540001,15.695378,674100
2009-02-23,22.780001,22.910000,21.420000,21.420000,14.915477,730200
2009-02-24,21.549999,22.299999,21.420000,22.190001,15.451663,327700
2009-02-25,22.090000,22.660000,21.770000,22.120001,15.402918,245400
2009-02-26,22.500000,23.030001,22.299999,22.299999,15.528255,300900
2009-02-27,21.780001,22.650000,21.670000,21.990000,15.312393,288100
2009-03-02,21.309999,21.520000,20.170000,20.200001,14.065955,475700
2009-03-03,20.510000,21.010000,20.110001,20.500000,14.274854,541500
2009-03-04,21.010000,21.780001,21.010000,21.450001,14.936366,318500
2009-03-05,20.850000,21.320000,20.559999,20.780001,14.469831,317500
2009-03-06,20.980000,21.540001,20.170000,20.870001,14.532497,1641600
2009-03-09,20.480000,21.430000,20.480000,20.879999,14.539463,1759600
2009-03-10,21.139999,21.860001,21.120001,21.639999,15.068675,498000
2009-03-11,21.900000,22.090000,21.360001,21.770000,15.159200,372400
2009-03-12,21.860001,22.580000,21.639999,22.459999,15.639669,746500
2009-03-13,22.870001,22.870001,22.120001,22.360001,15.570037,364300
2009-03-16,22.549999,23.150000,22.270000,22.629999,15.758049,276100
2009-03-17,22.500000,23.330000,22.330000,23.330000,16.245480,313200
2009-03-18,23.150000,23.950001,22.370001,23.780001,16.558836,477300
2009-03-19,24.330000,25.150000,24.330000,24.709999,17.206421,512300
2009-03-20,24.889999,24.900000,23.760000,23.809999,16.579716,306000
2009-03-23,24.780001,25.580000,24.330000,25.520000,17.770451,361100
2009-03-24,25.379999,25.379999,24.760000,24.940001,17.366579,289700
2009-03-25,25.190001,25.469999,24.379999,25.129999,17.498884,288700
2009-03-26,25.350000,25.750000,25.070000,25.420000,17.700821,591900
2009-03-27,24.940001,24.990000,24.440001,24.620001,17.143757,316100
2009-03-30,24.270000,24.270000,23.219999,23.610001,16.440456,1870800
2009-03-31,24.010000,24.100000,23.530001,23.620001,16.447418,296900
2009-04-01,23.490000,24.290001,23.100000,24.200001,16.851292,254700
2009-04-02,24.830000,25.450001,24.830000,25.020000,17.422287,382100
2009-04-03,25.059999,25.580000,24.840000,25.400000,17.686897,360500
2009-04-06,25.139999,25.139999,24.389999,24.820000,17.283018,280100
2009-04-07,24.370001,24.420000,24.010000,24.120001,16.795582,145200
2009-04-08,24.090000,24.639999,23.650000,24.459999,17.032339,198500
2009-04-09,25.410000,25.410000,24.940001,25.270000,17.596363,278200
2009-04-13,25.219999,25.459999,24.600000,25.280001,17.603331,339800
2009-04-14,25.059999,25.559999,24.870001,24.990000,17.401396,283300
2009-04-15,24.969999,25.180000,24.750000,25.170000,17.526735,231300
2009-04-16,25.240000,25.400000,24.770000,25.240000,17.575480,404700
2009-04-17,25.389999,25.620001,25.100000,25.459999,17.728666,235100
2009-04-20,25.080000,25.080000,24.110001,24.200001,16.851292,270600
2009-04-21,24.270000,24.719999,23.850000,24.700001,17.199457,327300
2009-04-22,24.600000,25.180000,24.430000,24.559999,17.101971,388300
2009-04-23,24.820000,25.200001,24.709999,25.170000,17.526735,381500
2009-04-24,25.530001,26.180000,25.209999,25.990000,18.097727,314500
2009-04-27,25.370001,25.719999,25.219999,25.469999,17.735640,390100
2009-04-28,24.910000,25.559999,24.910000,25.260000,17.589407,293900
2009-04-29,25.549999,26.309999,25.549999,26.010000,18.111658,288800
2009-04-30,26.219999,26.379999,25.459999,25.700001,17.895802,297200
2009-05-01,25.799999,26.790001,25.740000,26.610001,18.529457,230400
2009-05-04,27.200001,28.020000,26.860001,27.980000,19.483429,432400
2009-05-05,27.730000,28.200001,27.250000,27.650000,19.253643,276300
2009-05-06,27.980000,28.980000,27.900000,28.770000,20.033541,575200
2009-05-07,29.780001,29.780001,27.889999,28.270000,19.685375,438800
2009-05-08,29.270000,29.860001,28.820000,29.690001,20.674170,535300
2009-05-11,29.700001,29.700001,28.450001,28.910000,20.131025,377300
2009-05-12,29.129999,29.600000,28.280001,28.920000,20.137991,300300
2009-05-13,28.420000,28.540001,27.500000,27.760000,19.330238,485500
2009-05-14,27.590000,28.170000,27.170000,27.959999,19.469505,562400
2009-05-15,27.900000,28.110001,27.030001,27.379999,19.065636,365000
2009-05-18,27.620001,28.370001,27.620001,28.280001,19.692341,503300
2009-05-19,28.350000,28.920000,28.190001,28.600000,19.915163,301300
2009-05-20,29.000000,29.799999,28.980000,29.080000,20.249399,602900
2009-05-21,28.440001,28.790001,27.780001,28.260000,19.678408,474400
2009-05-22,28.459999,28.790001,28.309999,28.450001,19.810715,283800
2009-05-26,28.230000,29.170000,27.690001,29.139999,20.291178,787500
2009-05-27,29.129999,29.490000,28.690001,28.780001,20.040503,379500
2009-05-28,29.020000,30.000000,28.799999,29.830000,20.771658,386100
2009-05-29,30.379999,30.629999,30.000000,30.520000,21.252121,352900
2009-06-01,31.270000,31.629999,31.090000,31.490000,21.927570,530800
2009-06-02,31.350000,31.540001,31.070000,31.379999,21.850969,466200
2009-06-03,31.020000,31.020000,29.320000,29.870001,20.799505,461400
2009-06-04,30.139999,30.750000,29.969999,30.559999,21.279978,326000
2009-06-05,30.820000,30.950001,29.870001,30.270000,21.078047,325600
2009-06-08,29.920000,30.299999,29.480000,30.250000,21.064116,351900
2009-06-09,30.620001,30.719999,30.090000,30.530001,21.259089,349100
2009-06-10,31.010000,31.010000,30.170000,30.559999,21.279978,313200
2009-06-11,30.650000,31.719999,30.650000,31.299999,21.795265,356700
2009-06-12,30.840000,30.840000,30.450001,30.770000,21.426210,247500
2009-06-15,30.230000,30.240000,29.400000,29.750000,20.715946,277900
2009-06-16,30.139999,30.250000,29.000000,29.150000,20.298151,273900
2009-06-17,28.910000,29.059999,28.090000,28.459999,19.817671,759400
2009-06-18,28.480000,28.910000,28.209999,28.420000,19.789824,354700
2009-06-19,28.780001,28.780001,28.070000,28.240000,19.664474,211800
2009-06-22,27.820000,27.860001,26.440001,26.490000,18.560255,582800
2009-06-23,26.690001,26.990000,26.270000,26.809999,18.784462,452900
2009-06-24,27.170000,27.610001,26.959999,27.110001,18.994663,925300
2009-06-25,27.000000,27.940001,27.000000,27.920000,19.562185,276500
2009-06-26,27.910000,28.590000,27.590000,28.590000,20.031616,401000
2009-06-29,27.910000,28.139999,27.750000,27.889999,19.541168,521100
2009-06-30,28.020000,28.240000,27.290001,27.709999,19.415043,278200
2009-07-01,27.959999,28.410000,27.760000,27.760000,19.450085,129500
2009-07-02,27.330000,27.330000,26.799999,26.809999,18.784462,248000
2009-07-06,26.309999,26.309999,25.620001,26.190001,18.350065,492200
2009-07-07,26.129999,26.219999,25.400000,25.590000,17.929670,850200
2009-07-08,25.570000,25.940001,24.959999,25.430000,17.817566,510300
2009-07-09,25.820000,26.260000,25.600000,25.840000,18.104832,288000
2009-07-10,25.459999,25.809999,25.280001,25.680000,17.992729,221200
2009-07-13,25.889999,26.200001,25.150000,26.190001,18.350065,300400
2009-07-14,26.459999,26.700001,26.260000,26.670000,18.686373,159600
2009-07-15,27.230000,27.809999,27.200001,27.730000,19.429058,347100
2009-07-16,27.480000,28.200001,27.379999,28.049999,19.653269,206200
2009-07-17,28.000000,28.490000,27.860001,28.330000,19.849459,188500
2009-07-20,28.660000,29.100000,28.480000,28.980000,20.304878,279000
2009-07-21,29.430000,29.459999,28.590000,29.150000,20.423988,356300
2009-07-22,28.750000,29.270000,28.600000,28.950001,20.283865,247600
2009-07-23,28.900000,29.889999,28.900000,29.790001,20.872408,271700
2009-07-24,29.740000,30.049999,29.580000,30.030001,21.040565,205000
2009-07-27,30.010000,30.330000,29.790001,30.030001,21.040565,304500
2009-07-28,29.750000,29.850000,28.900000,29.490000,20.662212,257700
2009-07-29,29.129999,29.129999,28.420000,28.719999,20.122711,279100
2009-07-30,29.160000,29.590000,28.959999,29.309999,20.536093,332300
2009-07-31,29.240000,29.930000,29.030001,29.730000,20.830368,433000
2009-08-03,30.230000,30.940001,30.230000,30.860001,21.622093,953700
2009-08-04,30.639999,30.900000,30.320000,30.660000,21.481974,287700
2009-08-05,30.750000,30.750000,30.170000,30.389999,21.292797,525100
2009-08-06,30.559999,30.629999,29.860001,30.040001,21.047567,311500
2009-08-07,30.459999,30.500000,29.910000,30.070000,21.068583,362600
2009-08-10,29.900000,30.190001,29.799999,29.969999,20.998524,364400
2009-08-11,29.790001,29.809999,29.379999,29.450001,20.634184,220100
2009-08-12,29.309999,30.100000,29.280001,29.850000,20.914444,305200
2009-08-13,30.200001,30.459999,29.850000,30.400000,21.299801,249200
2009-08-14,30.389999,30.420000,29.540001,29.809999,20.886419,136100
2009-08-17,29.030001,29.100000,28.549999,28.770000,20.157738,247700
2009-08-18,28.799999,29.270000,28.799999,29.209999,20.466028,241900
2009-08-19,28.750000,29.870001,28.670000,29.629999,20.760298,267700
2009-08-20,29.660000,29.950001,29.629999,29.879999,20.935463,135500
2009-08-21,30.200001,30.809999,30.200001,30.809999,21.587065,391100
2009-08-24,31.030001,31.250000,30.780001,30.910000,21.657135,271700
2009-08-25,31.070000,31.270000,30.400000,30.530001,21.390882,186900
2009-08-26,30.299999,30.610001,30.070000,30.430000,21.320826,711100
2009-08-27,30.330000,30.590000,29.700001,30.500000,21.369865,166800
2009-08-28,30.790001,30.930000,30.379999,30.620001,21.453941,181300
2009-08-31,30.059999,30.150000,29.740000,29.940001,20.977503,168200
2009-09-01,29.820000,30.250000,29.270000,29.309999,20.536093,862100
2009-09-02,29.250000,29.620001,29.180000,29.469999,20.648197,267200
2009-09-03,29.820000,29.910000,29.500000,29.860001,20.921452,338700
2009-09-04,29.820000,30.440001,29.780001,30.400000,21.299801,105100
2009-09-08,30.920000,31.420000,30.920000,31.150000,21.825294,598200
2009-09-09,31.290001,31.490000,30.940001,31.110001,21.797266,359000
2009-09-10,31.209999,31.889999,31.080000,31.799999,22.280714,783800
2009-09-11,32.060001,32.549999,31.860001,32.160000,22.532948,639000
2009-09-14,31.830000,32.349998,31.639999,32.330002,22.652060,327500
2009-09-15,32.490002,32.980000,32.299999,32.900002,23.051426,238700
2009-09-16,33.119999,33.700001,33.099998,33.669998,23.590935,451600
2009-09-17,33.650002,33.900002,33.139999,33.360001,23.373734,192000
2009-09-18,33.630001,33.630001,32.880001,33.160000,23.233604,264100
2009-09-21,32.480000,32.910000,32.279999,32.830002,23.002388,231700
2009-09-22,33.389999,33.599998,33.200001,33.459999,23.443790,250000
2009-09-23,33.520000,33.540001,32.709999,32.730000,22.932320,300300
2009-09-24,32.849998,32.849998,31.760000,31.969999,22.399824,557300
2009-09-25,31.820000,32.299999,31.650000,31.850000,22.315748,157100
2009-09-28,31.920000,32.570000,31.850000,32.380001,22.687092,632400
2009-09-29,32.439999,32.650002,32.250000,32.470001,22.750156,173300
2009-09-30,32.630001,32.770000,31.900000,32.380001,22.687092,204400
2009-10-01,32.349998,32.410000,31.230000,31.230000,21.881338,211400
2009-10-02,30.809999,31.379999,30.600000,31.070000,21.769239,242800
2009-10-05,31.150000,32.020000,31.080000,31.910000,22.357792,189500
2009-10-06,32.450001,33.049999,32.419998,32.840000,23.009384,168400
2009-10-07,32.810001,33.070000,32.630001,33.070000,23.170540,160500
2009-10-08,33.349998,34.130001,33.250000,33.970001,23.801126,288400
2009-10-09,33.840000,34.150002,33.689999,34.009998,23.829153,118800
2009-10-12,34.320000,34.740002,34.250000,34.389999,24.095400,202500
2009-10-13,34.340000,34.580002,33.869999,34.480000,24.158464,188100
2009-10-14,34.970001,35.110001,34.799999,35.049999,24.557831,235900
2009-10-15,34.810001,35.529999,34.730000,35.500000,24.873127,355200
2009-10-16,35.180000,35.520000,35.060001,35.380001,24.789047,196100
2009-10-19,35.480000,35.939999,35.220001,35.830002,25.104345,194300
2009-10-20,35.910000,35.910000,34.959999,35.419998,24.817078,355900
2009-10-21,35.150002,36.180000,35.130001,35.310001,24.740000,549000
2009-10-22,35.240002,35.480000,34.610001,35.380001,24.789047,272300
2009-10-23,35.590000,35.660000,34.380001,34.639999,24.270563,268300
2009-10-26,34.700001,35.369999,33.740002,33.820000,23.696030,311100
2009-10-27,33.810001,34.250000,33.549999,33.820000,23.696030,368000
2009-10-28,33.639999,33.639999,32.410000,32.490002,22.764168,448400
2009-10-29,32.799999,33.709999,32.759998,33.660000,23.583929,279200
2009-10-30,33.450001,33.480000,31.969999,32.230000,22.581991,557200
2009-11-02,32.500000,33.119999,31.900000,32.509998,22.778179,820000
2009-11-03,32.150002,33.310001,31.860001,33.189999,23.254622,350600
2009-11-04,33.509998,33.869999,33.200001,33.250000,23.296661,505800
2009-11-05,33.500000,33.810001,33.200001,33.770000,23.661001,604200
2009-11-06,33.410000,34.139999,33.380001,33.740002,23.639978,325600
2009-11-09,34.250000,34.790001,34.250000,34.750000,24.347630,346900
2009-11-10,34.660000,34.910000,34.250000,34.730000,24.333618,1340200
2009-11-11,35.209999,35.270000,34.590000,34.730000,24.333618,307900
2009-11-12,34.580002,34.700001,33.740002,33.930000,23.773102,834000
2009-11-13,33.919998,34.450001,33.709999,34.209999,23.969275,465900
2009-11-16,34.610001,35.320000,34.610001,35.070000,24.571846,477900
2009-11-17,34.970001,35.099998,34.669998,35.060001,24.564838,613100
2009-11-18,35.270000,35.279999,34.650002,34.869999,24.431709,322500
2009-11-19,34.540001,34.630001,33.840000,34.160000,23.934254,406100
2009-11-20,33.900002,34.000000,33.580002,33.799999,23.682018,760700
2009-11-23,34.520000,34.930000,34.200001,34.320000,24.046347,433300
2009-11-24,34.270000,34.430000,33.849998,34.369999,24.081392,260500
2009-11-25,34.580002,34.930000,34.279999,34.900002,24.452738,198800
2009-11-27,33.529999,34.490002,33.360001,34.490002,24.165470,571400
2009-11-30,33.990002,34.270000,33.700001,34.009998,23.829153,751300
2009-12-01,34.459999,34.930000,34.400002,34.619999,24.256552,378600
2009-12-02,34.700001,34.980000,34.459999,34.630001,24.263557,450000
2009-12-03,34.669998,34.689999,33.570000,33.570000,23.520870,246600
2009-12-04,34.349998,34.619999,33.240002,33.560001,23.513857,487800
2009-12-07,33.349998,33.810001,33.189999,33.410000,23.408758,246300
2009-12-08,33.130001,33.169998,32.549999,32.619999,22.855247,412600
2009-12-09,32.639999,33.110001,32.459999,32.919998,23.065437,417100
2009-12-10,33.099998,33.410000,32.939999,33.330002,23.352709,233500
2009-12-11,33.540001,33.540001,33.070000,33.259998,23.303659,219600
2009-12-14,33.730000,33.910000,33.619999,33.840000,23.710039,248900
2009-12-15,33.779999,34.099998,33.689999,33.889999,23.745071,289600
2009-12-16,34.090000,34.509998,34.020000,34.259998,24.004311,266200
2009-12-17,34.099998,34.189999,33.630001,33.669998,23.590935,633000
2009-12-18,33.849998,34.060001,33.580002,33.830002,23.703047,242600
2009-12-21,34.000000,34.169998,33.840000,34.029999,23.975683,1284800
2009-12-22,34.040001,34.330002,34.000000,34.230000,24.116606,362400
2009-12-23,34.279999,34.799999,34.279999,34.709999,24.454784,155700
2009-12-24,34.880001,34.950001,34.779999,34.849998,24.553417,118200
2009-12-28,35.029999,35.150002,34.730000,34.869999,24.567511,344600
2009-12-29,35.000000,35.070000,34.639999,34.660000,24.419563,212800
2009-12-30,34.500000,34.610001,34.369999,34.500000,24.306829,171100
2009-12-31,34.650002,34.790001,34.310001,34.310001,24.172977,260600
2010-01-04,34.950001,35.490002,34.939999,35.450001,24.976154,342100
2010-01-05,35.400002,35.810001,35.400002,35.810001,25.229795,304000
2010-01-06,35.820000,36.369999,35.759998,36.270000,25.553873,534600
2010-01-07,36.160000,36.160000,35.730000,36.080002,25.420021,237600
2010-01-08,35.990002,36.439999,35.840000,36.400002,25.645466,247800
2010-01-11,36.759998,36.860001,36.049999,36.320000,25.589109,286300
2010-01-12,35.860001,35.880001,35.380001,35.500000,25.011379,395300
2010-01-13,35.630001,35.939999,35.110001,35.939999,25.321377,307400
2010-01-14,35.840000,35.980000,35.650002,35.860001,25.265018,122600
2010-01-15,35.810001,35.849998,35.250000,35.389999,24.933868,224600
2010-01-19,35.389999,35.910000,35.320000,35.889999,25.286154,510500
2010-01-20,35.430000,35.430000,34.709999,34.950001,24.623877,411100
2010-01-21,35.040001,35.130001,34.070000,34.090000,24.017965,520800
2010-01-22,33.980000,34.290001,33.240002,33.349998,23.496601,766600
2010-01-25,33.630001,33.939999,33.509998,33.610001,23.679794,408200
2010-01-26,33.349998,33.840000,33.070000,33.200001,23.390930,483100
2010-01-27,33.290001,33.480000,32.570000,33.070000,23.299332,490200
2010-01-28,33.299999,33.490002,32.320000,32.720001,23.052742,443100
2010-01-29,32.889999,33.290001,31.930000,32.009998,22.552513,715400
2010-02-01,32.360001,33.290001,32.360001,33.290001,23.454330,846400
2010-02-02,33.439999,33.680000,33.060001,33.619999,23.686829,219900
2010-02-03,33.470001,33.770000,33.180000,33.220001,23.405018,242600
2010-02-04,33.000000,33.200001,31.790001,31.799999,22.404560,480900
2010-02-05,31.750000,32.080002,30.969999,32.080002,22.601830,809900
2010-02-08,32.119999,32.430000,31.590000,31.590000,22.256596,319000
2010-02-09,32.000000,32.779999,32.000000,32.400002,22.827290,554200
2010-02-10,32.369999,32.450001,31.709999,32.230000,22.707510,175700
2010-02-11,32.240002,32.990002,32.160000,32.959999,23.221828,316300
2010-02-12,32.540001,32.930000,32.279999,32.919998,23.193647,290900
2010-02-16,33.490002,33.980000,33.400002,33.869999,23.862965,953300
2010-02-17,33.939999,33.990002,33.540001,33.720001,23.757290,229600
2010-02-18,33.720001,34.090000,33.650002,34.090000,24.017965,555100
2010-02-19,33.900002,34.250000,33.740002,34.169998,24.074324,261800
2010-02-22,34.220001,34.259998,33.540001,33.580002,23.658649,402200
2010-02-23,33.480000,33.549999,32.779999,32.880001,23.165462,698300
2010-02-24,32.950001,33.250000,32.840000,33.070000,23.299332,371800
2010-02-25,32.509998,33.240002,32.279999,33.160000,23.362741,278400
2010-02-26,33.270000,33.410000,32.980000,33.410000,23.538876,252400
2010-03-01,33.560001,33.880001,33.470001,33.840000,23.841833,438000
2010-03-02,34.040001,34.410000,33.919998,34.230000,24.116606,444400
2010-03-03,34.400002,34.630001,34.270000,34.389999,24.229334,386500
2010-03-04,34.380001,34.480000,33.970001,34.029999,23.975683,324300
2010-03-05,34.419998,34.799999,34.419998,34.790001,24.511150,473300
2010-03-08,34.849998,34.970001,34.520000,34.630001,24.398424,142900
2010-03-09,34.400002,34.820000,34.400002,34.630001,24.398424,137200
2010-03-10,34.630001,34.970001,34.470001,34.799999,24.518196,233100
2010-03-11,34.689999,34.830002,34.529999,34.799999,24.518196,194300
2010-03-12,35.000000,35.070000,34.700001,34.900002,24.588650,438300
2010-03-15,34.860001,35.029999,34.130001,34.360001,24.208193,516800
2010-03-16,34.540001,34.950001,34.529999,34.950001,24.623877,564000
2010-03-17,35.049999,35.500000,35.009998,35.290001,24.863424,356300
2010-03-18,35.209999,35.389999,34.590000,34.689999,24.440691,467800
2010-03-19,34.209999,34.840000,33.980000,34.209999,24.102501,250500
2010-03-22,33.759998,34.259998,33.639999,34.200001,24.095461,155200
2010-03-23,34.270000,34.419998,34.040001,34.419998,24.250467,135700
2010-03-24,34.049999,34.320000,33.970001,34.009998,23.961601,386900
2010-03-25,34.310001,34.360001,33.360001,33.389999,23.524786,752000
2010-03-26,33.549999,33.680000,33.200001,33.419998,23.545927,780800
2010-03-29,33.669998,34.200001,33.669998,34.150002,24.060238,960100
2010-03-30,34.189999,34.340000,34.040001,34.240002,24.123652,243500
2010-03-31,34.380001,34.590000,34.290001,34.450001,24.271605,351400
2010-04-01,34.830002,35.330002,34.810001,35.250000,24.835239,570400
2010-04-05,35.459999,35.970001,35.389999,35.950001,25.328424,814200
2010-04-06,35.849998,36.080002,35.770000,35.930000,25.314329,354800
2010-04-07,35.900002,35.980000,35.509998,35.689999,25.145241,294600
2010-04-08,35.459999,35.950001,35.220001,35.919998,25.307283,399900
2010-04-09,36.049999,36.259998,36.009998,36.200001,25.504564,260900
2010-04-12,36.209999,36.500000,36.119999,36.189999,25.497515,435100
2010-04-13,36.139999,36.139999,35.639999,36.029999,25.384789,203300
2010-04-14,36.250000,36.480000,36.000000,36.430000,25.666609,302600
2010-04-15,36.410000,36.590000,36.290001,36.380001,25.631378,246600
2010-04-16,36.189999,36.270000,35.400002,35.619999,25.095919,601900
2010-04-19,35.270000,35.619999,35.070000,35.549999,25.046600,258000
2010-04-20,35.910000,36.430000,35.910000,36.310001,25.582066,334600
2010-04-21,36.310001,36.459999,35.939999,36.240002,25.532747,291000
2010-04-22,35.950001,36.430000,35.630001,36.369999,25.624334,370800
2010-04-23,36.430000,37.230000,36.360001,37.180000,26.195009,481700
2010-04-26,37.270000,37.360001,37.029999,37.099998,26.138643,233900
2010-04-27,36.930000,37.060001,35.930000,36.009998,25.370686,632800
2010-04-28,36.240002,36.549999,35.950001,36.439999,25.673643,389900
2010-04-29,36.680000,36.990002,36.400002,36.650002,25.821606,472300
2010-04-30,36.709999,36.770000,36.160000,36.259998,25.546825,299400
2010-05-03,36.439999,36.759998,35.990002,36.520000,25.730019,213500
2010-05-04,36.099998,36.110001,35.209999,35.549999,25.046600,942100
2010-05-05,34.919998,35.459999,34.470001,34.840000,24.546387,663000
2010-05-06,34.639999,35.599998,26.309999,33.660000,23.715015,1228400
2010-05-07,33.520000,34.160000,32.680000,33.180000,23.376833,814300
2010-05-10,34.500000,34.840000,34.290001,34.740002,24.475925,1910300
2010-05-11,34.340000,35.250000,34.340000,34.750000,24.482962,562800
2010-05-12,34.919998,35.380001,34.889999,35.299999,24.870478,618600
2010-05-13,35.240002,35.470001,34.840000,34.930000,24.609785,247700
2010-05-14,34.700001,34.770000,33.779999,34.299999,24.165915,391700
2010-05-17,34.369999,34.490002,33.150002,33.860001,23.855921,437100
2010-05-18,34.230000,34.580002,33.470001,33.560001,23.644556,468000
2010-05-19,33.529999,33.610001,32.380001,33.020000,23.264109,776500
2010-05-20,32.200001,32.230000,31.430000,31.510000,22.200230,841900
2010-05-21,30.920000,32.240002,30.500000,32.119999,22.630007,760100
2010-05-24,32.250000,32.250000,31.459999,31.469999,22.172058,351800
2010-05-25,30.590000,31.730000,30.469999,31.730000,22.355240,627300
2010-05-26,32.049999,32.470001,31.600000,31.680000,22.320015,346500
2010-05-27,32.500000,33.160000,32.470001,33.119999,23.334558,317600
2010-05-28,33.169998,33.189999,32.430000,32.599998,22.968187,390200
2010-06-01,32.259998,32.650002,31.309999,31.320000,22.066374,641300
2010-06-02,31.520000,32.790001,31.520000,32.790001,23.102062,312700
2010-06-03,32.950001,33.040001,32.209999,32.980000,23.235924,415800
2010-06-04,32.400002,32.919998,31.590000,31.760000,22.376373,379100
2010-06-07,32.070000,32.310001,31.480000,31.480000,22.179104,408600
2010-06-08,31.469999,32.130001,31.379999,32.040001,22.573647,828200
2010-06-09,32.279999,32.820000,31.639999,31.770000,22.383419,352000
2010-06-10,32.480000,33.240002,32.480000,33.240002,23.419106,476300
2010-06-11,32.970001,33.490002,32.860001,33.480000,23.588196,408600
2010-06-14,33.820000,34.049999,33.250000,33.310001,23.468416,298700
2010-06-15,33.610001,34.270000,33.549999,34.240002,24.123652,381300
2010-06-16,34.000000,34.459999,33.880001,34.250000,24.130699,332900
2010-06-17,34.450001,34.450001,33.950001,34.240002,24.123652,184400
2010-06-18,34.299999,34.570000,34.150002,34.540001,24.335016,561400
2010-06-21,34.919998,34.980000,33.939999,34.139999,24.178509,401300
2010-06-22,34.160000,34.220001,33.099998,33.200001,23.512777,457200
2010-06-23,33.049999,33.250000,32.720001,33.060001,23.413626,403100
2010-06-24,32.820000,33.029999,32.259998,32.330002,22.896627,456800
2010-06-25,32.450001,32.980000,32.220001,32.709999,23.165747,279400
2010-06-28,32.799999,32.799999,32.240002,32.240002,22.832893,622300
2010-06-29,31.770000,31.770000,30.879999,31.059999,21.997189,477900
2010-06-30,30.959999,31.480000,30.799999,30.840000,21.841385,557300
2010-07-01,30.879999,31.120001,30.000000,30.590000,21.664328,636400
2010-07-02,30.690001,30.959999,30.330000,30.480000,21.586430,339600
2010-07-06,30.969999,31.270000,30.350000,30.700001,21.742235,375700
2010-07-07,30.730000,31.799999,30.730000,31.799999,22.521273,280000
2010-07-08,32.189999,32.270000,31.580000,32.130001,22.754986,329500
2010-07-09,32.099998,32.509998,32.099998,32.459999,22.988691,339600
2010-07-12,32.450001,32.599998,32.060001,32.290001,22.868296,77100
2010-07-13,32.779999,33.000000,32.680000,32.759998,23.201157,204100
2010-07-14,32.650002,32.880001,32.340000,32.590000,23.080761,242300
2010-07-15,32.590000,32.689999,32.049999,32.580002,23.073677,173700
2010-07-16,32.430000,32.430000,31.490000,31.590000,22.372538,439900
2010-07-19,31.670000,31.940001,31.430000,31.770000,22.500025,259400
2010-07-20,31.330000,32.619999,31.299999,32.520000,23.031187,180300
2010-07-21,32.750000,32.869999,31.879999,32.110001,22.740824,199300
2010-07-22,32.540001,33.080002,32.480000,32.889999,23.293226,128100
2010-07-23,32.750000,33.090000,32.549999,33.040001,23.399466,207700
2010-07-26,33.080002,33.360001,33.009998,33.330002,23.604841,252500
2010-07-27,33.389999,33.540001,32.720001,32.950001,23.335722,207300
2010-07-28,32.849998,33.009998,32.680000,32.799999,23.229486,115100
2010-07-29,32.980000,33.299999,32.509998,32.840000,23.257813,127300
2010-07-30,32.380001,33.070000,32.380001,32.900002,23.300308,162800
2010-08-02,33.470001,33.980000,33.470001,33.919998,24.022701,237400
2010-08-03,33.790001,34.020000,33.610001,33.840000,23.966030,119700
2010-08-04,33.900002,34.180000,33.790001,34.119999,24.164337,97600
2010-08-05,33.930000,34.150002,33.820000,34.150002,24.185579,91400
2010-08-06,33.770000,34.110001,33.470001,33.880001,23.994364,162200
2010-08-09,34.049999,34.139999,33.779999,33.980000,24.065182,182400
2010-08-10,33.619999,33.869999,33.340000,33.759998,23.909370,131400
2010-08-11,33.049999,33.080002,32.529999,32.599998,23.087837,184900
2010-08-12,32.110001,32.740002,32.110001,32.549999,23.052431,145100
2010-08-13,32.439999,32.709999,32.360001,32.369999,22.924950,98700
2010-08-16,32.209999,32.529999,32.150002,32.450001,22.981617,94300
2010-08-17,32.799999,33.259998,32.700001,33.090000,23.434874,148100
2010-08-18,33.049999,33.070000,32.590000,32.959999,23.342800,115000
2010-08-19,32.750000,32.919998,32.279999,32.410000,22.953281,169000
2010-08-20,32.270000,32.299999,31.780001,32.060001,22.705418,109000
2010-08-23,32.090000,32.310001,31.910000,31.930000,22.613344,83300
2010-08-24,31.320000,31.750000,31.200001,31.370001,22.216734,145900
2010-08-25,31.170000,31.490000,30.830000,31.379999,22.223825,261300
2010-08-26,31.559999,31.790001,31.160000,31.270000,22.145918,121500
2010-08-27,31.450001,32.189999,31.049999,32.150002,22.769154,778400
2010-08-30,32.080002,32.270000,31.750000,31.770000,22.500025,169800
2010-08-31,31.629999,32.060001,31.540001,31.700001,22.450451,322000
2010-09-01,32.279999,32.799999,32.209999,32.720001,23.172834,308400
2010-09-02,32.779999,33.099998,32.669998,33.060001,23.413626,415000
2010-09-03,33.310001,33.540001,33.160000,33.410000,23.661495,209600
2010-09-07,33.209999,33.299999,32.930000,32.980000,23.356968,108400
2010-09-08,33.020000,33.400002,33.020000,33.180000,23.498613,161000
2010-09-09,33.549999,33.619999,33.060001,33.150002,23.477365,127400
2010-09-10,33.270000,33.529999,33.250000,33.470001,23.703999,92700
2010-09-13,33.730000,33.849998,33.630001,33.799999,23.937702,89500
2010-09-14,33.730000,34.119999,33.669998,33.790001,23.930628,124700
2010-09-15,33.590000,33.730000,33.450001,33.700001,23.866886,181800
2010-09-16,33.599998,33.799999,33.459999,33.650002,23.831472,199000
2010-09-17,33.820000,33.820000,33.400002,33.509998,23.732317,153900
2010-09-20,33.619999,34.090000,33.439999,33.990002,24.072264,118700
2010-09-21,33.990002,34.119999,33.570000,33.950001,24.043930,177000
2010-09-22,33.880001,34.299999,33.770000,33.810001,23.944788,186600
2010-09-23,33.500000,33.860001,33.360001,33.540001,23.753567,300800
2010-09-24,33.900002,34.349998,33.860001,34.259998,24.263475,182700
2010-09-27,34.279999,34.360001,34.099998,34.110001,24.157255,122300
2010-09-28,34.209999,34.500000,33.709999,34.450001,24.398043,189800
2010-09-29,34.299999,34.840000,34.299999,34.740002,24.603436,215700
2010-09-30,34.970001,35.090000,34.349998,34.740002,24.603436,267800
2010-10-01,35.009998,35.320000,34.950001,35.220001,24.943373,260000
2010-10-04,35.200001,35.250000,34.520000,34.730000,24.596344,242900
2010-10-05,35.110001,35.770000,35.110001,35.650002,25.247904,201000
2010-10-06,35.630001,36.110001,35.630001,35.959999,25.467449,168900
2010-10-07,36.150002,36.150002,35.340000,35.610001,25.219570,200000
2010-10-08,35.529999,36.250000,35.529999,36.150002,25.602015,218300
2010-10-11,36.279999,36.400002,36.070000,36.209999,25.644506,155900
2010-10-12,36.130001,36.320000,35.639999,36.180000,25.623260,142600
2010-10-13,36.560001,36.910000,36.410000,36.750000,26.026945,189500
2010-10-14,36.730000,36.900002,36.340000,36.610001,25.927792,160500
2010-10-15,36.849998,36.849998,36.230000,36.560001,25.892385,211200
2010-10-18,36.529999,36.790001,36.310001,36.730000,26.012779,244800
2010-10-19,36.060001,36.060001,35.340000,35.619999,25.226652,259900
2010-10-20,35.669998,36.290001,35.660000,36.060001,25.538271,193000
2010-10-21,36.220001,36.380001,35.540001,35.849998,25.389547,195800
2010-10-22,35.970001,36.180000,35.910000,36.070000,25.545357,110600
2010-10-25,36.410000,36.750000,36.270000,36.310001,25.715334,121200
2010-10-26,36.110001,36.389999,36.049999,36.330002,25.729496,175200
2010-10-27,36.049999,36.110001,35.570000,36.070000,25.545357,83100
2010-10-28,36.410000,36.430000,35.970001,36.139999,25.594934,139100
2010-10-29,35.959999,36.369999,35.959999,36.299999,25.708242,77600
2010-11-01,36.660000,36.880001,36.270000,36.439999,25.807386,110500
2010-11-02,36.689999,37.000000,36.580002,36.880001,26.119005,98500
2010-11-03,36.910000,37.000000,36.320000,36.880001,26.119005,352400
2010-11-04,37.500000,38.250000,37.480000,38.220001,27.068020,234900
2010-11-05,38.250000,38.450001,38.160000,38.380001,27.181339,352900
2010-11-08,38.270000,38.720001,38.139999,38.689999,27.400890,183200
2010-11-09,38.880001,39.299999,38.200001,38.400002,27.195501,941000
2010-11-10,38.470001,38.959999,38.080002,38.939999,27.577938,221000
2010-11-11,38.680000,39.330002,38.680000,39.290001,27.825815,254000
2010-11-12,38.849998,39.060001,38.259998,38.580002,27.322977,249200
2010-11-15,38.770000,38.810001,38.330002,38.340000,27.153015,141300
2010-11-16,37.930000,37.930000,37.160000,37.470001,26.536854,311200
2010-11-17,37.380001,37.889999,37.320000,37.610001,26.636002,218100
2010-11-18,38.049999,38.580002,38.049999,38.410000,27.202581,259000
2010-11-19,38.349998,38.790001,38.029999,38.790001,27.471706,114300
2010-11-22,38.650002,38.790001,38.049999,38.770000,27.457539,695300
2010-11-23,38.299999,38.299999,37.750000,38.049999,26.947622,316100
2010-11-24,38.369999,38.700001,38.320000,38.700001,27.407953,147900
2010-11-26,38.310001,38.450001,38.099998,38.189999,27.046768,69700
2010-11-29,38.080002,38.520000,37.610001,38.400002,27.195501,173500
2010-11-30,37.970001,38.669998,37.919998,38.330002,27.145935,162100
2010-12-01,39.040001,39.520000,39.000000,39.430000,27.924967,129700
2010-12-02,39.560001,40.209999,39.549999,40.130001,28.420710,205800
2010-12-03,39.930000,40.580002,39.930000,40.490002,28.675673,197300
2010-12-06,40.520000,40.840000,40.480000,40.770000,28.873964,394100
2010-12-07,41.360001,41.410000,40.520000,40.520000,28.696926,276800
2010-12-08,40.630001,40.709999,39.990002,40.130001,28.420710,137900
2010-12-09,40.430000,40.500000,40.040001,40.299999,28.541119,188300
2010-12-10,40.369999,40.570000,40.220001,40.509998,28.689840,136300
2010-12-13,40.830002,41.230000,40.830002,40.889999,28.958958,170900
2010-12-14,40.980000,41.080002,40.599998,40.759998,28.866882,345300
2010-12-15,40.610001,40.849998,40.349998,40.400002,28.611933,198500
2010-12-16,40.520000,40.529999,40.000000,40.520000,28.696926,165900
2010-12-17,40.570000,40.619999,40.290001,40.549999,28.718157,115700
2010-12-20,39.990002,40.540001,39.930000,40.459999,28.937731,226300
2010-12-21,40.680000,40.880001,40.500000,40.860001,29.223816,171600
2010-12-22,41.000000,41.060001,40.860001,40.990002,29.316786,154100
2010-12-23,40.970001,41.180000,40.860001,41.080002,29.381163,207300
2010-12-27,41.009998,41.009998,40.730000,40.880001,29.238123,138000
2010-12-28,41.000000,41.209999,40.930000,41.180000,29.452700,269200
2010-12-29,41.349998,41.619999,41.270000,41.560001,29.724472,210800
2010-12-30,41.639999,41.799999,41.439999,41.599998,29.753084,178100
2010-12-31,41.619999,41.840000,41.470001,41.689999,29.817446,155400
2011-01-03,42.160000,42.270000,41.889999,41.919998,29.981953,896400
2011-01-04,42.060001,42.099998,40.980000,41.480000,29.667265,434200
2011-01-05,41.299999,41.619999,41.000000,41.520000,29.695864,311600
2011-01-06,41.669998,41.669998,40.849998,40.980000,29.309650,598300
2011-01-07,41.000000,41.340000,40.750000,41.139999,29.424095,219600
2011-01-10,40.970001,41.139999,40.680000,41.090000,29.388329,437500
2011-01-11,41.360001,41.849998,41.360001,41.820000,29.910433,112100
2011-01-12,42.160000,42.299999,41.990002,42.250000,30.217983,410400
2011-01-13,42.290001,42.389999,41.830002,41.950001,30.003410,196700
2011-01-14,41.910000,42.200001,41.639999,42.150002,30.146461,179900
2011-01-18,42.130001,42.540001,42.130001,42.520000,30.411079,213500
2011-01-19,42.650002,42.669998,41.860001,41.950001,30.003410,513800
2011-01-20,41.529999,41.610001,40.880001,41.560001,29.724472,233700
2011-01-21,41.930000,42.009998,41.470001,41.580002,29.738791,214600
2011-01-24,41.630001,41.939999,41.480000,41.759998,29.867523,122100
2011-01-25,41.660000,41.660000,41.060001,41.490002,29.674402,223600
2011-01-26,41.590000,42.720001,41.590000,42.630001,30.489765,303100
2011-01-27,42.669998,42.669998,42.070000,42.250000,30.217983,232100
2011-01-28,42.209999,42.549999,42.070000,42.250000,30.217983,268300
2011-01-31,42.480000,43.259998,42.369999,43.259998,30.940344,215700
2011-02-01,43.560001,44.000000,43.459999,43.950001,31.433838,285500
2011-02-02,43.930000,44.240002,43.680000,43.919998,31.412390,398400
2011-02-03,44.000000,44.110001,43.439999,44.090000,31.533978,130300
2011-02-04,44.169998,44.209999,43.630001,43.830002,31.348028,331500
2011-02-07,44.000000,44.450001,43.959999,44.000000,31.469616,256400
2011-02-08,44.110001,44.110001,43.599998,44.040001,31.498228,233500
2011-02-09,43.840000,43.990002,43.169998,43.419998,31.054787,216700
2011-02-10,43.250000,43.830002,43.119999,43.740002,31.283653,178900
2011-02-11,43.730000,44.080002,43.529999,43.730000,31.276497,409900
2011-02-14,43.770000,44.700001,43.770000,44.639999,31.927343,378500
2011-02-15,44.610001,44.779999,44.290001,44.419998,31.769991,140600
2011-02-16,44.730000,45.130001,44.500000,45.040001,32.213432,212300
2011-02-17,45.009998,45.619999,44.990002,45.520000,32.556728,282900
2011-02-18,45.619999,45.779999,45.349998,45.560001,32.585342,348100
2011-02-22,45.759998,46.049999,44.759998,44.919998,32.127594,316100
2011-02-23,45.090000,46.009998,45.090000,45.680000,32.671173,327900
2011-02-24,45.990002,45.990002,44.730000,44.980000,32.170521,540300
2011-02-25,45.270000,45.889999,45.200001,45.840000,32.785614,222700
2011-02-28,46.029999,46.299999,45.799999,46.299999,33.114597,317400
2011-03-01,46.610001,46.639999,45.650002,45.680000,32.671173,275400
2011-03-02,45.610001,45.990002,45.400002,45.930000,32.849976,707100
2011-03-03,46.200001,46.430000,45.900002,46.400002,33.186123,399100
2011-03-04,46.490002,46.549999,46.009998,46.320000,33.128925,516400
2011-03-07,46.680000,46.840000,45.650002,45.860001,32.799915,207500
2011-03-08,45.970001,45.970001,45.049999,45.430000,32.492371,196400
2011-03-09,45.340000,45.529999,44.650002,45.049999,32.220585,221300
2011-03-10,44.360001,44.369999,43.310001,43.419998,31.054787,329300
2011-03-11,43.049999,44.430000,42.880001,44.139999,31.569729,348500
2011-03-14,43.720001,44.340000,43.509998,44.230000,31.634111,227700
2011-03-15,42.750000,44.209999,42.430000,43.889999,31.390930,340600
2011-03-16,43.970001,44.410000,42.709999,43.180000,30.883123,348100
2011-03-17,43.910000,44.650002,43.740002,44.470001,31.805750,375900
2011-03-18,45.099998,45.099998,44.320000,44.470001,31.805750,205200
2011-03-21,45.349998,45.730000,45.160000,45.709999,32.692623,275900
2011-03-22,45.799999,45.820000,45.470001,45.669998,32.664028,209700
2011-03-23,45.549999,46.009998,45.439999,45.860001,32.799915,226000
2011-03-24,46.139999,46.160000,45.580002,45.950001,32.864285,538600
2011-03-25,46.020000,46.369999,45.750000,46.169998,33.067680,204000
2011-03-28,46.150002,46.560001,45.930000,45.930000,32.895794,462800
2011-03-29,45.980000,46.490002,45.709999,46.450001,33.268215,179800
2011-03-30,46.709999,47.020000,46.430000,46.889999,33.583366,280300
2011-03-31,47.169998,47.369999,46.820000,46.849998,33.554714,286900
2011-04-01,47.099998,47.279999,46.799999,46.930000,33.612015,437300
2011-04-04,47.200001,47.320000,46.950001,47.040001,33.690792,407200
2011-04-05,46.980000,47.580002,46.950001,47.410000,33.955799,252900
2011-04-06,47.790001,47.810001,46.770000,46.950001,33.626335,273400
2011-04-07,46.950001,47.169998,46.580002,46.939999,33.619179,212800
2011-04-08,47.310001,47.560001,47.000000,47.240002,33.834038,205800
2011-04-11,47.240002,47.310001,46.000000,46.189999,33.082016,311500
2011-04-12,45.759998,45.759998,44.540001,44.860001,32.129440,810200
2011-04-13,45.180000,45.400002,44.639999,44.900002,32.158092,332700
2011-04-14,44.689999,45.299999,44.590000,45.180000,32.358639,278900
2011-04-15,45.299999,45.580002,44.939999,45.470001,32.566338,232500
2011-04-18,44.980000,44.980000,44.200001,44.759998,32.057827,418300
2011-04-19,44.720001,45.340000,44.720001,45.310001,32.451733,306000
2011-04-20,46.189999,46.279999,45.939999,46.200001,33.089184,268700
2011-04-21,46.450001,46.570000,46.139999,46.529999,33.325527,194200
2011-04-25,46.630001,46.630001,45.900002,46.139999,33.046204,189200
2011-04-26,46.259998,46.509998,45.980000,46.380001,33.218079,276000
2011-04-27,46.610001,46.610001,45.599998,46.490002,33.296871,244100
2011-04-28,46.430000,46.689999,46.110001,46.430000,33.253910,728900
2011-04-29,46.400002,47.130001,46.400002,47.130001,33.755257,402000
2011-05-02,47.270000,47.360001,46.189999,46.480000,33.289722,384500
2011-05-03,46.200001,46.200001,44.830002,45.270000,32.423096,431700
2011-05-04,45.130001,45.169998,44.070000,44.490002,31.864437,365400
2011-05-05,43.950001,44.200001,42.990002,43.430000,31.105249,599200
2011-05-06,43.889999,44.660000,43.250000,43.660000,31.269987,900700
2011-05-09,44.110001,44.599998,43.820000,44.439999,31.828651,289000
2011-05-10,44.529999,44.779999,44.130001,44.619999,31.957561,243700
2011-05-11,44.410000,44.410000,42.980000,43.240002,30.969185,316900
2011-05-12,42.970001,43.459999,42.419998,43.160000,30.911884,491000
2011-05-13,43.230000,43.500000,42.470001,42.860001,30.697001,310300
2011-05-16,42.669998,43.459999,42.480000,42.599998,30.510805,467600
2011-05-17,42.320000,42.689999,41.970001,42.619999,30.525116,722700
2011-05-18,42.750000,43.709999,42.709999,43.419998,31.098093,251400
2011-05-19,43.580002,43.799999,43.150002,43.470001,31.133913,329700
2011-05-20,43.459999,43.759998,42.860001,43.459999,31.126738,277100
2011-05-23,42.689999,42.950001,42.490002,42.740002,30.611078,277300
2011-05-24,43.110001,43.799999,43.110001,43.369999,31.062284,168800
2011-05-25,43.189999,44.250000,43.189999,44.070000,31.563635,351400
2011-05-26,43.919998,44.389999,43.759998,44.330002,31.749851,238400
2011-05-27,44.500000,44.910000,44.349998,44.560001,31.914585,166800
2011-05-31,45.230000,45.330002,44.439999,44.930000,32.179581,234800
2011-06-01,44.820000,44.959999,43.680000,43.750000,31.334440,399900
2011-06-02,43.820000,44.130001,43.230000,43.709999,31.305798,468900
2011-06-03,43.060001,44.070000,42.959999,43.680000,31.284313,313800
2011-06-06,43.650002,43.750000,42.560001,42.709999,30.589577,289100
2011-06-07,43.029999,43.259998,42.680000,42.709999,30.589577,267500
2011-06-08,42.619999,43.160000,42.490002,42.619999,30.525116,377100
2011-06-09,42.830002,43.410000,42.709999,43.180000,30.926218,168900
2011-06-10,42.889999,42.889999,42.240002,42.320000,30.310268,244300
2011-06-13,42.340000,42.570000,41.279999,41.660000,29.837551,259200
2011-06-14,42.130001,42.750000,42.130001,42.549999,30.474983,226600
2011-06-15,42.090000,42.490002,41.450001,41.689999,29.859035,219600
2011-06-16,41.630001,41.900002,41.049999,41.480000,29.708635,310000
2011-06-17,41.820000,41.900002,41.160000,41.410000,29.658501,279400
2011-06-20,41.209999,41.529999,41.070000,41.419998,29.665668,272000
2011-06-21,41.750000,42.599998,41.730000,42.450001,30.403368,286600
2011-06-22,42.360001,42.980000,42.279999,42.380001,30.353226,231000
2011-06-23,41.320000,41.970001,40.810001,41.939999,30.121248,431000
2011-06-24,41.919998,42.000000,41.110001,41.189999,29.582598,413700
2011-06-27,41.029999,41.500000,40.849998,41.310001,29.668793,541700
2011-06-28,41.570000,42.439999,41.570000,42.430000,30.473167,408500
2011-06-29,42.619999,43.349998,42.480000,43.070000,30.932817,687700
2011-06-30,43.200001,43.740002,43.200001,43.660000,31.356564,183800
2011-07-01,43.610001,44.080002,43.230000,44.029999,31.622286,705000
2011-07-05,44.119999,44.680000,44.119999,44.470001,31.938295,246700
2011-07-06,44.369999,44.470001,44.060001,44.389999,31.880840,295100
2011-07-07,44.880001,45.160000,44.720001,44.980000,32.304573,203200
2011-07-08,44.349998,44.680000,44.250000,44.630001,32.053207,248200
2011-07-11,44.119999,44.119999,43.400002,43.540001,31.270363,413700
2011-07-12,43.330002,44.070000,43.330002,43.549999,31.277555,779400
2011-07-13,43.779999,44.669998,43.779999,44.040001,31.629467,253600
2011-07-14,44.490002,44.610001,43.650002,43.730000,31.406824,232700
2011-07-15,44.200001,44.900002,44.200001,44.900002,32.247120,280200
2011-07-18,44.740002,44.900002,44.450001,44.700001,32.103481,293900
2011-07-19,45.009998,45.430000,45.009998,45.369999,32.584675,505600
2011-07-20,45.549999,45.570000,45.250000,45.419998,32.620590,235600
2011-07-21,45.709999,46.150002,45.610001,46.080002,33.094601,592900
2011-07-22,46.240002,46.430000,45.950001,46.360001,33.295692,539200
2011-07-25,45.880001,46.509998,45.860001,46.200001,33.180790,251300
2011-07-26,46.220001,46.380001,45.900002,45.990002,33.029953,247400
2011-07-27,45.680000,45.830002,44.840000,44.910000,32.254299,552300
2011-07-28,44.709999,45.150002,44.560001,44.650002,32.067570,255800
2011-07-29,44.060001,44.500000,43.840000,44.139999,31.701296,357100
2011-08-01,44.970001,44.970001,43.810001,44.119999,31.686914,327000
2011-08-02,43.849998,44.320000,43.000000,43.020000,30.896908,367900
2011-08-03,43.080002,43.119999,41.959999,42.880001,30.796356,673200
2011-08-04,42.220001,42.220001,39.720001,39.820000,28.598680,678300
2011-08-05,40.279999,40.570000,37.939999,39.369999,28.275492,928400
2011-08-08,37.750000,38.380001,36.150002,36.340000,26.099340,1327700
2011-08-09,36.950001,38.439999,35.750000,38.310001,27.514179,1273900
2011-08-10,37.770000,38.700001,37.049999,37.330002,26.810354,1586700
2011-08-11,37.630001,39.540001,37.240002,39.000000,28.009745,443700
2011-08-12,39.660000,39.709999,38.980000,39.240002,28.182116,255400
2011-08-15,39.700001,40.529999,39.689999,40.480000,29.072683,311000
2011-08-16,39.980000,40.310001,39.380001,39.720001,28.526854,264900
2011-08-17,40.310001,40.639999,39.740002,39.930000,28.677673,217500
2011-08-18,38.810001,38.810001,37.299999,37.680000,27.061726,341400
2011-08-19,37.189999,38.360001,37.020000,37.090000,26.637999,779700
2011-08-22,38.169998,38.189999,36.910000,36.990002,26.566164,408500
2011-08-23,37.180000,38.299999,36.900002,38.299999,27.507004,254400
2011-08-24,38.240002,38.450001,37.709999,38.419998,27.593187,221400
2011-08-25,38.630001,38.759998,37.619999,37.750000,27.112001,297300
2011-08-26,37.450001,38.590000,37.000000,38.570000,27.700920,172000
2011-08-29,39.180000,39.639999,38.970001,39.619999,28.455032,178800
2011-08-30,39.380001,40.189999,39.150002,39.950001,28.692026,199900
2011-08-31,40.320000,40.770000,39.849998,40.189999,28.864408,1237500
2011-09-01,40.270000,40.709999,39.889999,39.900002,28.656132,211800
2011-09-02,38.970001,39.450001,38.779999,39.029999,28.031292,397400
2011-09-06,37.820000,38.730000,37.770000,38.680000,27.779919,233100
2011-09-07,39.250000,39.970001,39.160000,39.970001,28.706406,670600
2011-09-08,39.779999,40.310001,39.450001,39.639999,28.469397,200100
2011-09-09,39.029999,39.279999,38.090000,38.320000,27.521383,333600
2011-09-12,37.700001,38.320000,37.169998,38.139999,27.392094,296100
2011-09-13,38.270000,38.590000,37.759998,38.349998,27.542921,221300
2011-09-14,38.540001,39.180000,37.820000,38.720001,27.808651,178000
2011-09-15,39.189999,39.380001,38.700001,39.360001,28.268290,306100
2011-09-16,39.630001,39.669998,38.950001,39.290001,28.218031,122900
2011-09-19,38.439999,38.880001,38.040001,38.619999,27.736834,272400
2011-09-20,38.779999,39.270000,38.340000,38.389999,27.571644,254800
2011-09-21,38.230000,38.330002,36.779999,36.810001,26.436884,293700
2011-09-22,35.430000,35.430000,33.910000,34.560001,24.820942,878600
2011-09-23,34.049999,34.480000,33.810001,33.970001,24.397207,434700
2011-09-26,34.139999,35.029999,33.299999,35.009998,25.224331,560600
2011-09-27,36.119999,36.470001,35.290001,35.520000,25.591782,296300
2011-09-28,35.520000,35.759998,34.049999,34.090000,24.561480,192500
2011-09-29,34.889999,34.939999,33.639999,34.349998,24.748806,244700
2011-09-30,33.759998,34.230000,33.400002,33.459999,24.107578,363500
2011-10-03,33.090000,33.430000,32.160000,32.189999,23.192543,667900
2011-10-04,31.510000,33.000000,30.820000,32.950001,23.740114,817300
2011-10-05,33.060001,34.389999,32.759998,34.290001,24.705578,486900
2011-10-06,34.270000,35.200001,33.990002,35.160000,25.332407,292000
2011-10-07,35.419998,35.480000,34.250000,34.529999,24.878496,545500
2011-10-10,35.299999,36.130001,35.299999,36.130001,26.031275,238200
2011-10-11,35.869999,36.430000,35.770000,36.119999,26.024071,382800
2011-10-12,36.500000,37.029999,36.349998,36.490002,26.290655,264700
2011-10-13,36.080002,36.520000,35.650002,36.349998,26.189781,426500
2011-10-14,37.020000,37.790001,37.000000,37.759998,27.205677,348400
2011-10-17,37.770000,37.770000,36.849998,36.930000,26.607664,398600
2011-10-18,36.860001,38.209999,36.270000,38.000000,27.378588,337200
2011-10-19,37.900002,38.189999,37.090000,37.259998,26.845442,413100
2011-10-20,37.290001,37.650002,36.599998,37.430000,26.967909,374000
2011-10-21,37.990002,38.340000,37.720001,38.189999,27.515482,310600
2011-10-24,38.349998,39.070000,38.259998,39.009998,28.106279,358100
2011-10-25,38.900002,38.950001,37.930000,38.270000,27.573130,276000
2011-10-26,38.860001,39.200001,37.959999,39.049999,28.135109,306000
2011-10-27,40.250000,41.250000,40.110001,40.810001,29.403166,358900
2011-10-28,40.320000,41.270000,40.320000,41.240002,29.712969,440500
2011-10-31,40.470001,40.500000,39.419998,39.470001,28.437721,467800
2011-11-01,37.759998,38.790001,37.380001,38.240002,27.551502,864800
2011-11-02,39.049999,39.529999,38.720001,39.360001,28.358446,1952300
2011-11-03,39.919998,40.520000,39.330002,40.419998,29.122175,420100
2011-11-04,40.090000,40.490002,39.610001,40.389999,29.100557,573100
2011-11-07,40.430000,40.900002,40.049999,40.720001,29.338322,283200
2011-11-08,41.099998,41.279999,40.470001,41.189999,29.676949,354200
2011-11-09,39.880001,40.419998,39.259998,39.340000,28.344049,276900
2011-11-10,39.970001,40.150002,39.070000,39.810001,28.682678,339700
2011-11-11,40.330002,40.869999,40.330002,40.680000,29.309502,197700
2011-11-14,40.490002,40.610001,39.860001,40.189999,28.956469,184400
2011-11-15,40.029999,40.459999,39.790001,40.200001,28.963671,173000
2011-11-16,39.820000,40.660000,39.639999,39.669998,28.581808,195000
2011-11-17,39.580002,39.740002,38.250000,38.529999,27.760452,342200
2011-11-18,38.770000,38.990002,38.160000,38.330002,27.616354,222700
2011-11-21,37.639999,37.759998,36.950001,37.580002,27.075989,526500
2011-11-22,37.500000,37.810001,37.080002,37.360001,26.917473,277500
2011-11-23,36.830002,36.840000,36.099998,36.099998,26.009661,256500
2011-11-25,35.939999,36.419998,35.820000,35.820000,25.807936,184600
2011-11-28,37.150002,37.490002,36.869999,37.139999,26.758970,197100
2011-11-29,37.310001,37.950001,37.180000,37.669998,27.140829,154900
2011-11-30,39.020000,39.939999,39.020000,39.930000,28.769138,495400
2011-12-01,39.790001,40.209999,39.450001,39.720001,28.617836,290500
2011-12-02,40.160000,40.270000,39.490002,39.570000,28.509758,175500
2011-12-05,40.230000,40.549999,39.680000,39.950001,28.783537,211700
2011-12-06,39.919998,40.380001,39.660000,40.040001,28.848391,246800
2011-12-07,39.840000,39.980000,39.360001,39.759998,28.646654,199800
2011-12-08,39.410000,39.580002,38.380001,38.459999,27.710018,287100
2011-12-09,38.540001,39.439999,38.540001,39.349998,28.351257,259700
2011-12-12,38.700001,38.779999,37.779999,38.279999,27.580326,166200
2011-12-13,38.490002,39.020000,37.389999,37.669998,27.140829,208000
2011-12-14,37.230000,37.270000,36.320000,36.520000,26.312263,315500
2011-12-15,36.939999,37.080002,36.250000,36.360001,26.196987,316700
2011-12-16,36.630001,37.009998,36.419998,36.869999,26.564438,487600
2011-12-19,36.830002,36.959999,35.950001,36.020000,25.952024,446500
2011-12-20,36.779999,37.580002,36.779999,37.439999,26.975122,347100
2011-12-21,37.549999,37.880001,37.180000,37.799999,27.234495,326600
2011-12-22,37.660000,38.160000,37.660000,38.060001,27.539848,291400
2011-12-23,38.110001,38.330002,38.029999,38.320000,27.727993,165100
2011-12-27,38.200001,38.459999,38.130001,38.250000,27.677326,239200
2011-12-28,38.189999,38.209999,37.349998,37.400002,27.062277,427700
2011-12-29,37.509998,37.880001,37.400002,37.849998,27.387890,318900
2011-12-30,37.720001,38.099998,37.720001,38.000000,27.496435,948200
2012-01-03,38.810001,39.419998,38.810001,39.220001,28.379210,546800
2012-01-04,39.070000,39.430000,38.939999,39.389999,28.502222,313300
2012-01-05,39.099998,39.299999,38.709999,39.160000,28.335798,262900
2012-01-06,39.279999,39.279999,38.860001,38.939999,28.176617,195300
2012-01-09,39.000000,39.200001,38.880001,39.070000,28.270676,173600
2012-01-10,39.759998,39.910000,39.529999,39.580002,28.639708,211700
2012-01-11,39.380001,39.419998,39.049999,39.189999,28.357500,214800
2012-01-12,39.169998,39.320000,38.860001,39.029999,28.241732,93100
2012-01-13,38.740002,38.740002,38.299999,38.669998,27.981236,147000
2012-01-17,39.169998,39.270000,38.700001,38.840000,28.104263,231300
2012-01-18,38.750000,39.540001,38.700001,39.520000,28.596291,148800
2012-01-19,39.750000,39.820000,39.500000,39.590000,28.646942,299400
2012-01-20,39.540001,39.700001,39.279999,39.500000,28.581820,169900
2012-01-23,39.669998,40.029999,39.639999,39.970001,28.921913,225700
2012-01-24,39.639999,39.799999,39.410000,39.770000,28.777193,294100
2012-01-25,39.700001,40.700001,39.250000,40.599998,29.377766,196200
2012-01-26,40.900002,41.060001,40.049999,40.209999,29.095585,238700
2012-01-27,40.000000,40.500000,40.000000,40.340000,29.189632,277000
2012-01-30,39.869999,40.150002,39.540001,40.070000,28.994268,479100
2012-01-31,40.450001,40.490002,39.660000,39.919998,28.885725,150400
2012-02-01,40.250000,40.450001,40.049999,40.139999,29.044922,271800
2012-02-02,40.189999,40.650002,40.119999,40.430000,29.254755,245300
2012-02-03,40.889999,41.029999,40.610001,40.990002,29.659969,261100
2012-02-06,40.740002,41.310001,40.650002,41.270000,29.862576,191600
2012-02-07,41.189999,41.430000,40.730000,41.369999,29.934933,143700
2012-02-08,41.430000,41.549999,41.000000,41.230000,29.833630,153000
2012-02-09,41.369999,41.450001,41.000000,41.259998,29.855335,99600
2012-02-10,40.820000,40.860001,40.540001,40.759998,29.493538,135100
2012-02-13,41.130001,41.209999,40.730000,40.959999,29.638258,146400
2012-02-14,40.889999,41.000000,40.570000,40.939999,29.623783,340600
2012-02-15,41.119999,41.259998,40.830002,40.939999,29.623783,282400
2012-02-16,40.900002,41.669998,40.709999,41.630001,30.123070,136600
2012-02-17,41.889999,42.000000,41.470001,41.650002,30.137531,239400
2012-02-21,41.980000,42.230000,41.880001,42.049999,30.426977,148700
2012-02-22,42.029999,42.369999,41.950001,42.169998,30.513803,146600
2012-02-23,42.259998,42.540001,41.970001,42.520000,30.767065,162900
2012-02-24,42.599998,42.730000,42.459999,42.540001,30.781540,111000
2012-02-27,42.369999,42.580002,42.049999,42.349998,30.644049,123600
2012-02-28,42.400002,42.619999,42.119999,42.389999,30.672997,232700
2012-02-29,42.500000,42.680000,41.669998,41.779999,30.231606,162800
2012-03-01,42.029999,42.340000,41.880001,42.270000,30.586172,154000
2012-03-02,42.139999,42.180000,41.529999,41.689999,30.166473,152200
2012-03-05,41.500000,41.500000,40.930000,41.169998,29.790228,249800
2012-03-06,40.500000,40.500000,40.049999,40.330002,29.182394,190000
2012-03-07,40.480000,40.759998,40.160000,40.660000,29.421185,206300
2012-03-08,40.950001,41.270000,40.720001,41.099998,29.739561,110000
2012-03-09,41.209999,41.570000,41.070000,41.169998,29.790228,97500
2012-03-12,41.080002,41.119999,40.520000,40.680000,29.435652,115200
2012-03-13,40.849998,41.189999,40.560001,41.180000,29.797449,120600
2012-03-14,41.119999,41.119999,40.400002,40.540001,29.334360,161100
2012-03-15,40.590000,40.869999,40.340000,40.700001,29.450132,84800
2012-03-16,40.709999,41.290001,40.709999,41.169998,29.790228,98700
2012-03-19,41.150002,41.570000,41.099998,41.400002,29.956642,76200
2012-03-20,40.980000,40.980000,40.580002,40.759998,29.493538,126500
2012-03-21,40.770000,40.770000,40.310001,40.430000,29.254755,310700
2012-03-22,39.990002,40.020000,39.299999,39.480000,28.567345,329000
2012-03-23,39.590000,40.099998,39.410000,39.980000,28.929134,423600
2012-03-26,40.259998,40.360001,40.009998,40.209999,29.156096,244000
2012-03-27,40.320000,40.320000,39.750000,39.790001,28.851551,205700
2012-03-28,39.540001,39.639999,38.889999,39.169998,28.402004,108300
2012-03-29,38.919998,39.169998,38.500000,39.099998,28.351238,384700
2012-03-30,39.410000,39.529999,39.009998,39.419998,28.583281,419500
2012-04-02,39.330002,40.180000,39.270000,39.880001,28.916813,269000
2012-04-03,39.840000,39.840000,39.150002,39.480000,28.626774,138600
2012-04-04,38.950001,39.090000,38.470001,38.750000,28.097456,153400
2012-04-05,38.599998,39.009998,38.349998,38.459999,27.887177,180000
2012-04-09,37.910000,38.340000,37.820000,38.000000,27.553629,200100
2012-04-10,37.930000,38.070000,37.209999,37.360001,27.089571,326500
2012-04-11,37.779999,37.860001,37.290001,37.330002,27.067835,175700
2012-04-12,37.380001,38.459999,37.380001,38.360001,27.814671,124900
2012-04-13,38.200001,38.220001,37.680000,37.689999,27.328850,102600
2012-04-16,37.849998,38.009998,37.259998,37.400002,27.118576,112100
2012-04-17,37.700001,38.240002,37.700001,38.009998,27.560886,92400
2012-04-18,37.880001,38.110001,37.720001,37.869999,27.459368,116800
2012-04-19,37.950001,38.250000,37.669998,37.840000,27.437620,134600
2012-04-20,38.150002,38.369999,37.689999,37.689999,27.328850,261400
2012-04-23,37.110001,37.580002,36.869999,37.470001,27.169333,125100
2012-04-24,37.599998,37.849998,37.419998,37.689999,27.328850,135300
2012-04-25,38.000000,38.259998,37.709999,38.220001,27.713152,132600
2012-04-26,37.950001,38.570000,37.950001,38.540001,27.945185,89800
2012-04-27,38.709999,38.790001,38.439999,38.660000,28.032190,134100
2012-04-30,38.549999,38.840000,38.400002,38.820000,28.148211,388800
2012-05-01,38.880001,39.529999,38.849998,39.250000,28.460003,188800
2012-05-02,38.900002,38.939999,38.480000,38.560001,27.959690,258000
2012-05-03,38.490002,38.490002,37.639999,37.770000,27.386864,115400
2012-05-04,37.470001,37.470001,36.730000,36.869999,26.734274,165100
2012-05-07,36.740002,36.980000,36.369999,36.790001,26.676275,142000
2012-05-08,36.400002,36.480000,35.709999,36.450001,26.429737,174400
2012-05-09,35.849998,36.610001,35.639999,36.310001,26.328230,229000
2012-05-10,36.730000,36.910000,36.389999,36.419998,26.407986,163800
2012-05-11,36.169998,36.740002,36.070000,36.119999,26.190460,126000
2012-05-14,35.599998,35.700001,35.349998,35.380001,25.653891,103500
2012-05-15,35.389999,35.480000,34.520000,34.599998,25.088308,202000
2012-05-16,34.700001,35.290001,34.360001,34.360001,24.914282,147900
2012-05-17,34.529999,34.790001,34.189999,34.270000,24.849037,198700
2012-05-18,34.470001,34.779999,33.939999,34.040001,24.682261,205200
2012-05-21,34.180000,35.040001,34.180000,35.000000,25.378344,186500
2012-05-22,35.080002,35.509998,34.590000,34.770000,25.211575,101000
2012-05-23,34.380001,35.180000,33.990002,35.150002,25.487112,364000
2012-05-24,35.279999,35.349998,34.619999,35.060001,25.421854,151900
2012-05-25,35.040001,35.270000,34.959999,35.049999,25.414598,73200
2012-05-29,35.400002,35.939999,35.209999,35.560001,25.784399,131300
2012-05-30,35.070000,35.070000,34.410000,34.520000,25.030300,114300
2012-05-31,34.520000,34.619999,33.660000,34.160000,24.769264,286100
2012-06-01,33.520000,34.000000,33.520000,33.619999,24.377714,279100
2012-06-04,33.689999,33.820000,33.049999,33.689999,24.428469,206000
2012-06-05,33.590000,34.189999,33.590000,34.080002,24.711262,109600
2012-06-06,34.459999,35.139999,34.459999,35.020000,25.392857,131600
2012-06-07,35.509998,35.750000,34.799999,34.880001,25.291342,248300
2012-06-08,34.650002,34.900002,34.279999,34.860001,25.276836,172500
2012-06-11,35.200001,35.310001,34.250000,34.270000,24.849037,128600
2012-06-12,34.480000,34.889999,34.380001,34.840000,25.262342,212800
2012-06-13,34.700001,35.060001,34.349998,34.450001,24.979546,147500
2012-06-14,34.580002,35.029999,34.360001,34.889999,25.298584,205600
2012-06-15,35.080002,35.509998,34.919998,35.490002,25.733644,124500
2012-06-18,35.090000,35.410000,34.970001,35.299999,25.595881,118500
2012-06-19,35.439999,35.880001,35.259998,35.689999,25.982452,284800
2012-06-20,35.650002,35.900002,35.150002,35.450001,25.807726,104800
2012-06-21,35.330002,35.330002,33.750000,33.799999,24.606518,241300
2012-06-22,34.000000,34.110001,33.610001,34.009998,24.759403,269100
2012-06-25,33.560001,33.560001,33.080002,33.349998,24.278917,161800
2012-06-26,33.400002,33.619999,33.049999,33.520000,24.402674,363100
2012-06-27,33.689999,34.180000,33.650002,34.080002,24.810362,81400
2012-06-28,33.810001,34.259998,33.669998,34.259998,24.941402,161600
2012-06-29,35.209999,35.470001,34.959999,35.419998,25.785891,469800
2012-07-02,35.480000,35.560001,35.049999,35.430000,25.793161,341000
2012-07-03,35.750000,36.490002,35.750000,36.490002,26.564854,130500
2012-07-05,36.220001,36.349998,35.900002,36.020000,26.222696,376300
2012-07-06,35.459999,35.619999,35.169998,35.430000,25.793161,138900
2012-07-09,35.340000,35.410000,35.020000,35.240002,25.654848,93200
2012-07-10,35.480000,35.570000,34.340000,34.520000,25.130686,117000
2012-07-11,34.599998,34.980000,34.570000,34.840000,25.363647,242800
2012-07-12,34.349998,34.820000,34.119999,34.639999,25.218040,96700
2012-07-13,34.779999,35.340000,34.779999,35.270000,25.676683,142400
2012-07-16,35.200001,35.500000,34.959999,35.389999,25.764044,93200
2012-07-17,35.549999,35.820000,35.099998,35.759998,26.033401,142400
2012-07-18,35.669998,36.130001,35.580002,36.020000,26.222696,92400
2012-07-19,36.209999,36.410000,36.070000,36.279999,26.411968,152900
2012-07-20,36.090000,36.250000,35.980000,36.220001,26.368286,271800
2012-07-23,35.570000,36.009998,35.320000,35.900002,26.135330,129500
2012-07-24,35.959999,36.000000,34.950001,35.310001,25.705801,264000
2012-07-25,35.509998,35.590000,35.049999,35.360001,25.742207,100100
2012-07-26,35.889999,36.349998,35.759998,36.240002,26.382847,155400
2012-07-27,36.500000,37.090000,36.230000,36.919998,26.877895,111400
2012-07-30,36.840000,37.169998,36.779999,37.070000,26.987097,135000
2012-07-31,37.070000,37.160000,36.570000,36.570000,26.623098,174100
2012-08-01,36.660000,36.900002,36.250000,36.660000,26.688608,184000
2012-08-02,36.220001,36.430000,35.770000,35.980000,26.193573,207200
2012-08-03,36.790001,37.040001,36.570000,36.860001,26.834211,105300
2012-08-06,37.029999,37.330002,36.919998,37.130001,27.030781,133100
2012-08-07,37.320000,37.910000,37.320000,37.779999,27.503977,195900
2012-08-08,37.529999,37.980000,37.529999,37.730000,27.467571,120700
2012-08-09,37.650002,38.200001,37.630001,38.070000,27.715109,254100
2012-08-10,37.919998,38.180000,37.619999,38.180000,27.795170,68800
2012-08-13,38.220001,38.250000,37.740002,37.889999,27.584059,232400
2012-08-14,38.009998,38.070000,37.759998,37.860001,27.562216,113100
2012-08-15,37.820000,37.959999,37.669998,37.849998,27.554934,217200
2012-08-16,37.980000,38.480000,37.930000,38.419998,27.969898,470100
2012-08-17,38.439999,38.480000,38.270000,38.389999,27.948051,93600
2012-08-20,38.330002,38.430000,38.160000,38.389999,27.948051,110200
2012-08-21,38.590000,38.919998,38.299999,38.389999,27.948051,77100
2012-08-22,38.270000,38.590000,38.080002,38.540001,28.057257,111900
2012-08-23,38.509998,38.560001,38.080002,38.130001,27.758774,153700
2012-08-24,38.000000,38.380001,37.849998,38.310001,27.889809,94800
2012-08-27,38.349998,38.509998,38.180000,38.200001,27.809736,88900
2012-08-28,38.150002,38.389999,38.139999,38.230000,27.831573,252600
2012-08-29,38.240002,38.299999,37.910000,37.980000,27.649576,358300
2012-08-30,37.779999,37.779999,37.439999,37.540001,27.329258,140300
2012-08-31,37.869999,38.180000,37.619999,38.090000,27.729647,296500
2012-09-04,38.040001,38.090000,37.520000,37.820000,27.533096,211000
2012-09-05,37.799999,37.869999,37.590000,37.700001,27.445738,95500
2012-09-06,37.970001,38.750000,37.970001,38.520000,28.042698,84900
2012-09-07,38.750000,39.419998,38.750000,39.410000,28.690620,191000
2012-09-10,39.360001,39.610001,39.150002,39.160000,28.508627,91300
2012-09-11,39.310001,39.709999,39.220001,39.599998,28.828936,49700
2012-09-12,39.799999,39.889999,39.549999,39.779999,28.959993,70500
2012-09-13,39.840000,40.910000,39.599998,40.709999,29.637024,142700
2012-09-14,41.020000,41.840000,41.009998,41.470001,30.190310,226200
2012-09-17,41.330002,41.480000,40.880001,40.980000,29.833582,128800
2012-09-18,40.849998,40.900002,40.410000,40.669998,29.607910,439400
2012-09-19,40.700001,40.759998,40.340000,40.459999,29.455019,150100
2012-09-20,40.049999,40.490002,39.880001,40.450001,29.447754,108300
2012-09-21,40.869999,40.880001,40.490002,40.529999,29.505987,103700
2012-09-24,40.130001,40.330002,40.009998,40.110001,29.200230,88800
2012-09-25,40.099998,40.189999,39.380001,39.410000,28.797600,455300
2012-09-26,39.180000,39.259998,38.799999,39.070000,28.549156,143900
2012-09-27,39.349998,39.799999,39.259998,39.750000,29.046045,185100
2012-09-28,39.540001,39.599998,39.290001,39.509998,28.870672,65700
2012-10-01,39.840000,40.119999,39.630001,39.720001,29.024118,486900
2012-10-02,39.910000,39.930000,39.529999,39.720001,29.024118,391200
2012-10-03,39.700001,39.700001,39.020000,39.200001,28.644146,149100
2012-10-04,39.450001,39.790001,39.400002,39.720001,29.024118,657200
2012-10-05,39.919998,40.000000,39.430000,39.560001,28.907207,95000
2012-10-08,39.310001,39.580002,39.220001,39.529999,28.885275,83700
2012-10-09,39.520000,39.849998,39.410000,39.470001,28.841444,87900
2012-10-10,39.340000,39.450001,38.849998,38.919998,28.439535,107500
2012-10-11,39.279999,39.580002,39.220001,39.250000,28.680689,71700
2012-10-12,39.259998,39.330002,38.799999,38.970001,28.476076,58200
2012-10-15,39.000000,39.150002,38.599998,39.119999,28.585684,81200
2012-10-16,39.299999,39.840000,39.270000,39.810001,29.089886,143900
2012-10-17,39.880001,40.360001,39.820000,40.310001,29.455252,81100
2012-10-18,40.150002,40.419998,40.130001,40.270000,29.426027,72200
2012-10-19,40.099998,40.220001,39.509998,39.669998,28.987589,119000
2012-10-22,39.630001,39.820000,39.130001,39.509998,28.870672,141000
2012-10-23,38.740002,38.790001,38.299999,38.570000,28.183784,138700
2012-10-24,38.759998,38.849998,38.139999,38.180000,27.898815,77400
2012-10-25,38.639999,38.740002,38.240002,38.660000,28.249554,107300
2012-10-26,38.669998,38.930000,38.450001,38.619999,28.220327,164900
2012-10-31,38.779999,38.910000,38.520000,38.750000,28.315323,126200
2012-11-01,38.820000,39.029999,38.610001,38.990002,28.490702,269000
2012-11-02,39.070000,39.070000,38.150002,38.220001,27.928038,127000
2012-11-05,38.119999,38.459999,38.090000,38.419998,28.074190,117400
2012-11-06,38.570000,39.080002,38.570000,38.970001,28.476076,259400
2012-11-07,38.540001,38.540001,37.750000,38.090000,27.833054,416200
2012-11-08,38.060001,38.200001,37.500000,37.500000,27.401928,243400
2012-11-09,37.340000,37.930000,37.320000,37.500000,27.401928,125600
2012-11-12,37.529999,37.619999,37.360001,37.450001,27.365385,191100
2012-11-13,37.160000,37.669998,36.959999,37.230000,27.204636,265500
2012-11-14,37.310001,37.310001,36.500000,36.580002,26.729673,180700
2012-11-15,36.570000,36.810001,36.230000,36.500000,26.671207,287300
2012-11-16,36.490002,36.669998,36.000000,36.630001,26.766205,124300
2012-11-19,37.080002,37.560001,37.080002,37.560001,27.445770,100500
2012-11-20,37.520000,37.529999,37.169998,37.400002,27.328856,366300
2012-11-21,37.430000,37.650002,37.340000,37.619999,27.489622,107300
2012-11-23,37.880001,38.169998,37.730000,38.169998,27.891502,65000
2012-11-26,37.950001,37.950001,37.599998,37.869999,27.672295,123900
2012-11-27,37.799999,37.889999,37.470001,37.500000,27.401928,87900
2012-11-28,37.160000,37.840000,37.000000,37.820000,27.635759,157500
2012-11-29,38.009998,38.230000,37.860001,37.970001,27.745367,280400
2012-11-30,37.930000,38.130001,37.730000,37.939999,27.723442,232900
2012-12-03,38.000000,38.169998,37.590000,37.590000,27.467690,520800
2012-12-04,37.450001,37.770000,37.450001,37.520000,27.416546,119200
2012-12-05,37.529999,37.849998,37.410000,37.599998,27.474998,159200
2012-12-06,37.490002,37.720001,37.459999,37.669998,27.526150,102000
2012-12-07,37.810001,37.889999,37.709999,37.849998,27.657671,102300
2012-12-10,37.880001,38.060001,37.849998,37.980000,27.752676,160700
2012-12-11,38.060001,38.250000,38.029999,38.099998,27.840359,345800
2012-12-12,38.250000,38.590000,38.169998,38.310001,27.993811,164000
2012-12-13,38.070000,38.200001,37.759998,37.900002,27.694216,592700
2012-12-14,37.730000,37.930000,37.709999,37.810001,27.628454,131400
2012-12-17,37.939999,38.130001,37.869999,38.099998,27.840359,220600
2012-12-18,38.290001,38.730000,38.090000,38.669998,28.256870,359900
2012-12-19,38.389999,38.540001,38.189999,38.209999,28.082670,719900
2012-12-20,38.160000,38.389999,38.040001,38.389999,28.214975,232700
2012-12-21,37.849998,38.189999,37.840000,38.080002,27.987141,266500
2012-12-24,38.020000,38.049999,37.770000,37.799999,27.781347,109600
2012-12-26,38.020000,38.080002,37.669998,37.680000,27.693161,357700
2012-12-27,37.759998,37.779999,37.310001,37.709999,27.715214,192100
2012-12-28,37.430000,37.470001,37.119999,37.200001,27.340364,170800
2012-12-31,37.000000,38.160000,37.000000,38.160000,28.045935,1438000
2013-01-02,38.639999,38.869999,38.459999,38.869999,28.567759,357700
2013-01-03,38.869999,39.180000,38.639999,38.759998,28.486898,214300
2013-01-04,38.709999,39.230000,38.709999,39.209999,28.817644,164600
2013-01-07,39.070000,39.080002,38.810001,38.930000,28.611847,192900
2013-01-08,38.810001,38.840000,38.570000,38.820000,28.531002,290700
2013-01-09,38.860001,38.939999,38.610001,38.759998,28.486898,120600
2013-01-10,39.009998,39.220001,38.919998,39.169998,28.788248,113500
2013-01-11,39.130001,39.200001,39.000000,39.169998,28.788248,105700
2013-01-14,39.169998,39.270000,39.020000,39.090000,28.729448,131900
2013-01-15,38.980000,39.310001,38.900002,39.310001,28.891132,83200
2013-01-16,39.220001,39.360001,39.119999,39.320000,28.898483,583400
2013-01-17,39.459999,39.709999,39.349998,39.509998,29.038118,94800
2013-01-18,39.490002,39.810001,39.459999,39.799999,29.251259,146900
2013-01-22,39.779999,40.259998,39.700001,40.259998,29.589340,124600
2013-01-23,40.169998,40.169998,39.950001,40.020000,29.412952,173600
2013-01-24,40.009998,40.290001,39.869999,39.980000,29.383547,200100
2013-01-25,40.110001,40.279999,39.959999,40.139999,29.501148,139800
2013-01-28,40.240002,40.240002,39.849998,40.060001,29.442341,114700
2013-01-29,40.169998,40.700001,40.169998,40.669998,29.890680,175700
2013-01-30,40.779999,40.970001,40.410000,40.459999,29.736328,143200
2013-01-31,40.360001,40.490002,40.169998,40.299999,29.618748,1053700
2013-02-01,40.520000,40.770000,40.299999,40.750000,29.949478,181600
2013-02-04,40.430000,40.560001,40.380001,40.410000,29.699585,101300
2013-02-05,40.650002,40.830002,40.520000,40.720001,29.927431,160300
2013-02-06,40.490002,40.700001,40.369999,40.700001,29.912725,100900
2013-02-07,40.650002,40.730000,40.369999,40.580002,29.824530,497800
2013-02-08,40.590000,40.830002,40.590000,40.830002,30.008265,473600
2013-02-11,40.750000,40.750000,40.500000,40.540001,29.795139,122000
2013-02-12,40.630001,40.799999,40.439999,40.730000,29.934772,142700
2013-02-13,40.810001,40.869999,40.700001,40.790001,29.978868,248300
2013-02-14,40.779999,41.150002,40.700001,41.060001,30.177305,79100
2013-02-15,41.009998,41.009998,40.320000,40.500000,29.765739,281600
2013-02-19,40.560001,40.840000,40.560001,40.779999,29.971508,206800
2013-02-20,40.720001,40.720001,39.689999,39.720001,29.192467,497700
2013-02-21,39.669998,39.669998,39.259998,39.529999,29.052818,176600
2013-02-22,39.730000,39.910000,39.490002,39.900002,29.324762,670300
2013-02-25,40.160000,40.290001,39.000000,39.000000,28.663307,774900
2013-02-26,39.180000,39.369999,38.740002,39.290001,28.876440,142100
2013-02-27,39.220001,39.880001,39.209999,39.820000,29.265976,274600
2013-02-28,39.790001,40.020000,39.689999,39.810001,29.258619,714000
2013-03-01,39.529999,39.630001,39.299999,39.630001,29.126322,240000
2013-03-04,39.529999,39.570000,39.049999,39.349998,28.920532,570300
2013-03-05,39.700001,39.770000,39.540001,39.619999,29.118971,534700
2013-03-06,39.759998,39.980000,39.680000,39.900002,29.324762,188600
2013-03-07,39.990002,40.189999,39.880001,40.130001,29.493805,64800
2013-03-08,40.310001,40.380001,40.119999,40.320000,29.633442,250000
2013-03-11,40.220001,40.389999,40.029999,40.330002,29.640787,439000
2013-03-12,40.400002,40.709999,40.360001,40.500000,29.765739,137400
2013-03-13,40.419998,40.509998,40.209999,40.259998,29.589340,138100
2013-03-14,40.369999,40.889999,40.349998,40.849998,30.022955,151400
2013-03-15,40.790001,41.060001,40.759998,40.849998,30.022955,1240000
2013-03-18,40.459999,40.810001,40.419998,40.560001,29.809830,1311100
2013-03-19,40.570000,40.610001,39.830002,40.110001,29.479103,1296400
2013-03-20,40.259998,40.470001,40.150002,40.400002,29.692230,280900
2013-03-21,40.279999,40.500000,40.200001,40.209999,29.552589,260300
2013-03-22,40.310001,40.520000,40.290001,40.419998,29.706923,142500
2013-03-25,40.430000,40.500000,39.959999,40.119999,29.584517,112800
2013-03-26,40.270000,40.480000,40.169998,40.459999,29.835241,581500
2013-03-27,40.230000,40.680000,40.160000,40.619999,29.953222,690700
2013-03-28,40.610001,40.740002,40.470001,40.570000,29.916361,1864700
2013-04-01,40.669998,40.669998,40.130001,40.320000,29.732014,279400
2013-04-02,40.400002,40.400002,39.919998,40.029999,29.518162,177000
2013-04-03,40.060001,40.060001,38.970001,39.119999,28.847126,202500
2013-04-04,39.060001,39.189999,38.840000,39.090000,28.825003,713200
2013-04-05,38.549999,39.220001,38.549999,39.220001,28.920866,201500
2013-04-08,39.310001,39.450001,39.150002,39.439999,29.083094,484100
2013-04-09,39.500000,40.099998,39.459999,39.959999,29.466545,115500
2013-04-10,39.950001,40.189999,39.950001,40.040001,29.525543,248700
2013-04-11,40.169998,40.310001,39.939999,40.099998,29.569777,152800
2013-04-12,39.700001,39.799999,39.060001,39.290001,28.972479,697300
2013-04-15,38.660000,38.660000,37.330002,37.340000,27.534555,732200
2013-04-16,37.779999,37.939999,37.369999,37.860001,27.918001,799300
2013-04-17,37.529999,37.529999,36.660000,36.860001,27.180593,358700
2013-04-18,36.990002,37.430000,36.639999,37.200001,27.431313,239100
2013-04-19,37.480000,37.540001,36.880001,37.139999,27.387068,107800
2013-04-22,37.459999,37.680000,37.009998,37.599998,27.726280,412600
2013-04-23,37.639999,37.880001,37.450001,37.849998,27.910625,359800
2013-04-24,37.950001,38.750000,37.950001,38.599998,28.463676,608400
2013-04-25,38.619999,39.189999,38.570000,38.700001,28.537422,207400
2013-04-26,38.570000,38.660000,38.169998,38.470001,28.367821,141900
2013-04-29,38.680000,39.040001,38.549999,38.919998,28.699644,135400
2013-04-30,38.930000,39.220001,38.599998,39.200001,28.906115,405400
2013-05-01,38.980000,38.980000,38.459999,38.540001,28.419439,405400
2013-05-02,38.779999,39.049999,38.500000,38.950001,28.721773,216700
2013-05-03,39.340000,39.820000,39.340000,39.650002,29.237955,179400
2013-05-06,39.689999,40.029999,39.689999,39.880001,29.407545,180000
2013-05-07,39.970001,40.270000,39.830002,40.110001,29.577148,205200
2013-05-08,40.119999,40.419998,40.090000,40.419998,29.805754,182600
2013-05-09,40.380001,40.529999,40.119999,40.270000,29.695154,99200
2013-05-10,40.000000,40.169998,39.700001,40.160000,29.614027,243000
2013-05-13,40.000000,40.119999,39.849998,40.040001,29.525543,343400
2013-05-14,40.060001,40.430000,40.060001,40.419998,29.805754,107200
2013-05-15,40.230000,40.360001,39.950001,40.200001,29.643524,202400
2013-05-16,40.060001,40.400002,39.970001,40.060001,29.540281,163100
2013-05-17,40.209999,40.599998,40.209999,40.560001,29.908983,284700
2013-05-20,40.549999,41.270000,40.500000,41.250000,30.417788,237300
2013-05-21,41.169998,41.450001,40.930000,41.090000,30.299812,1905900
2013-05-22,41.200001,41.599998,40.410000,40.630001,29.960606,500300
2013-05-23,40.080002,40.590000,39.990002,40.570000,29.916361,296900
2013-05-24,40.310001,40.349998,40.090000,40.340000,29.746756,133900
2013-05-28,40.810001,40.970001,40.549999,40.709999,30.019598,272200
2013-05-29,40.580002,40.860001,40.369999,40.799999,30.085962,172900
2013-05-30,40.730000,41.020000,40.560001,40.869999,30.137581,149500
2013-05-31,40.669998,40.730000,40.049999,40.049999,29.532909,358400
2013-06-03,40.150002,40.430000,39.990002,40.419998,29.805754,325500
2013-06-04,40.220001,40.410000,39.849998,40.110001,29.577148,221400
2013-06-05,40.060001,40.099998,39.650002,39.660000,29.245325,216400
2013-06-06,39.720001,40.060001,39.549999,40.060001,29.540281,207200
2013-06-07,40.119999,40.349998,39.939999,40.320000,29.732014,244100
2013-06-10,40.450001,40.450001,40.090000,40.209999,29.650894,347000
2013-06-11,39.680000,39.880001,39.500000,39.520000,29.142092,169100
2013-06-12,39.820000,39.880001,39.209999,39.279999,28.965113,153500
2013-06-13,39.169998,40.000000,39.169998,39.950001,29.459169,398000
2013-06-14,39.959999,40.020000,39.509998,39.560001,29.171583,119300
2013-06-17,39.860001,40.150002,39.830002,40.060001,29.540281,123500
2013-06-18,40.000000,40.320000,40.000000,40.230000,29.665646,250800
2013-06-19,40.169998,40.389999,39.740002,39.740002,29.304317,387500
2013-06-20,39.040001,39.130001,38.310001,38.439999,28.345692,239300
2013-06-21,38.730000,38.730000,37.959999,38.480000,28.375200,239200
2013-06-24,38.000000,38.200001,37.270000,37.759998,27.844257,278400
2013-06-25,38.119999,38.299999,37.849998,38.189999,28.161345,1918400
2013-06-26,38.119999,38.240002,37.849998,38.119999,28.238379,665300
2013-06-27,38.330002,38.540001,38.240002,38.259998,28.342093,432000
2013-06-28,38.130001,38.580002,38.020000,38.259998,28.342093,935300
2013-07-01,38.529999,38.910000,38.450001,38.619999,28.608765,243400
2013-07-02,38.680000,38.880001,38.380001,38.580002,28.579147,190100
2013-07-03,38.500000,38.669998,38.340000,38.639999,28.623585,86700
2013-07-05,38.910000,38.939999,38.419998,38.939999,28.845819,110600
2013-07-08,39.160000,39.360001,39.080002,39.150002,29.001390,454600
2013-07-09,39.419998,39.650002,39.320000,39.619999,29.349545,156800
2013-07-10,39.669998,39.700001,39.360001,39.459999,29.231022,168900
2013-07-11,40.040001,40.180000,39.790001,40.130001,29.727341,155000
2013-07-12,40.000000,40.169998,39.919998,40.150002,29.742163,184400
2013-07-15,40.240002,40.250000,40.070000,40.119999,29.719934,210800
2013-07-16,40.169998,40.209999,39.770000,40.029999,29.653265,328100
2013-07-17,40.160000,40.320000,40.060001,40.139999,29.734747,112100
2013-07-18,40.299999,40.630001,40.299999,40.520000,30.016239,132400
2013-07-19,40.669998,41.119999,40.619999,41.119999,30.460720,250700
2013-07-22,41.169998,41.389999,41.139999,41.230000,30.542200,200100
2013-07-23,41.279999,41.450001,41.270000,41.380001,30.653316,253200
2013-07-24,41.450001,41.450001,40.549999,40.720001,30.164389,1407800
2013-07-25,40.700001,41.060001,40.619999,40.980000,30.357008,543400
2013-07-26,40.820000,40.880001,40.529999,40.849998,30.260702,213300
2013-07-29,40.720001,40.770000,40.389999,40.560001,30.045876,252500
2013-07-30,40.590000,40.660000,40.230000,40.419998,29.942177,318100
2013-07-31,40.520000,40.939999,40.470001,40.580002,30.060699,933500
2013-08-01,40.860001,41.240002,40.860001,41.180000,30.505157,292100
2013-08-02,41.240002,41.240002,40.889999,41.029999,30.394039,105000
2013-08-05,40.990002,41.000000,40.770000,40.939999,30.327364,297400
2013-08-06,40.869999,40.930000,40.450001,40.549999,30.038469,99800
2013-08-07,40.470001,40.529999,40.209999,40.340000,29.882912,133900
2013-08-08,40.540001,40.900002,40.369999,40.820000,30.238487,111800
2013-08-09,40.830002,40.950001,40.619999,40.849998,30.260702,100400
2013-08-12,40.750000,40.980000,40.669998,40.840000,30.253304,87200
2013-08-13,40.880001,40.950001,40.650002,40.820000,30.238487,111600
2013-08-14,40.900002,40.970001,40.820000,40.889999,30.290340,122800
2013-08-15,40.700001,40.959999,40.500000,40.930000,30.319969,250400
2013-08-16,40.970001,40.970001,40.650002,40.779999,30.208843,666100
2013-08-19,40.639999,40.740002,40.099998,40.099998,29.705122,711200
2013-08-20,40.119999,40.610001,40.029999,40.410000,29.934757,555300
2013-08-21,40.320000,40.439999,40.000000,40.029999,29.653265,259700
2013-08-22,40.270000,41.040001,40.209999,40.650002,30.112539,131200
2013-08-23,40.669998,41.040001,40.570000,41.000000,30.371828,259500
2013-08-26,41.080002,41.290001,40.950001,40.980000,30.357008,151700
2013-08-27,40.849998,41.020000,40.540001,40.590000,30.068098,92600
2013-08-28,40.650002,41.320000,40.650002,41.049999,30.408859,118900
2013-08-29,41.020000,41.020000,40.650002,40.759998,30.194035,82700
2013-08-30,40.779999,40.860001,40.529999,40.630001,30.097725,523300
2013-09-03,41.029999,41.150002,40.730000,40.950001,30.334774,134500
2013-09-04,40.820000,41.189999,40.810001,41.150002,30.482944,115500
2013-09-05,41.189999,41.419998,41.180000,41.279999,30.579235,179700
2013-09-06,41.500000,41.660000,41.169998,41.410000,30.675547,115200
2013-09-09,41.450001,41.869999,41.450001,41.840000,30.994070,453300
2013-09-10,41.869999,41.869999,41.480000,41.740002,30.920004,158700
2013-09-11,41.650002,42.049999,41.529999,42.049999,31.149618,186700
2013-09-12,41.910000,42.020000,41.700001,41.709999,30.897772,204800
2013-09-13,41.689999,41.860001,41.689999,41.770000,30.942213,219000
2013-09-16,42.060001,42.080002,41.740002,41.770000,30.942213,200200
2013-09-17,41.750000,42.049999,41.750000,41.970001,31.090374,132400
2013-09-18,41.860001,42.849998,41.799999,42.700001,31.631140,162100
2013-09-19,42.730000,42.840000,42.419998,42.509998,31.490383,501400
2013-09-20,42.509998,42.509998,41.919998,41.990002,31.105194,259400
2013-09-23,41.840000,41.970001,41.700001,41.770000,30.942213,98700
2013-09-24,41.669998,41.980000,41.480000,41.720001,31.009859,160400
2013-09-25,41.730000,42.080002,41.730000,41.810001,31.076767,114200
2013-09-26,41.970001,42.009998,41.709999,41.889999,31.136217,86100
2013-09-27,41.689999,41.779999,41.619999,41.700001,30.994991,1520100
2013-09-30,41.310001,41.599998,41.150002,41.439999,30.801741,1384000
2013-10-01,41.270000,41.799999,41.250000,41.709999,31.002430,731000
2013-10-02,41.520000,41.869999,41.389999,41.770000,31.047028,1133200
2013-10-03,41.639999,41.720001,41.220001,41.450001,30.809166,681600
2013-10-04,41.470001,41.919998,41.410000,41.820000,31.084183,87000
2013-10-07,41.560001,41.750000,41.340000,41.540001,30.876074,79600
2013-10-08,41.520000,41.630001,40.959999,40.959999,30.444969,125700
2013-10-09,41.040001,41.040001,40.570000,40.860001,30.370626,195400
2013-10-10,41.130001,41.680000,41.130001,41.619999,30.935530,519600
2013-10-11,41.430000,42.049999,41.430000,41.970001,31.195677,66000
2013-10-14,41.669998,42.270000,41.669998,42.220001,31.381498,76800
2013-10-15,42.189999,42.299999,41.939999,42.099998,31.292311,121500
2013-10-16,42.310001,42.689999,42.310001,42.639999,31.693684,123900
2013-10-17,42.680000,42.919998,42.610001,42.880001,31.872072,126900
2013-10-18,43.200001,43.330002,43.029999,43.320000,32.199104,79200
2013-10-21,43.290001,43.509998,43.110001,43.180000,32.095047,134700
2013-10-22,43.450001,43.799999,43.360001,43.549999,32.370060,244400
2013-10-23,43.299999,43.299999,42.750000,42.810001,31.820040,239700
2013-10-24,42.860001,43.250000,42.810001,43.220001,32.124783,71900
2013-10-25,43.340000,43.480000,43.160000,43.450001,32.295738,156500
2013-10-28,43.400002,43.520000,43.259998,43.439999,32.288303,102300
2013-10-29,43.720001,43.720001,43.509998,43.660000,32.451828,64800
2013-10-30,43.700001,43.900002,43.040001,43.430000,32.280884,147600
2013-10-31,43.349998,43.570000,43.139999,43.200001,32.109921,179400
2013-11-01,43.200001,43.200001,42.500000,42.919998,31.901793,196900
2013-11-04,43.139999,43.490002,43.040001,43.459999,32.303173,117500
2013-11-05,43.349998,43.349998,42.980000,43.060001,32.005859,134400
2013-11-06,43.330002,43.500000,42.990002,43.099998,32.035591,102900
2013-11-07,43.220001,43.220001,42.250000,42.360001,31.485554,267900
2013-11-08,42.270000,43.029999,42.270000,43.020000,31.976126,145400
2013-11-11,43.000000,43.139999,42.970001,43.070000,32.013287,63600
2013-11-12,43.000000,43.029999,42.480000,42.610001,31.671385,129100
2013-11-13,42.500000,43.020000,42.470001,42.990002,31.953829,268800
2013-11-14,42.980000,43.360001,42.980000,43.340000,32.213985,68500
2013-11-15,43.430000,43.560001,43.279999,43.520000,32.347782,99500
2013-11-18,43.680000,43.680000,42.970001,43.090000,32.028156,93500
2013-11-19,43.029999,43.279999,42.820000,43.090000,32.028156,128700
2013-11-20,43.220001,43.360001,42.849998,42.959999,31.931530,165100
2013-11-21,43.060001,43.400002,42.970001,43.340000,32.213985,359800
2013-11-22,43.369999,43.490002,43.150002,43.480000,32.318035,122400
2013-11-25,43.360001,43.360001,42.869999,43.020000,31.976126,471400
2013-11-26,43.080002,43.189999,42.799999,42.970001,31.938961,238300
2013-11-27,42.869999,43.029999,42.470001,42.660000,31.708555,134300
2013-11-29,42.759998,43.029999,42.540001,42.660000,31.708555,67400
2013-12-02,42.630001,42.860001,42.340000,42.529999,31.611917,159200
2013-12-03,42.439999,42.750000,42.349998,42.580002,31.649086,937400
2013-12-04,42.540001,42.630001,42.130001,42.470001,31.567329,140300
2013-12-05,42.340000,42.490002,42.220001,42.259998,31.411228,102500
2013-12-06,42.619999,42.650002,42.200001,42.320000,31.455828,141700
2013-12-09,42.450001,42.500000,42.209999,42.380001,31.500427,128800
2013-12-10,42.470001,42.650002,42.389999,42.389999,31.507862,158300
2013-12-11,42.380001,42.380001,41.660000,41.740002,31.024736,441300
2013-12-12,41.700001,42.009998,41.610001,41.860001,31.113914,134700
2013-12-13,41.830002,41.860001,41.630001,41.820000,31.084183,144300
2013-12-16,41.970001,42.209999,41.939999,42.130001,31.314604,269100
2013-12-17,42.060001,42.139999,41.759998,41.910000,31.151083,365800
2013-12-18,42.029999,42.410000,41.630001,42.369999,31.492992,334000
2013-12-19,42.250000,42.459999,42.110001,42.430000,31.537584,328300
2013-12-20,42.500000,42.740002,42.450001,42.639999,31.693684,421900
2013-12-23,42.610001,42.709999,42.459999,42.500000,31.741484,731600
2013-12-24,42.540001,42.830002,42.529999,42.790001,31.958069,296400
2013-12-26,42.939999,43.080002,42.889999,43.049999,32.152252,355400
2013-12-27,43.220001,43.290001,43.040001,43.259998,32.309093,591200
2013-12-30,43.270000,43.360001,42.959999,42.970001,32.092499,971100
2013-12-31,43.080002,43.400002,42.950001,43.389999,32.406178,403800
2014-01-02,43.160000,43.340000,42.720001,42.869999,32.017818,456500
2014-01-03,42.919998,43.090000,42.660000,42.720001,31.905787,312700
2014-01-06,42.869999,42.869999,42.509998,42.689999,31.883383,133000
2014-01-07,42.709999,42.950001,42.630001,42.939999,32.070087,74300
2014-01-08,42.919998,42.919998,42.560001,42.700001,31.890842,156800
2014-01-09,42.680000,42.709999,42.250000,42.500000,31.741484,118000
2014-01-10,42.540001,42.709999,42.459999,42.709999,31.898312,102200
2014-01-13,42.580002,42.639999,41.930000,42.000000,31.368057,214300
2014-01-14,42.080002,42.470001,42.070000,42.450001,31.704142,165100
2014-01-15,42.500000,42.570000,42.349998,42.410000,31.674255,139900
2014-01-16,42.400002,42.549999,42.230000,42.549999,31.778828,137600
2014-01-17,42.590000,42.830002,42.450001,42.509998,31.748938,99600
2014-01-21,42.720001,42.869999,42.560001,42.820000,31.980471,127200
2014-01-22,42.910000,42.980000,42.709999,42.930000,32.062626,181500
2014-01-23,42.820000,42.900002,42.400002,42.560001,31.786283,274000
2014-01-24,42.310001,42.310001,41.590000,41.660000,31.114120,186000
2014-01-27,41.709999,41.720001,41.099998,41.330002,30.867653,169700
2014-01-28,41.450001,41.770000,41.389999,41.740002,31.173878,102300
2014-01-29,41.459999,41.830002,41.270000,41.610001,31.076771,102400
2014-01-30,41.779999,41.869999,41.500000,41.680000,31.129044,751800
2014-01-31,41.240002,41.650002,41.150002,41.340000,30.875128,1653300
2014-02-03,41.389999,41.450001,40.529999,40.570000,30.300037,430200
2014-02-04,40.720001,41.009998,40.639999,40.939999,30.576370,313000
2014-02-05,40.930000,40.930000,40.560001,40.660000,30.367260,350900
2014-02-06,40.820000,41.369999,40.820000,41.299999,30.845249,157600
2014-02-07,41.500000,41.830002,41.320000,41.779999,31.203741,226400
2014-02-10,41.740002,41.740002,41.509998,41.660000,31.114120,153000
2014-02-11,41.700001,42.419998,41.660000,42.299999,31.592115,225600
2014-02-12,42.369999,42.540001,42.209999,42.220001,31.532356,253300
2014-02-13,42.000000,42.650002,41.939999,42.570000,31.793755,336600
2014-02-14,42.669998,43.070000,42.630001,42.980000,32.099968,264300
2014-02-18,43.099998,43.290001,43.029999,43.250000,32.301620,142900
2014-02-19,43.130001,43.580002,43.080002,43.119999,32.204529,188300
2014-02-20,43.139999,43.490002,43.090000,43.439999,32.443523,1564800
2014-02-21,43.470001,43.470001,43.169998,43.169998,32.241871,162800
2014-02-24,43.310001,44.090000,43.310001,43.770000,32.689987,305300
2014-02-25,43.680000,43.779999,43.369999,43.680000,32.622772,140500
2014-02-26,43.740002,43.740002,43.340000,43.480000,32.473392,162900
2014-02-27,43.419998,43.540001,43.250000,43.490002,32.480869,329200
2014-02-28,43.470001,43.880001,43.470001,43.709999,32.645172,676500
2014-03-03,43.480000,43.970001,43.419998,43.509998,32.495804,287000
2014-03-04,43.869999,44.090000,43.720001,43.930000,32.809483,180300
2014-03-05,43.889999,43.970001,43.639999,43.750000,32.675053,628500
2014-03-06,43.799999,44.099998,43.799999,44.040001,32.891644,94800
2014-03-07,44.119999,44.119999,43.840000,44.000000,32.861782,126800
2014-03-10,43.970001,43.980000,43.639999,43.950001,32.824425,177500
2014-03-11,43.990002,44.070000,43.340000,43.450001,32.450989,562100
2014-03-12,43.209999,43.560001,43.139999,43.490002,32.480869,148300
2014-03-13,43.560001,43.560001,43.000000,43.139999,32.219467,1507300
2014-03-14,43.080002,43.369999,43.080002,43.250000,32.301620,118700
2014-03-17,43.310001,43.610001,43.299999,43.419998,32.428585,204900
2014-03-18,43.430000,43.830002,43.380001,43.730000,32.660103,143500
2014-03-19,43.740002,43.740002,43.099998,43.310001,32.346432,195700
2014-03-20,43.110001,43.529999,42.959999,43.500000,32.488350,156800
2014-03-21,43.689999,43.959999,43.660000,43.730000,32.660103,298400
2014-03-24,43.779999,43.959999,43.380001,43.439999,32.443523,285900
2014-03-25,43.520000,43.709999,43.520000,43.639999,32.710369,328200
2014-03-26,43.810001,43.910000,43.320000,43.330002,32.478008,423000
2014-03-27,43.349998,43.830002,43.290001,43.740002,32.785316,160700
2014-03-28,43.900002,44.360001,43.880001,44.259998,33.175076,636700
2014-03-31,44.490002,44.490002,44.160000,44.310001,33.212563,861100
2014-04-01,44.400002,44.570000,44.299999,44.549999,33.392452,335000
2014-04-02,44.540001,44.900002,44.540001,44.830002,33.602333,109200
2014-04-03,44.840000,45.119999,44.799999,45.009998,33.737236,215300
2014-04-04,45.330002,45.500000,44.840000,44.919998,33.669792,365000
2014-04-07,44.820000,44.840000,44.169998,44.220001,33.145096,157700
2014-04-08,44.310001,44.770000,44.310001,44.720001,33.519875,112700
2014-04-09,44.840000,45.070000,44.549999,45.020000,33.744743,149700
2014-04-10,44.900002,45.090000,44.290001,44.380001,33.265041,201300
2014-04-11,44.169998,44.459999,44.070000,44.119999,33.070141,536300
2014-04-14,44.459999,44.779999,44.270000,44.639999,33.459919,99900
2014-04-15,44.580002,45.080002,44.430000,45.070000,33.782211,166800
2014-04-16,45.299999,45.560001,45.250000,45.560001,34.149502,109000
2014-04-17,45.590000,46.020000,45.529999,45.919998,34.419338,141800
2014-04-21,45.939999,46.160000,45.900002,46.150002,34.591743,1195600
2014-04-22,46.040001,46.259998,45.840000,46.160000,34.599239,138500
2014-04-23,46.150002,46.529999,46.150002,46.430000,34.801620,218300
2014-04-24,46.529999,46.599998,46.310001,46.369999,34.756634,101300
2014-04-25,46.279999,46.380001,45.950001,46.099998,34.554256,110600
2014-04-28,46.209999,46.250000,45.700001,46.040001,34.509277,348900
2014-04-29,46.279999,46.720001,46.279999,46.410000,34.786621,220400
2014-04-30,46.310001,46.400002,46.040001,46.349998,34.741646,134600
2014-05-01,46.259998,46.389999,46.099998,46.180000,34.614212,478500
2014-05-02,46.240002,46.619999,46.080002,46.400002,34.779125,112100
2014-05-05,46.299999,46.590000,46.169998,46.500000,34.854076,166500
2014-05-06,46.410000,46.750000,46.400002,46.540001,34.884060,218700
2014-05-07,46.740002,46.950001,46.439999,46.869999,35.131409,282500
2014-05-08,46.770000,46.860001,46.130001,46.189999,34.621727,209600
2014-05-09,46.220001,46.220001,45.930000,46.119999,34.569256,100100
2014-05-12,46.380001,46.549999,46.320000,46.529999,34.876556,133900
2014-05-13,46.639999,46.790001,46.560001,46.680000,34.988991,94100
2014-05-14,46.680000,46.880001,46.669998,46.720001,35.018986,242100
2014-05-15,46.610001,46.619999,45.820000,46.180000,34.614212,129600
2014-05-16,46.119999,46.119999,45.820000,46.040001,34.509277,157200
2014-05-19,46.040001,46.330002,46.009998,46.209999,34.636707,160200
2014-05-20,46.180000,46.240002,45.939999,46.029999,34.501778,78600
2014-05-21,46.209999,46.560001,46.209999,46.520000,34.869076,128600
2014-05-22,46.520000,46.700001,46.450001,46.500000,34.854076,88300
2014-05-23,46.520000,46.650002,46.430000,46.470001,34.831593,88400
2014-05-27,46.570000,46.610001,46.279999,46.439999,34.809097,209800
2014-05-28,46.450001,46.580002,46.250000,46.480000,34.839092,124600
2014-05-29,46.610001,46.930000,46.400002,46.900002,35.153889,161900
2014-05-30,46.770000,46.950001,46.669998,46.919998,35.168892,206700
2014-06-02,46.980000,47.049999,46.770000,46.900002,35.153889,370000
2014-06-03,46.820000,47.099998,46.799999,47.080002,35.288822,186500
2014-06-04,47.090000,47.130001,46.840000,47.070000,35.281319,313400
2014-06-05,46.980000,47.389999,46.919998,47.320000,35.468716,169400
2014-06-06,47.470001,47.740002,47.419998,47.700001,35.753536,81400
2014-06-09,47.770000,48.000000,47.660000,47.779999,35.813499,107800
2014-06-10,47.700001,47.830002,47.639999,47.770000,35.806004,79100
2014-06-11,47.680000,48.040001,47.630001,47.990002,35.970917,170100
2014-06-12,48.150002,48.490002,48.150002,48.270000,36.180786,129000
2014-06-13,48.349998,48.790001,48.160000,48.790001,36.570541,174400
2014-06-16,48.930000,49.080002,48.779999,48.970001,36.705463,243100
2014-06-17,48.830002,48.939999,48.680000,48.919998,36.667980,186000
2014-06-18,48.980000,49.389999,48.849998,49.360001,36.997799,187900
2014-06-19,49.419998,49.759998,49.369999,49.759998,37.297619,174000
2014-06-20,49.950001,50.200001,49.849998,50.180000,37.612423,158900
2014-06-23,50.090000,50.500000,50.090000,50.400002,37.777325,252400
2014-06-24,50.250000,50.250000,49.119999,49.150002,36.956978,318200
2014-06-25,49.049999,49.599998,48.970001,49.549999,37.257748,155700
2014-06-26,49.590000,49.700001,49.220001,49.700001,37.370533,126100
2014-06-27,49.619999,49.840000,49.500000,49.799999,37.445721,108800
2014-06-30,49.779999,50.000000,49.619999,49.950001,37.558529,895100
2014-07-01,50.160000,50.310001,49.930000,49.980000,37.581074,414400
2014-07-02,50.009998,50.099998,49.860001,49.930000,37.543476,280300
2014-07-03,50.090000,50.130001,49.830002,50.130001,37.693867,179100
2014-07-07,50.040001,50.040001,49.580002,49.650002,37.332943,171300
2014-07-08,49.590000,49.680000,49.330002,49.610001,37.302868,150000
2014-07-09,49.650002,49.970001,49.619999,49.919998,37.535957,194700
2014-07-10,49.520000,49.689999,49.279999,49.439999,37.175034,194900
2014-07-11,49.369999,49.369999,49.020000,49.150002,36.956978,175900
2014-07-14,49.220001,49.529999,49.220001,49.500000,37.220150,295300
2014-07-15,49.369999,49.500000,48.799999,49.130001,36.941936,265000
2014-07-16,49.279999,49.869999,49.279999,49.869999,37.498360,136200
2014-07-17,49.799999,49.970001,49.130001,49.180000,36.979542,112800
2014-07-18,49.259998,49.490002,49.099998,49.389999,37.137436,150100
2014-07-21,49.290001,49.450001,49.160000,49.389999,37.137436,167300
2014-07-22,49.660000,49.820000,49.619999,49.709999,37.378044,82900
2014-07-23,49.759998,50.000000,49.580002,49.990002,37.588589,64900
2014-07-24,50.029999,50.189999,49.880001,50.029999,37.618675,153300
2014-07-25,49.880001,49.880001,49.650002,49.709999,37.378044,68900
2014-07-28,49.770000,49.950001,49.310001,49.540001,37.250237,116000
2014-07-29,49.520000,49.669998,49.389999,49.410000,37.152477,149600
2014-07-30,49.599998,49.709999,48.959999,49.130001,36.941936,136600
2014-07-31,48.830002,48.830002,48.040001,48.040001,36.122349,639400
2014-08-01,47.889999,48.099998,47.259998,47.639999,35.821564,448000
2014-08-04,47.680000,48.480000,47.529999,48.360001,36.362961,221400
2014-08-05,48.270000,48.270000,47.139999,47.430000,35.663673,317700
2014-08-06,47.320000,48.080002,47.290001,47.610001,35.799011,129800
2014-08-07,47.779999,47.860001,47.080002,47.259998,35.535851,86000
2014-08-08,47.349998,48.020000,47.259998,47.980000,36.077217,341300
2014-08-11,48.209999,48.490002,48.060001,48.080002,36.152416,87700
2014-08-12,47.959999,48.020000,47.619999,47.770000,35.919323,103100
2014-08-13,48.029999,48.139999,47.750000,47.860001,35.987007,98600
2014-08-14,47.889999,47.990002,47.490002,47.529999,35.738850,140700
2014-08-15,47.660000,47.939999,47.509998,47.930000,36.039623,177000
2014-08-18,48.160000,48.160000,47.840000,48.040001,36.122349,214100
2014-08-19,48.110001,48.490002,48.110001,48.400002,36.393028,257300
2014-08-20,48.400002,48.560001,48.169998,48.520000,36.483269,152800
2014-08-21,48.459999,48.560001,48.259998,48.500000,36.468220,115700
2014-08-22,48.480000,48.480000,48.080002,48.259998,36.287766,141700
2014-08-25,48.470001,48.669998,48.380001,48.650002,36.581013,95100
2014-08-26,48.750000,49.119999,48.750000,48.910000,36.776520,205000
2014-08-27,48.939999,49.080002,48.799999,48.930000,36.791553,174400
2014-08-28,48.980000,48.980000,48.740002,48.930000,36.791553,106000
2014-08-29,49.000000,49.290001,48.919998,49.259998,37.039684,76300
2014-09-02,49.189999,49.200001,48.430000,48.610001,36.550945,266700
2014-09-03,48.860001,49.000000,48.720001,48.730000,36.641178,126600
2014-09-04,48.790001,48.889999,47.880001,48.049999,36.129860,137900
2014-09-05,48.110001,48.349998,47.799999,48.330002,36.340405,135100
2014-09-08,48.189999,48.209999,47.360001,47.570000,35.768936,168500
2014-09-09,47.570000,47.790001,47.099998,47.389999,35.633591,145000
2014-09-10,47.310001,47.369999,46.799999,47.299999,35.565918,320400
2014-09-11,47.029999,47.419998,46.799999,47.389999,35.633591,120300
2014-09-12,47.290001,47.290001,46.560001,46.740002,35.144855,734700
2014-09-15,46.660000,47.090000,46.419998,46.950001,35.302746,149400
2014-09-16,46.849998,47.759998,46.849998,47.459999,35.686230,110400
2014-09-17,47.590000,47.610001,47.119999,47.169998,35.468178,107200
2014-09-18,47.270000,47.330002,46.770000,46.889999,35.257633,90600
2014-09-19,46.980000,47.130001,46.639999,46.639999,35.069664,362700
2014-09-22,46.540001,46.540001,45.770000,45.869999,34.490677,121600
2014-09-23,45.840000,46.200001,45.750000,45.779999,34.423004,230200
2014-09-24,45.630001,45.930000,45.009998,45.689999,34.476566,151600
2014-09-25,45.590000,45.590000,44.970001,44.970001,33.933281,123200
2014-09-26,45.009998,45.630001,44.799999,45.470001,34.310566,321800
2014-09-29,44.959999,45.459999,44.889999,45.360001,34.227558,233900
2014-09-30,45.259998,45.430000,44.500000,44.750000,33.767262,289300
2014-10-01,44.529999,44.990002,43.759998,43.910000,33.133438,709600
2014-10-02,43.630001,43.919998,42.869999,43.689999,32.967419,559600
2014-10-03,43.830002,43.830002,43.230000,43.529999,32.846691,362500
2014-10-06,43.689999,43.950001,43.230000,43.580002,32.884422,332200
2014-10-07,43.400002,43.740002,42.840000,42.840000,32.326038,131800
2014-10-08,42.779999,43.369999,41.959999,43.340000,32.703323,394800
2014-10-09,43.070000,43.070000,41.580002,41.700001,31.465826,210900
2014-10-10,41.570000,41.950001,40.639999,41.040001,30.967794,788900
2014-10-13,40.939999,41.430000,39.759998,39.790001,30.024588,1362800
2014-10-14,40.070000,40.439999,39.150002,39.340000,29.685019,779700
2014-10-15,38.860001,39.750000,38.240002,39.610001,29.888748,1122100
2014-10-16,38.770000,40.680000,38.730000,40.340000,30.439594,639900
2014-10-17,41.119999,41.500000,40.360001,40.689999,30.703686,247200
2014-10-20,40.639999,41.090000,40.439999,41.090000,31.005539,233700
2014-10-21,41.500000,42.340000,41.480000,42.270000,31.895918,331700
2014-10-22,42.310001,42.529999,41.340000,41.360001,31.209259,231300
2014-10-23,41.830002,42.450001,41.650002,42.130001,31.790281,280400
2014-10-24,42.119999,42.119999,41.480000,41.980000,31.677092,604900
2014-10-27,41.349998,41.349998,40.650002,41.009998,30.945164,310500
2014-10-28,41.220001,42.000000,40.980000,41.959999,31.662010,319600
2014-10-29,42.279999,42.580002,41.560001,41.939999,31.646915,670000
2014-10-30,41.630001,41.840000,41.240002,41.590000,31.382803,226900
2014-10-31,41.650002,42.320000,41.150002,42.299999,31.918560,291600
2014-11-03,42.259998,42.730000,41.540001,41.630001,31.412996,389300
2014-11-04,41.200001,41.200001,40.380001,40.650002,30.673508,257500
2014-11-05,41.049999,41.560001,40.750000,41.320000,31.179075,468300
2014-11-06,41.150002,41.830002,40.959999,41.830002,31.563906,430100
2014-11-07,41.910000,42.779999,41.910000,42.599998,32.144932,354700
2014-11-10,42.860001,43.090000,42.020000,42.110001,31.775190,246700
2014-11-11,42.180000,42.450001,41.849998,42.330002,31.941202,625300
2014-11-12,42.099998,42.590000,42.009998,42.119999,31.782730,335800
2014-11-13,41.939999,41.970001,40.910000,41.459999,31.284712,293700
2014-11-14,41.700001,42.049999,41.430000,42.000000,31.692192,211000
2014-11-17,41.799999,42.060001,41.599998,41.830002,31.563906,419700
2014-11-18,41.810001,42.150002,41.669998,41.939999,31.646915,655400
2014-11-19,42.009998,42.150002,41.560001,41.939999,31.646915,195900
2014-11-20,41.919998,42.639999,41.919998,42.610001,32.152496,151000
2014-11-21,43.320000,43.580002,42.919998,43.169998,32.575039,575100
2014-11-24,43.090000,43.259998,42.660000,42.849998,32.333580,1612700
2014-11-25,43.080002,43.080002,42.200001,42.310001,31.926111,409400
2014-11-26,42.200001,42.220001,41.709999,41.790001,31.533726,473100
2014-11-28,40.099998,40.099998,38.810001,38.910000,29.360542,644100
2014-12-01,38.630001,39.099998,38.220001,38.950001,29.390732,1872200
2014-12-02,38.770000,39.759998,38.650002,39.310001,29.662386,1063400
2014-12-03,39.520000,40.209999,39.410000,39.869999,30.084944,889600
2014-12-04,39.529999,39.669998,39.180000,39.389999,29.722740,557000
2014-12-05,39.279999,39.340000,38.790001,38.900002,29.353001,559900
2014-12-08,38.419998,38.419998,37.220001,37.330002,28.168325,473400
2014-12-09,37.189999,38.000000,37.020000,37.840000,28.553143,3278700
2014-12-10,37.270000,37.270000,36.400002,36.599998,27.617474,826200
2014-12-11,36.459999,37.340000,36.410000,36.439999,27.496742,1107200
2014-12-12,36.080002,36.430000,35.770000,35.790001,27.006271,1629100
2014-12-15,36.040001,36.310001,35.150002,35.220001,26.576160,1504300
2014-12-16,34.919998,36.660000,34.830002,35.639999,26.893087,1582100
2014-12-17,35.759998,37.520000,35.759998,37.290001,28.138130,1394800
2014-12-18,38.099998,38.369999,37.150002,38.099998,28.749336,1290500
2014-12-19,38.480000,39.419998,38.099998,39.200001,29.579378,1625000
2014-12-22,38.880001,38.880001,38.320000,38.639999,29.156815,1287700
2014-12-23,38.860001,39.189999,38.669998,39.070000,29.481285,1053100
2014-12-24,38.730000,38.759998,38.189999,38.639999,29.326450,721600
2014-12-26,38.860001,39.020000,38.560001,38.730000,29.394760,658700
2014-12-29,38.779999,39.099998,38.630001,38.810001,29.455471,722000
2014-12-30,38.660000,38.900002,38.459999,38.599998,29.296087,1366600
2014-12-31,38.389999,38.709999,38.060001,38.320000,29.083584,914500
2015-01-02,38.180000,38.599998,37.980000,38.490002,29.212603,597400
2015-01-05,37.939999,37.990002,36.750000,36.970001,28.058981,1008500
2015-01-06,36.840000,37.220001,36.270000,36.509998,27.709848,817500
2015-01-07,36.880001,36.990002,36.299999,36.500000,27.702263,1144000
2015-01-08,36.750000,37.400002,36.730000,37.299999,28.309423,435300
2015-01-09,37.299999,37.410000,36.770000,37.090000,28.150059,423900
2015-01-12,36.630001,36.630001,35.950001,36.150002,27.436623,439000
2015-01-13,36.299999,36.490002,35.459999,35.799999,27.170982,1023400
2015-01-14,35.450001,35.849998,34.849998,35.849998,27.208942,487200
2015-01-15,36.290001,36.389999,35.470001,35.490002,26.935709,592100
2015-01-16,35.650002,36.730000,35.650002,36.709999,27.861654,715800
2015-01-20,36.509998,36.680000,36.099998,36.650002,27.816113,1440500
2015-01-21,36.860001,37.389999,36.770000,37.320000,28.324615,1087100
2015-01-22,37.540001,37.610001,37.000000,37.500000,28.461233,527100
2015-01-23,37.419998,37.700001,37.209999,37.209999,28.241129,1287600
2015-01-26,37.349998,37.779999,37.070000,37.730000,28.635796,616100
2015-01-27,37.459999,37.930000,37.369999,37.840000,28.719278,342700
2015-01-28,37.730000,37.730000,36.330002,36.389999,27.618776,681100
2015-01-29,36.570000,36.619999,35.669998,36.410000,27.633959,463800
2015-01-30,36.160000,37.279999,35.950001,36.849998,27.967899,582600
2015-02-02,37.240002,37.980000,37.080002,37.970001,28.817940,921900
2015-02-03,38.540001,39.220001,38.340000,38.970001,29.576914,1493900
2015-02-04,38.480000,38.610001,38.009998,38.290001,29.060816,1487500
2015-02-05,38.689999,39.150002,38.549999,39.009998,29.607273,839200
2015-02-06,39.259998,39.259998,38.730000,38.840000,29.478243,587300
2015-02-09,38.950001,39.380001,38.889999,38.980000,29.584490,558700
2015-02-10,38.990002,38.990002,38.250000,38.860001,29.493422,883300
2015-02-11,38.360001,38.779999,38.230000,38.590000,29.288507,916400
2015-02-12,39.049999,39.400002,38.980000,39.209999,29.759069,620800
2015-02-13,39.619999,39.980000,39.580002,39.939999,30.313120,886700
2015-02-17,39.799999,40.150002,39.529999,40.040001,30.389009,535700
2015-02-18,39.709999,39.919998,39.480000,39.689999,30.123373,390600
2015-02-19,38.950001,39.709999,38.820000,39.470001,29.956400,1149300
2015-02-20,39.410000,39.619999,39.090000,39.279999,29.812191,433700
2015-02-23,38.849998,39.400002,38.799999,39.139999,29.705940,392500
2015-02-24,39.340000,39.340000,38.970001,39.180000,29.736300,227200
2015-02-25,39.189999,39.480000,39.070000,39.419998,29.918449,354200
2015-02-26,39.180000,39.209999,38.639999,38.820000,29.463074,328600
2015-02-27,38.900002,38.959999,38.680000,38.680000,29.356810,256300
2015-03-02,38.700001,38.700001,38.119999,38.430000,29.167070,198100
2015-03-03,38.419998,38.770000,38.349998,38.520000,29.235376,235400
2015-03-04,38.480000,38.490002,38.000000,38.430000,29.167070,215800
2015-03-05,38.369999,38.380001,38.150002,38.220001,29.007685,236400
2015-03-06,37.959999,38.060001,37.369999,37.450001,28.423285,377900
2015-03-09,37.360001,37.709999,37.099998,37.099998,28.157639,245200
2015-03-10,36.810001,36.959999,36.490002,36.500000,27.702263,433500
2015-03-11,36.639999,36.810001,36.369999,36.669998,27.831285,360300
2015-03-12,36.880001,36.930000,36.520000,36.529999,27.725042,397700
2015-03-13,36.299999,36.320000,35.889999,36.279999,27.535286,667500
2015-03-16,36.160000,36.720001,36.000000,36.689999,27.846470,281600
2015-03-17,36.470001,36.700001,36.290001,36.549999,27.740211,332300
2015-03-18,36.310001,37.830002,36.259998,37.599998,28.537132,449400
2015-03-19,37.160000,37.279999,36.860001,36.939999,28.036209,293700
2015-03-20,37.369999,37.759998,37.279999,37.540001,28.491589,357300
2015-03-23,37.580002,37.910000,37.509998,37.509998,28.468819,288100
2015-03-24,37.560001,37.560001,37.279999,37.360001,28.354973,218200
2015-03-25,37.410000,37.779999,37.310001,37.500000,28.592871,295200
2015-03-26,37.910000,38.070000,37.389999,37.480000,28.577620,539800
2015-03-27,37.389999,37.389999,37.060001,37.169998,28.341246,168600
2015-03-30,37.459999,37.910000,37.439999,37.840000,28.852110,407700
2015-03-31,37.630001,37.799999,37.369999,37.540001,28.623367,557100
2015-04-01,37.689999,37.990002,37.610001,37.740002,28.775860,931900
2015-04-02,37.630001,38.070000,37.560001,37.900002,28.897869,411200
2015-04-06,38.099998,38.810001,38.060001,38.619999,29.446844,318400
2015-04-07,38.549999,38.900002,38.419998,38.630001,29.454470,418600
2015-04-08,38.740002,38.830002,38.310001,38.330002,29.225721,479000
2015-04-09,38.450001,38.930000,38.450001,38.880001,29.645088,580500
2015-04-10,39.000000,39.080002,38.840000,39.029999,29.759455,300700
2015-04-13,39.169998,39.240002,38.630001,38.680000,29.492590,409200
2015-04-14,38.799999,39.389999,38.799999,39.330002,29.988197,363700
2015-04-15,39.549999,40.389999,39.480000,40.310001,30.735430,476600
2015-04-16,40.220001,40.520000,39.889999,40.169998,30.628681,461500
2015-04-17,40.000000,40.070000,39.590000,39.849998,30.384686,927300
2015-04-20,39.939999,40.400002,39.889999,40.009998,30.506680,516700
2015-04-21,40.090000,40.090000,39.360001,39.490002,30.110195,588100
2015-04-22,39.700001,39.869999,39.340000,39.750000,30.308434,451400
2015-04-23,39.810001,40.299999,39.810001,40.060001,30.544806,270600
2015-04-24,40.020000,40.049999,39.730000,39.880001,30.407570,221900
2015-04-27,40.090000,40.160000,39.889999,39.910000,30.430429,321000
2015-04-28,40.040001,40.209999,39.849998,40.150002,30.613430,294800
2015-04-29,39.990002,40.540001,39.880001,40.450001,30.842186,295100
2015-04-30,40.619999,40.619999,40.060001,40.380001,30.788809,411900
2015-05-01,40.389999,40.549999,40.180000,40.490002,30.872667,422100
2015-05-04,40.619999,40.689999,40.230000,40.400002,30.804049,258200
2015-05-05,40.689999,40.880001,39.820000,39.840000,30.377062,292900
2015-05-06,40.200001,40.259998,39.450001,39.630001,30.216940,328000
2015-05-07,39.570000,39.570000,38.910000,39.189999,29.881441,359000
2015-05-08,39.520000,39.849998,39.090000,39.830002,30.369444,180600
2015-05-11,39.849998,39.889999,39.189999,39.230000,29.911949,343100
2015-05-12,39.230000,39.630001,39.139999,39.400002,30.041574,204900
2015-05-13,39.680000,39.820000,39.270000,39.369999,30.018700,667000
2015-05-14,39.500000,39.759998,39.310001,39.340000,29.995823,464400
2015-05-15,39.160000,39.580002,39.040001,39.459999,30.087318,210700
2015-05-18,39.380001,39.500000,39.209999,39.459999,30.087318,359800
2015-05-19,39.230000,39.230000,38.790001,38.840000,29.614584,204300
2015-05-20,38.950001,39.049999,38.730000,38.900002,29.660324,179500
2015-05-21,39.070000,39.349998,38.980000,39.299999,29.965330,465400
2015-05-22,39.049999,39.299999,38.970001,39.119999,29.828081,242100
2015-05-26,38.910000,38.959999,38.279999,38.410000,29.286724,222600
2015-05-27,38.389999,38.669998,38.180000,38.419998,29.294344,334900
2015-05-28,38.279999,38.299999,37.959999,38.299999,29.202854,312100
2015-05-29,38.310001,38.419998,38.119999,38.200001,29.126606,362600
2015-06-01,38.279999,38.279999,37.990002,38.060001,29.019850,443400
2015-06-02,38.160000,38.599998,38.080002,38.400002,29.279102,248300
2015-06-03,38.320000,38.560001,38.060001,38.090000,29.042732,318500
2015-06-04,37.939999,37.939999,37.560001,37.580002,28.653870,147300
2015-06-05,37.389999,38.119999,37.369999,37.830002,28.844488,296000
2015-06-08,37.779999,37.910000,37.490002,37.570000,28.646248,210400
2015-06-09,37.820000,38.040001,37.610001,37.610001,28.676739,293700
2015-06-10,38.130001,38.209999,38.029999,38.139999,29.080858,260700
2015-06-11,38.169998,38.200001,37.919998,37.950001,28.935986,230400
2015-06-12,37.720001,37.720001,37.480000,37.509998,28.600492,142400
2015-06-15,37.200001,37.570000,37.110001,37.360001,28.486118,239400
2015-06-16,37.380001,37.590000,37.279999,37.580002,28.653870,246800
2015-06-17,37.799999,37.930000,37.310001,37.590000,28.661491,445100
2015-06-18,37.750000,37.849998,37.520000,37.560001,28.638620,219800
2015-06-19,37.369999,37.540001,37.150002,37.150002,28.326000,148300
2015-06-22,37.439999,37.509998,37.220001,37.459999,28.562361,340100
2015-06-23,37.430000,37.720001,37.410000,37.669998,28.722494,451500
2015-06-24,37.389999,37.630001,37.290001,37.290001,28.563925,306300
2015-06-25,37.290001,37.299999,36.849998,36.849998,28.226891,120200
2015-06-26,36.799999,36.889999,36.650002,36.860001,28.234560,78300
2015-06-29,36.500000,36.630001,36.150002,36.169998,27.706015,332900
2015-06-30,36.529999,36.529999,36.139999,36.279999,27.790276,533300
2015-07-01,36.389999,36.389999,35.720001,35.830002,27.445583,366600
2015-07-02,35.939999,36.189999,35.900002,35.959999,27.545162,352700
2015-07-06,35.580002,35.830002,35.330002,35.470001,27.169825,216700
2015-07-07,35.380001,35.830002,34.779999,35.740002,27.376642,1243900
2015-07-08,35.490002,35.709999,34.779999,34.939999,26.763842,283900
2015-07-09,35.410000,35.540001,35.060001,35.060001,26.855762,279200
2015-07-10,35.310001,35.470001,35.070000,35.220001,26.978315,193700
2015-07-13,35.299999,35.529999,35.230000,35.459999,27.162157,272300
2015-07-14,35.380001,35.869999,35.380001,35.779999,27.407278,362800
2015-07-15,35.610001,35.700001,34.950001,35.070000,26.863420,341700
2015-07-16,35.220001,35.310001,34.970001,35.040001,26.840437,247600
2015-07-17,35.099998,35.099998,34.459999,34.520000,26.442127,560700
2015-07-20,34.529999,34.529999,33.869999,33.910000,25.974861,495000
2015-07-21,33.970001,34.330002,33.860001,33.950001,26.005512,330500
2015-07-22,33.759998,33.959999,33.560001,33.639999,25.768049,315900
2015-07-23,33.750000,33.860001,33.240002,33.509998,25.668470,482900
2015-07-24,33.490002,33.490002,32.650002,32.840000,25.155254,530600
2015-07-27,32.470001,32.759998,32.189999,32.320000,24.756935,884700
2015-07-28,32.299999,33.330002,32.299999,33.180000,25.415689,952200
2015-07-29,33.070000,33.720001,32.990002,33.669998,25.791025,1115000
2015-07-30,33.590000,33.820000,33.369999,33.570000,25.714430,706500
2015-07-31,33.410000,33.410000,32.980000,33.009998,25.285475,851500
2015-08-03,32.770000,32.919998,32.259998,32.310001,24.749283,1071200
2015-08-04,32.400002,32.779999,32.209999,32.340000,24.772261,1286200
2015-08-05,32.580002,32.970001,32.090000,32.130001,24.611399,1208600
2015-08-06,32.000000,32.720001,31.750000,32.689999,25.040354,1331300
2015-08-07,32.509998,32.869999,32.020000,32.130001,24.611399,814800
2015-08-10,32.209999,33.259998,32.200001,33.250000,25.469311,2474800
2015-08-11,32.689999,33.189999,32.500000,33.180000,25.415689,626600
2015-08-12,33.020000,33.820000,32.950001,33.730000,25.836983,1340800
2015-08-13,33.549999,33.549999,33.080002,33.139999,25.385054,801300
2015-08-14,33.209999,33.430000,33.009998,33.070000,25.331432,929100
2015-08-17,32.970001,33.290001,32.889999,33.130001,25.377399,873600
2015-08-18,33.070000,33.169998,32.849998,33.040001,25.308456,906800
2015-08-19,32.840000,32.880001,31.969999,32.150002,24.626720,1165200
2015-08-20,32.110001,32.299999,31.480000,31.480000,24.113499,997700
2015-08-21,31.219999,31.469999,30.500000,30.510000,23.370485,1463100
2015-08-24,28.430000,30.100000,28.059999,28.920000,22.152555,3194800
2015-08-25,29.490000,30.049999,28.440001,28.440001,21.784885,1813300
2015-08-26,29.000000,29.180000,28.459999,29.129999,22.313419,2055900
2015-08-27,29.709999,30.830000,29.709999,30.730000,23.539007,1722200
2015-08-28,30.620001,31.730000,30.620001,31.459999,24.098181,2363100
2015-08-31,31.150000,31.930000,30.620001,31.799999,24.358616,3054600
2015-09-01,30.860001,31.270000,30.440001,30.680000,23.500710,3247600
2015-09-02,31.080000,31.110001,30.150000,30.879999,23.653904,2476200
2015-09-03,31.020000,31.650000,30.799999,30.980000,23.730503,2851000
2015-09-04,30.580000,30.650000,30.320000,30.450001,23.324532,1335500
2015-09-08,30.799999,31.000000,30.420000,30.959999,23.715187,954800
2015-09-09,31.090000,31.490000,30.340000,30.389999,23.278576,1671600
2015-09-10,30.459999,30.730000,30.120001,30.510000,23.370485,1654900
2015-09-11,30.219999,30.240000,29.799999,30.230000,23.156008,652600
2015-09-14,30.120001,30.139999,29.799999,29.959999,22.949186,875400
2015-09-15,30.020000,30.389999,30.020000,30.290001,23.201967,668100
2015-09-16,30.510000,31.270000,30.490000,31.240000,23.929659,1128500
2015-09-17,31.219999,31.830000,31.010000,31.260000,23.944984,528400
2015-09-18,30.690001,30.910000,30.280001,30.440001,23.316864,373700
2015-09-21,30.660000,30.760000,30.400000,30.530001,23.385803,332600
2015-09-22,30.040001,30.400000,29.910000,30.090000,23.048769,1005600
2015-09-23,30.129999,30.240000,29.549999,29.549999,22.635134,365400
2015-09-24,29.350000,29.889999,29.160000,29.719999,22.765348,926500
2015-09-25,29.840000,29.940001,29.320000,29.559999,22.779995,331600
2015-09-28,29.219999,29.250000,28.320000,28.340000,21.839819,2502800
2015-09-29,28.480000,28.760000,28.200001,28.370001,21.862940,1162600
2015-09-30,28.639999,29.080000,28.510000,29.040001,22.379257,2426900
2015-10-01,29.330000,29.680000,28.830000,29.070000,22.402384,1118400
2015-10-02,28.820000,30.330000,28.799999,30.330000,23.373384,991400
2015-10-05,30.670000,31.420000,30.650000,31.330000,24.144020,749800
2015-10-06,31.450001,32.279999,31.330000,32.099998,24.737408,891100
2015-10-07,32.459999,32.889999,31.889999,32.529999,25.068779,664300
2015-10-08,32.430000,33.349998,32.299999,33.209999,25.592815,485600
2015-10-09,33.410000,33.439999,32.880001,33.110001,25.515745,1697900
2015-10-12,33.090000,33.090000,32.310001,32.540001,25.076490,526600
2015-10-13,32.279999,32.770000,32.189999,32.230000,24.837593,1345900
2015-10-14,32.209999,32.700001,32.209999,32.610001,25.130428,612000
2015-10-15,32.459999,33.049999,32.240002,33.040001,25.461811,433300
2015-10-16,33.160000,33.160000,32.599998,32.930000,25.377035,575000
2015-10-19,32.599998,32.599998,32.049999,32.209999,24.822182,485400
2015-10-20,32.169998,32.630001,32.099998,32.410000,24.976307,504300
2015-10-21,32.270000,32.340000,31.879999,31.920000,24.598698,469800
2015-10-22,32.029999,32.590000,32.029999,32.480000,25.030251,427700
2015-10-23,32.419998,32.730000,32.189999,32.529999,25.068779,1136100
2015-10-26,32.360001,32.360001,31.690001,31.719999,24.444563,772400
2015-10-27,31.309999,31.370001,31.010000,31.260000,24.090076,563100
2015-10-28,31.430000,32.279999,31.280001,32.000000,24.660345,617400
2015-10-29,31.860001,32.459999,31.860001,32.099998,24.737408,537700
2015-10-30,32.220001,32.610001,31.860001,32.250000,24.853008,646600
2015-11-02,32.040001,33.020000,32.040001,32.849998,25.315382,723700
2015-11-03,32.970001,33.779999,32.970001,33.549999,25.854828,716500
2015-11-04,33.599998,33.680000,33.020000,33.259998,25.631342,820500
2015-11-05,33.070000,33.419998,32.790001,32.970001,25.407858,659500
2015-11-06,32.680000,32.869999,32.330002,32.750000,25.238325,436800
2015-11-09,32.599998,33.020000,32.270000,32.470001,25.022543,496600
2015-11-10,32.360001,32.709999,32.150002,32.490002,25.037960,440600
2015-11-11,32.450001,32.480000,31.750000,31.820000,24.521626,292300
2015-11-12,31.330000,31.590000,31.020000,31.049999,23.928244,500700
2015-11-13,31.000000,31.299999,30.639999,31.059999,23.935951,1916300
2015-11-16,31.040001,32.000000,31.010000,31.969999,24.637222,927500
2015-11-17,31.820000,32.060001,31.540001,31.600000,24.352091,471400
2015-11-18,31.770000,32.220001,31.520000,32.189999,24.806763,514000
2015-11-19,31.990000,32.200001,31.620001,31.840000,24.537041,418100
2015-11-20,31.840000,32.009998,31.440001,31.459999,24.244200,530400
2015-11-23,31.389999,31.820000,31.340000,31.610001,24.359797,465100
2015-11-24,31.780001,32.470001,31.780001,32.340000,24.922365,1225400
2015-11-25,32.099998,32.380001,31.870001,32.130001,24.760530,669200
2015-11-27,31.809999,31.950001,31.709999,31.790001,24.498516,316800
2015-11-30,31.879999,32.220001,31.840000,31.920000,24.598698,1923500
2015-12-01,31.940001,32.230000,31.910000,32.200001,24.814474,3387200
2015-12-02,31.959999,32.130001,31.129999,31.219999,24.059248,1737500
2015-12-03,31.450001,31.459999,30.580000,30.740000,23.689346,1292900
2015-12-04,30.459999,30.750000,30.080000,30.570000,23.558331,1965200
2015-12-07,29.700001,29.980000,29.049999,29.340000,22.610451,939100
2015-12-08,28.690001,29.410000,28.500000,29.020000,22.363848,1340000
2015-12-09,29.129999,29.980000,28.980000,29.350000,22.618162,1737100
2015-12-10,29.280001,29.910000,29.170000,29.600000,22.810825,919400
2015-12-11,29.040001,29.110001,28.549999,28.600000,22.040186,1207900
2015-12-14,28.430000,28.690001,28.049999,28.490000,21.955412,1891600
2015-12-15,28.809999,29.240000,28.809999,29.100000,22.425499,1543100
2015-12-16,29.030001,29.299999,28.680000,29.010000,22.356144,1624200
2015-12-17,28.940001,28.940001,28.139999,28.150000,21.693401,892500
2015-12-18,28.180000,28.219999,27.740000,27.760000,21.392847,22036700
2015-12-21,27.790001,28.010000,27.549999,27.760000,21.392847,2467800
2015-12-22,27.830000,28.209999,27.730000,28.070000,21.631746,2398800
2015-12-23,28.490000,29.370001,28.490000,29.370001,22.633574,2076400
2015-12-24,29.059999,29.090000,28.709999,28.850000,22.494015,456400
2015-12-28,28.469999,28.469999,28.120001,28.260000,22.033989,1386800
2015-12-29,28.709999,28.830000,28.299999,28.480000,22.205523,1066900
2015-12-30,28.070000,28.430000,27.990000,28.010000,21.839073,1301200
2015-12-31,27.850000,28.280001,27.780001,28.139999,21.940430,1866200
2016-01-04,28.090000,28.330000,27.620001,28.100000,21.909243,3384500
2016-01-05,28.100000,28.180000,27.750000,28.160000,21.956024,2078400
2016-01-06,27.540001,27.580000,26.889999,27.070000,21.106161,1170000
2016-01-07,26.650000,27.080000,26.309999,26.420000,20.599369,2068100
2016-01-08,26.629999,26.629999,26.010000,26.120001,20.365458,1221300
2016-01-11,26.170000,26.200001,25.160000,25.440001,19.835272,1864800
2016-01-12,25.740000,25.850000,24.709999,25.360001,19.772900,2249400
2016-01-13,25.639999,25.840000,24.490000,24.730000,19.281691,3681500
2016-01-14,24.910000,25.740000,24.520000,25.559999,19.928831,4396600
2016-01-15,24.610001,25.049999,24.340000,24.790001,19.328478,3617000
2016-01-19,24.980000,25.040001,23.740000,24.120001,18.806084,3780300
2016-01-20,23.709999,23.959999,22.709999,23.660000,18.447432,4983700
2016-01-21,23.629999,24.730000,23.480000,24.469999,19.078974,3456700
2016-01-22,25.240000,25.680000,24.950001,25.520000,19.897650,4211300
2016-01-25,25.059999,25.580000,24.270000,24.290001,18.938629,1932300
2016-01-26,24.520000,25.250000,24.410000,25.200001,19.648142,1769300
2016-01-27,25.100000,25.830000,24.809999,25.250000,19.687132,2044300
2016-01-28,26.280001,26.280001,25.459999,25.940001,20.225115,2645100
2016-01-29,26.030001,26.830000,25.990000,26.790001,20.887856,3161000
2016-02-01,26.450001,26.510000,25.969999,26.340000,20.536987,1189600
2016-02-02,25.719999,25.809999,25.370001,25.480000,19.866459,1497500
2016-02-03,25.889999,26.459999,25.030001,26.450001,20.622755,1225300
2016-02-04,26.559999,27.240000,26.500000,26.629999,20.763100,1151300
2016-02-05,26.299999,26.400000,25.879999,26.080000,20.334274,1026500
2016-02-08,25.610001,25.950001,25.260000,25.850000,20.154945,1496700
2016-02-09,25.469999,25.780001,24.930000,25.240000,19.679340,1222200
2016-02-10,25.170000,25.620001,24.820000,25.110001,19.577972,1244500
2016-02-11,24.730000,25.139999,24.389999,24.980000,19.476618,1778300
2016-02-12,25.280001,25.850000,25.150000,25.709999,20.045786,1412300
2016-02-16,26.000000,26.070000,25.580000,25.940001,20.225115,819000
2016-02-17,26.260000,26.950001,26.200001,26.860001,20.942427,797000
2016-02-18,27.049999,27.070000,26.420000,26.610001,20.747507,818800
2016-02-19,26.320000,26.410000,26.010000,26.410000,20.591570,1747600
2016-02-22,26.889999,27.260000,26.830000,27.160000,21.176338,2541700
2016-02-23,27.000000,27.129999,26.309999,26.360001,20.552589,577400
2016-02-24,25.920000,26.709999,25.850000,26.680000,20.802080,880600
2016-02-25,26.540001,26.760000,26.200001,26.740000,20.848873,744300
2016-02-26,27.129999,27.260000,26.799999,26.889999,20.965824,715400
2016-02-29,27.040001,27.200001,26.760000,26.850000,20.934635,4580500
2016-03-01,27.090000,27.379999,26.730000,27.309999,21.293295,648600
2016-03-02,27.230000,28.080000,27.090000,28.059999,21.878057,1090200
2016-03-03,28.000000,28.690001,27.980000,28.650000,22.338068,895200
2016-03-04,28.860001,29.530001,28.670000,29.010000,22.618759,1313500
2016-03-07,28.959999,29.670000,28.959999,29.650000,23.117760,1685200
2016-03-08,29.490000,29.490000,28.309999,28.309999,22.072981,1245400
2016-03-09,28.680000,29.139999,28.309999,28.840000,22.486219,1660700
2016-03-10,28.780001,28.920000,28.370001,28.900000,22.532991,1715000
2016-03-11,29.309999,29.780001,29.309999,29.660000,23.125557,1555000
2016-03-14,29.280001,29.559999,29.160000,29.410000,22.930635,1265800
2016-03-15,29.030001,29.330000,28.790001,29.330000,22.868259,1088700
2016-03-16,29.500000,30.160000,29.350000,30.100000,23.468616,1384200
2016-03-17,30.340000,30.840000,30.150000,30.590000,23.850668,895900
2016-03-18,30.900000,30.900000,30.299999,30.510000,23.788290,1485700
2016-03-21,30.320000,30.670000,30.129999,30.440001,23.733717,1398300
2016-03-22,30.200001,30.610001,30.200001,30.360001,23.671337,670500
2016-03-23,29.910000,29.990000,29.270000,29.290001,22.945913,792300
2016-03-24,28.840000,29.450001,28.709999,29.440001,23.063417,982600
2016-03-28,29.430000,29.469999,29.049999,29.350000,22.992908,1031800
2016-03-29,28.980000,29.610001,28.850000,29.580000,23.173090,975000
2016-03-30,29.879999,30.000000,29.469999,29.680000,23.251429,810000
2016-03-31,29.570000,29.920000,29.570000,29.730000,23.290606,918000
2016-04-01,29.150000,29.379999,29.020000,29.299999,22.953737,1189500
2016-04-04,29.320000,29.510000,28.950001,29.000000,22.718718,807700
2016-04-05,28.680000,29.020000,28.670000,28.830000,22.585539,1098100
2016-04-06,29.020000,29.490000,28.830000,29.469999,23.086922,690300
2016-04-07,29.309999,29.580000,29.080000,29.320000,22.969408,592400
2016-04-08,29.860001,30.190001,29.860001,30.030001,23.525623,1086500
2016-04-11,30.250000,30.469999,30.120001,30.129999,23.603966,727900
2016-04-12,30.240000,31.240000,30.180000,31.090000,24.356037,793000
2016-04-13,31.070000,31.299999,30.840000,31.160000,24.410873,1083500
2016-04-14,31.280001,31.280001,30.930000,31.139999,24.395205,594000
2016-04-15,30.980000,30.980000,30.660000,30.790001,24.121012,964200
2016-04-18,30.200001,31.330000,30.150000,31.299999,24.520546,753600
2016-04-19,31.559999,32.139999,31.459999,32.139999,25.178608,593300
2016-04-20,31.959999,32.610001,31.840000,32.299999,25.303949,731100
2016-04-21,32.430000,32.520000,32.049999,32.130001,25.170769,959100
2016-04-22,32.169998,32.740002,32.169998,32.549999,25.499807,1051300
2016-04-25,32.459999,32.459999,31.870001,32.099998,25.147274,608700
2016-04-26,32.360001,32.680000,32.160000,32.669998,25.593813,472100
2016-04-27,32.860001,33.389999,32.860001,33.279999,26.071684,587300
2016-04-28,33.090000,33.549999,32.830002,32.959999,25.821001,510200
2016-04-29,33.090000,33.470001,32.630001,33.119999,25.946344,718200
2016-05-02,33.029999,33.080002,32.560001,32.930000,25.797499,987600
2016-05-03,32.520000,32.520000,31.799999,32.000000,25.068932,708200
2016-05-04,32.029999,32.209999,31.190001,31.350000,24.559719,770600
2016-05-05,31.840000,32.099998,31.280001,31.570000,24.732071,1118500
2016-05-06,31.389999,31.969999,31.370001,31.600000,24.755571,829000
2016-05-09,31.340000,31.340000,30.650000,30.959999,24.254189,1059600
2016-05-10,31.110001,31.660000,31.110001,31.650000,24.794741,948100
2016-05-11,31.629999,32.080002,31.370001,31.830000,24.935753,538400
2016-05-12,32.119999,32.410000,31.570000,31.809999,24.920084,948500
2016-05-13,31.650000,31.969999,31.370001,31.450001,24.638060,776200
2016-05-16,31.770000,32.189999,31.770000,32.070000,25.123772,802200
2016-05-17,32.070000,32.509998,31.910000,32.240002,25.256948,997100
2016-05-18,32.080002,32.290001,31.440001,31.610001,24.763401,987000
2016-05-19,31.230000,31.660000,30.930000,31.610001,24.763401,797900
2016-05-20,31.780001,31.920000,31.510000,31.850000,24.951416,464400
2016-05-23,31.629999,31.959999,31.510000,31.799999,24.912256,321400
2016-05-24,31.900000,32.060001,31.680000,31.830000,24.935753,396100
2016-05-25,32.040001,32.529999,32.040001,32.459999,25.429298,632700
2016-05-26,32.720001,32.810001,32.290001,32.360001,25.350958,609800
2016-05-27,32.259998,32.320000,32.060001,32.310001,25.311796,640400
2016-05-31,32.369999,32.700001,32.150002,32.250000,25.264786,780200
2016-06-01,32.099998,32.320000,31.809999,32.299999,25.303949,1557300
2016-06-02,32.009998,32.310001,31.900000,32.310001,25.311796,642100
2016-06-03,32.450001,32.669998,32.240002,32.520000,25.476305,671100
2016-06-06,32.790001,33.250000,32.709999,33.220001,26.024687,413000
2016-06-07,33.330002,33.930000,33.330002,33.840000,26.510399,532900
2016-06-08,34.160000,34.320000,33.759998,33.830002,26.502558,548200
2016-06-09,33.419998,33.689999,33.400002,33.619999,26.338047,454200
2016-06-10,33.290001,33.410000,32.709999,32.779999,25.679987,579800
2016-06-13,32.610001,33.040001,32.549999,32.570000,25.515476,646500
2016-06-14,32.340000,32.700001,32.119999,32.480000,25.444967,605000
2016-06-15,32.380001,32.880001,32.279999,32.529999,25.484137,638500
2016-06-16,32.320000,32.320000,31.780001,32.259998,25.272614,787000
2016-06-17,32.470001,32.799999,32.470001,32.650002,25.578148,475100
2016-06-20,33.029999,33.209999,32.910000,32.990002,25.844507,565000
2016-06-21,32.779999,33.220001,32.650002,33.130001,26.073523,420300
2016-06-22,33.240002,33.290001,32.939999,32.990002,25.963345,874800
2016-06-23,33.320000,33.590000,33.240002,33.590000,26.435545,490800
2016-06-24,32.230000,32.919998,32.230000,32.430000,25.522621,1298400
2016-06-27,32.200001,32.200001,31.209999,31.440001,24.743475,743000
2016-06-28,31.940001,32.240002,31.830000,32.200001,25.341608,842800
2016-06-29,32.520000,33.080002,32.520000,32.910000,25.900381,716200
2016-06-30,32.790001,33.220001,32.700001,33.220001,26.144356,813300
2016-07-01,33.240002,33.689999,33.209999,33.599998,26.443411,601000
2016-07-05,33.189999,33.259998,32.610001,32.910000,25.900381,689200
2016-07-06,32.709999,33.150002,32.570000,33.139999,26.081394,837900
2016-07-07,33.310001,33.480000,32.560001,32.740002,25.766590,968800
2016-07-08,33.009998,33.360001,32.900002,33.230000,26.152224,373500
2016-07-11,33.360001,33.520000,33.230000,33.240002,26.160099,257800
2016-07-12,33.669998,34.200001,33.669998,34.029999,26.781828,438500
2016-07-13,34.020000,34.160000,33.490002,33.820000,26.616554,625500
2016-07-14,33.990002,34.090000,33.820000,33.970001,26.734610,253100
2016-07-15,34.070000,34.150002,33.820000,33.939999,26.711006,214800
2016-07-18,33.750000,33.990002,33.580002,33.939999,26.711006,183400
2016-07-19,33.820000,33.919998,33.630001,33.720001,26.537861,182100
2016-07-20,33.500000,33.740002,33.200001,33.520000,26.380453,305900
2016-07-21,33.520000,33.840000,33.240002,33.330002,26.230923,220300
2016-07-22,33.259998,33.389999,33.160000,33.380001,26.270275,251500
2016-07-25,33.189999,33.189999,32.580002,32.700001,25.735107,229000
2016-07-26,32.590000,33.040001,32.540001,33.040001,26.002693,366400
2016-07-27,33.119999,33.349998,32.580002,32.810001,25.821684,492800
2016-07-28,32.830002,33.040001,32.639999,32.860001,25.861025,372900
2016-07-29,32.580002,33.310001,32.570000,33.290001,26.199440,220000
2016-08-01,33.009998,33.070000,32.259998,32.349998,25.459658,379600
2016-08-02,32.570000,32.770000,32.130001,32.610001,25.664278,285900
2016-08-03,32.610001,33.150002,32.450001,33.139999,26.081394,406200
2016-08-04,33.049999,33.470001,33.049999,33.250000,26.167959,398500
2016-08-05,33.200001,33.470001,33.090000,33.450001,26.325361,217400
2016-08-08,33.660000,34.080002,33.639999,33.880001,26.663776,192900
2016-08-09,33.959999,34.009998,33.610001,33.730000,26.545719,313300
2016-08-10,33.840000,34.009998,33.490002,33.549999,26.404064,385300
2016-08-11,33.669998,34.130001,33.630001,33.980000,26.742472,321000
2016-08-12,34.090000,34.220001,33.910000,34.020000,26.773962,262100
2016-08-15,34.209999,34.439999,34.180000,34.330002,27.017933,219200
2016-08-16,34.320000,34.470001,34.130001,34.369999,27.049412,236300
2016-08-17,34.270000,34.389999,34.009998,34.369999,27.049412,512700
2016-08-18,34.480000,34.990002,34.480000,34.990002,27.537354,470800
2016-08-19,34.830002,34.830002,34.580002,34.680000,27.293381,304100
2016-08-22,34.340000,34.369999,34.080002,34.299999,26.994312,285300
2016-08-23,34.320000,34.619999,34.320000,34.490002,27.143856,214200
2016-08-24,34.279999,34.410000,33.950001,34.020000,26.773962,246400
2016-08-25,34.000000,34.130001,33.849998,34.040001,26.789698,177300
2016-08-26,34.130001,34.500000,33.759998,33.930000,26.703127,429600
2016-08-29,33.779999,34.200001,33.779999,34.150002,26.876270,169000
2016-08-30,34.160000,34.320000,33.770000,33.869999,26.655905,200300
2016-08-31,33.700001,33.709999,33.180000,33.340000,26.238792,308500
2016-09-01,33.200001,33.419998,33.119999,33.419998,26.301748,295800
2016-09-02,33.740002,33.939999,33.669998,33.869999,26.655905,275000
2016-09-06,34.020000,34.419998,34.020000,34.410000,27.080885,167800
2016-09-07,34.500000,34.610001,34.320000,34.520000,27.167461,152900
2016-09-08,34.689999,35.040001,34.500000,34.980000,27.529486,210600
2016-09-09,34.580002,34.619999,33.869999,33.880001,26.663776,289400
2016-09-12,33.610001,34.389999,33.459999,34.250000,26.954967,714300
2016-09-13,33.830002,33.830002,33.060001,33.189999,26.120739,505500
2016-09-14,33.160000,33.549999,32.759998,32.860001,25.861025,610300
2016-09-15,32.919998,33.470001,32.880001,33.250000,26.167959,359300
2016-09-16,32.939999,33.150002,32.860001,33.049999,26.010559,213500
2016-09-19,33.279999,33.430000,33.049999,33.060001,26.018435,172000
2016-09-20,33.000000,33.189999,32.820000,32.820000,25.829552,259500
2016-09-21,33.150002,33.740002,33.130001,33.730000,26.545719,276000
2016-09-22,34.139999,34.270000,33.799999,33.860001,26.648035,170300
2016-09-23,33.720001,33.910000,33.160000,33.290001,26.199440,182100
2016-09-26,33.230000,33.439999,32.990002,33.000000,26.077744,210300
2016-09-27,32.730000,32.810001,32.410000,32.720001,25.856482,179900
2016-09-28,32.880001,34.080002,32.590000,34.049999,26.907495,490900
2016-09-29,34.029999,34.509998,33.810001,34.119999,26.962807,518500
2016-09-30,34.349998,34.630001,34.189999,34.459999,27.231487,640800
2016-10-03,34.639999,34.639999,34.119999,34.290001,27.097151,818500
2016-10-04,34.310001,34.310001,33.619999,33.759998,26.678326,1120000
2016-10-05,34.110001,34.369999,34.070000,34.230000,27.049732,226000
2016-10-06,34.240002,34.410000,33.980000,34.240002,27.057636,431500
2016-10-07,34.349998,34.349998,33.889999,34.020000,26.883791,243500
2016-10-10,34.330002,34.669998,34.330002,34.520000,27.278904,133000
2016-10-11,34.380001,34.380001,33.900002,34.070000,26.923298,141800
2016-10-12,33.959999,34.139999,33.740002,34.040001,26.899593,239700
2016-10-13,33.759998,34.119999,33.490002,33.939999,26.820576,301300
2016-10-14,34.049999,34.220001,33.740002,33.759998,26.678326,320100
2016-10-17,33.720001,33.799999,33.549999,33.689999,26.623005,199900
2016-10-18,34.040001,34.110001,33.720001,33.910000,26.796854,245000
2016-10-19,34.119999,34.639999,34.119999,34.439999,27.215685,182000
2016-10-20,34.230000,34.419998,33.980000,34.320000,27.120853,284300
2016-10-21,34.090000,34.200001,33.939999,34.160000,26.994421,216100
2016-10-24,34.200001,34.259998,33.660000,33.990002,26.860079,195100
2016-10-25,33.970001,34.270000,33.750000,33.770000,26.686226,362100
2016-10-26,33.520000,33.910000,33.380001,33.770000,26.686226,246700
2016-10-27,33.910000,33.970001,33.650002,33.730000,26.654612,286800
2016-10-28,33.720001,34.070000,33.439999,33.580002,26.536085,394300
2016-10-31,33.509998,33.590000,33.250000,33.290001,26.306915,224200
2016-11-01,33.540001,33.639999,32.990002,33.290001,26.306915,279300
2016-11-02,33.029999,33.099998,32.630001,32.820000,25.935505,472100
2016-11-03,32.900002,33.099998,32.730000,32.959999,26.046139,305800
2016-11-04,32.880001,33.130001,32.630001,32.799999,25.919699,396900
2016-11-07,33.189999,33.369999,33.099998,33.369999,26.370134,216300
2016-11-08,33.220001,33.619999,33.189999,33.439999,26.425453,189700
2016-11-09,33.580002,34.320000,33.459999,34.150002,26.986519,303400
2016-11-10,34.060001,34.310001,33.860001,34.009998,26.875877,387300
2016-11-11,33.880001,33.880001,33.040001,33.340000,26.346422,297400
2016-11-14,33.279999,33.599998,33.090000,33.599998,26.551884,195500
2016-11-15,33.830002,34.590000,33.830002,34.560001,27.310507,263900
2016-11-16,34.500000,34.660000,34.250000,34.380001,27.168264,238000
2016-11-17,34.669998,34.849998,34.110001,34.189999,27.018127,226400
2016-11-18,34.310001,34.450001,34.139999,34.330002,27.128759,213400
2016-11-21,34.540001,35.169998,34.540001,35.150002,27.776751,232100
2016-11-22,35.230000,35.290001,34.770000,35.169998,27.792557,264300
2016-11-23,34.990002,35.340000,34.910000,35.240002,27.847872,388200
2016-11-25,35.080002,35.139999,34.880001,35.040001,27.689823,93400
2016-11-28,35.180000,35.240002,34.599998,34.630001,27.365831,296200
2016-11-29,34.130001,34.360001,33.869999,34.189999,27.018127,226000
2016-11-30,35.270000,36.130001,35.270000,35.880001,28.353626,623800
2016-12-01,36.470001,36.619999,35.849998,35.910000,28.377333,376200
2016-12-02,35.849998,36.180000,35.799999,36.090000,28.519567,225200
2016-12-05,36.330002,36.619999,36.299999,36.380001,28.748739,130200
2016-12-06,36.130001,36.430000,35.970001,36.380001,28.748739,133700
2016-12-07,36.380001,36.639999,36.299999,36.570000,28.898888,241800
2016-12-08,36.700001,36.810001,36.400002,36.770000,29.056942,168900
2016-12-09,36.900002,36.910000,36.650002,36.799999,29.080641,115800
2016-12-12,37.509998,37.619999,36.779999,36.820000,29.096445,274800
2016-12-13,37.119999,37.430000,36.750000,37.259998,29.444151,163400
2016-12-14,37.020000,37.220001,36.320000,36.360001,28.732931,278100
2016-12-15,36.119999,36.490002,35.980000,36.360001,28.732931,1172700
2016-12-16,36.650002,36.650002,36.430000,36.580002,28.906790,181100
2016-12-19,36.560001,36.599998,36.389999,36.490002,28.835663,177700
2016-12-20,36.619999,36.650002,36.349998,36.400002,28.764540,148900
2016-12-21,36.320000,36.430000,36.200001,36.270000,28.793921,119700
2016-12-22,36.279999,36.430000,36.270000,36.349998,28.857428,94300
2016-12-23,36.310001,36.410000,36.250000,36.310001,28.825674,293900
2016-12-27,36.380001,36.570000,36.380001,36.500000,28.976507,156900
2016-12-28,36.590000,36.590000,36.099998,36.119999,28.674839,215300
2016-12-29,36.139999,36.240002,36.049999,36.150002,28.698656,143000
2016-12-30,36.130001,36.279999,35.880001,35.950001,28.539879,281200
2017-01-03,36.009998,36.709999,36.009998,36.430000,28.920942,397500
2017-01-04,36.500000,36.660000,36.410000,36.619999,29.071774,136000
2017-01-05,36.709999,36.900002,36.529999,36.730000,29.159096,327300
2017-01-06,36.740002,36.750000,36.470001,36.669998,29.111467,213300
2017-01-09,36.480000,36.480000,36.150002,36.150002,28.698656,118400
2017-01-10,36.200001,36.250000,35.910000,35.910000,28.508121,186500
2017-01-11,36.009998,36.320000,35.900002,36.279999,28.801853,310900
2017-01-12,36.529999,36.529999,36.029999,36.139999,28.690710,88400
2017-01-13,36.090000,36.180000,35.990002,36.090000,28.651016,97400
2017-01-17,36.189999,36.450001,36.189999,36.320000,28.833611,184400
2017-01-18,36.099998,36.349998,36.060001,36.169998,28.714525,148400
2017-01-19,36.119999,36.150002,35.939999,35.980000,28.563690,109100
2017-01-20,36.200001,36.349998,36.080002,36.160000,28.706589,83200
2017-01-23,36.040001,36.060001,35.709999,35.889999,28.492233,199300
2017-01-24,36.049999,36.560001,36.049999,36.430000,28.920942,95900
2017-01-25,36.490002,36.779999,36.470001,36.720001,29.151165,93300
2017-01-26,36.779999,36.790001,36.540001,36.610001,29.063837,240300
2017-01-27,36.419998,36.430000,36.160000,36.230000,28.762161,151900
2017-01-30,36.099998,36.099998,35.380001,35.560001,28.230270,167700
2017-01-31,35.680000,35.700001,35.419998,35.680000,28.325527,132900
2017-02-01,35.869999,35.869999,35.250000,35.520000,28.198503,455800
2017-02-02,35.570000,35.759998,35.369999,35.709999,28.349339,197800
2017-02-03,35.740002,36.180000,35.680000,35.990002,28.571638,81300
2017-02-06,36.009998,36.070000,35.560001,35.669998,28.317595,223800
2017-02-07,35.529999,35.630001,35.029999,35.150002,27.904778,343200
2017-02-08,35.099998,35.299999,34.709999,35.290001,28.015919,127700
2017-02-09,35.529999,35.650002,35.459999,35.580002,28.246143,156100
2017-02-10,35.779999,36.029999,35.779999,35.889999,28.492233,106600
2017-02-13,35.799999,35.919998,35.709999,35.900002,28.500185,105700
2017-02-14,35.959999,36.049999,35.639999,36.040001,28.611328,118900
2017-02-15,35.900002,36.040001,35.799999,35.849998,28.460493,285000
2017-02-16,35.939999,35.980000,35.470001,35.500000,28.182625,129200
2017-02-17,35.360001,35.419998,35.160000,35.259998,27.992104,91500
2017-02-21,35.439999,35.630001,35.410000,35.520000,28.198503,114700
2017-02-22,35.290001,35.290001,34.900002,34.910000,27.714245,129200
2017-02-23,35.279999,35.310001,34.810001,34.959999,27.753939,277900
2017-02-24,34.759998,34.840000,34.439999,34.560001,27.436386,167600
2017-02-27,34.689999,34.939999,34.560001,34.770000,27.603102,328700
2017-02-28,34.650002,34.799999,34.529999,34.610001,27.476080,496200
2017-03-01,34.919998,35.349998,34.880001,35.209999,27.952408,976000
2017-03-02,35.029999,35.099998,34.759998,34.770000,27.603102,146500
2017-03-03,34.779999,34.939999,34.720001,34.759998,27.595163,565400
2017-03-06,34.669998,34.799999,34.549999,34.759998,27.595163,196200
2017-03-07,34.799999,34.880001,34.459999,34.470001,27.364937,303200
2017-03-08,34.340000,34.490002,33.619999,33.639999,26.706015,339400
2017-03-09,33.529999,33.810001,33.279999,33.759998,26.801287,334000
2017-03-10,34.090000,34.110001,33.580002,33.830002,26.856850,487400
2017-03-13,33.820000,34.029999,33.770000,33.889999,26.904488,278500
2017-03-14,33.560001,33.590000,33.209999,33.459999,26.563120,400800
2017-03-15,33.689999,34.419998,33.650002,34.360001,27.277613,237300
2017-03-16,34.470001,34.470001,34.119999,34.169998,27.126776,255600
2017-03-17,34.259998,34.369999,34.090000,34.090000,27.063263,173600
2017-03-20,33.939999,34.130001,33.860001,34.080002,27.055330,165700
2017-03-21,34.200001,34.259998,33.680000,33.759998,26.801287,186800
2017-03-22,33.660000,33.910000,33.590000,33.810001,26.840982,176100
2017-03-23,33.700001,33.900002,33.639999,33.680000,26.737783,153900
2017-03-24,33.560001,33.639999,33.349998,33.400002,26.617437,846900
2017-03-27,33.160000,33.410000,33.060001,33.349998,26.577591,150400
2017-03-28,33.360001,33.820000,33.360001,33.750000,26.896358,152100
2017-03-29,33.759998,34.270000,33.680000,34.230000,27.278889,133500
2017-03-30,34.430000,34.480000,34.150002,34.169998,27.231081,182900
2017-03-31,34.150002,34.349998,34.060001,34.270000,27.310768,212700
2017-04-03,34.240002,34.320000,33.840000,34.150002,27.215139,186100
2017-04-04,34.160000,34.430000,33.939999,34.419998,27.430307,82800
2017-04-05,34.639999,34.930000,34.240002,34.240002,27.286865,242500
2017-04-06,34.380001,34.630001,34.349998,34.529999,27.517971,134200
2017-04-07,34.590000,34.639999,34.380001,34.419998,27.430307,82800
2017-04-10,34.630001,34.869999,34.549999,34.730000,27.677355,57400
2017-04-11,34.770000,34.790001,34.430000,34.779999,27.717201,155400
2017-04-12,34.799999,34.959999,34.439999,34.549999,27.533909,310000
2017-04-13,34.540001,34.540001,33.930000,33.980000,27.079651,214600
2017-04-17,34.029999,34.160000,33.950001,34.139999,27.207167,99300
2017-04-18,33.930000,34.160000,33.700001,33.830002,26.960121,317700
2017-04-19,33.900002,33.930000,33.230000,33.299999,26.537752,184800
2017-04-20,33.410000,33.650002,33.340000,33.439999,26.649315,139500
2017-04-21,33.330002,33.470001,33.150002,33.369999,26.593534,163600
2017-04-24,33.540001,33.669998,33.439999,33.509998,26.705097,227300
2017-04-25,33.509998,33.779999,33.480000,33.740002,26.888391,127500
2017-04-26,33.610001,34.049999,33.590000,33.610001,26.784801,162200
2017-04-27,33.450001,33.450001,32.869999,33.209999,26.466022,115200
2017-04-28,33.470001,33.470001,33.189999,33.230000,26.481964,573400
2017-05-01,33.169998,33.259998,33.009998,33.090000,26.370386,123300
2017-05-02,33.130001,33.250000,32.840000,32.980000,26.282728,161500
2017-05-03,32.900002,33.070000,32.740002,32.939999,26.250851,106300
2017-05-04,32.709999,32.709999,32.070000,32.240002,25.693001,307100
2017-05-05,32.349998,32.970001,32.330002,32.930000,26.242880,132900
2017-05-08,32.900002,33.150002,32.810001,33.090000,26.370386,142400
2017-05-09,33.099998,33.099998,32.700001,32.799999,26.139278,103300
2017-05-10,33.029999,33.419998,33.029999,33.299999,26.537752,81400
2017-05-11,33.389999,33.389999,33.150002,33.169998,26.434145,128300
2017-05-12,33.169998,33.250000,33.020000,33.080002,26.362425,63900
2017-05-15,33.560001,33.669998,33.290001,33.380001,26.601501,233600
2017-05-16,33.459999,33.490002,33.139999,33.220001,26.473993,104200
2017-05-17,33.049999,33.169998,32.790001,32.810001,26.147249,147100
2017-05-18,32.619999,32.880001,32.459999,32.740002,26.091471,147900
2017-05-19,32.820000,33.340000,32.820000,33.220001,26.473993,121000
2017-05-22,33.430000,33.430000,33.130001,33.220001,26.473993,97600
2017-05-23,33.270000,33.299999,33.099998,33.160000,26.426178,145700
2017-05-24,33.150002,33.270000,32.939999,33.099998,26.378361,92500
2017-05-25,33.029999,33.330002,32.400002,32.509998,25.908171,187700
2017-05-26,32.540001,32.610001,32.400002,32.560001,25.948017,108300
2017-05-30,32.430000,32.430000,32.130001,32.130001,25.605333,71500
2017-05-31,31.920000,32.040001,31.760000,31.990000,25.493773,354000
2017-06-01,32.009998,32.360001,31.920000,32.230000,25.685032,94900
2017-06-02,32.130001,32.130001,31.799999,31.940001,25.453920,261000
2017-06-05,31.830000,32.029999,31.809999,31.879999,25.406109,128500
2017-06-06,31.910000,32.369999,31.840000,32.349998,25.780664,336600
2017-06-07,32.209999,32.369999,31.629999,31.740000,25.294538,135900
2017-06-08,31.610001,31.840000,31.590000,31.610001,25.190935,584700
2017-06-09,31.660000,32.340000,31.660000,32.279999,25.724878,373500
2017-06-12,32.450001,32.740002,32.330002,32.419998,25.836451,410900
2017-06-13,32.430000,32.740002,32.389999,32.730000,26.083498,176100
2017-06-14,32.689999,32.689999,31.930000,31.950001,25.461891,500600
2017-06-15,31.760000,31.940001,31.490000,31.610001,25.190935,203200
2017-06-16,31.750000,32.029999,31.620001,32.009998,25.509705,222100
2017-06-19,32.049999,32.110001,31.889999,31.940001,25.453920,173200
2017-06-20,31.620001,31.620001,31.200001,31.459999,25.071392,152200
2017-06-21,31.440001,31.620001,30.950001,31.080000,24.768564,199100
2017-06-22,31.200001,31.440001,31.070000,31.170000,24.840288,277900
2017-06-23,31.230000,31.520000,31.129999,31.490000,25.095301,151800
2017-06-26,31.610001,31.680000,31.370001,31.490000,25.095301,75400
2017-06-27,31.450001,31.610001,31.290001,31.290001,25.052073,172800
2017-06-28,31.379999,31.719999,31.350000,31.549999,25.260235,116200
2017-06-29,31.600000,31.850000,31.510000,31.549999,25.260235,58700
2017-06-30,31.730000,31.809999,31.459999,31.660000,25.348303,321500
2017-07-03,31.750000,32.250000,31.750000,32.139999,25.732616,70000
2017-07-05,32.090000,32.090000,31.459999,31.549999,25.260235,105300
2017-07-06,31.660000,31.700001,31.170000,31.209999,24.988020,102500
2017-07-07,31.129999,31.190001,30.809999,31.150000,24.939981,79900
2017-07-10,31.090000,31.440001,30.959999,31.370001,25.116121,55100
2017-07-11,31.379999,31.580000,31.230000,31.530001,25.244225,79300
2017-07-12,31.799999,31.950001,31.570000,31.639999,25.332293,116500
2017-07-13,31.680000,31.799999,31.559999,31.770000,25.436386,116600
2017-07-14,31.840000,32.099998,31.840000,32.029999,25.644543,107400
2017-07-17,31.980000,32.250000,31.980000,32.060001,25.668562,83200
2017-07-18,32.200001,32.200001,31.830000,31.950001,25.580494,110300
2017-07-19,31.990000,32.509998,31.990000,32.490002,26.012848,165900
2017-07-20,32.639999,32.700001,32.299999,32.360001,25.908758,117000
2017-07-21,32.299999,32.419998,32.080002,32.130001,25.724607,159000
2017-07-24,32.250000,32.250000,32.000000,32.040001,25.652552,88500
2017-07-25,32.330002,32.700001,32.330002,32.509998,26.028854,142700
2017-07-26,32.639999,32.869999,32.430000,32.580002,26.084894,142600
2017-07-27,32.599998,32.779999,32.480000,32.770000,26.237020,137600
2017-07-28,32.700001,33.070000,32.660000,32.750000,26.221008,136400
2017-07-31,32.750000,32.930000,32.590000,32.759998,26.229008,642800
2017-08-01,32.730000,32.889999,32.560001,32.700001,26.180975,202000
2017-08-02,32.450001,32.709999,32.240002,32.580002,26.084894,175400
2017-08-03,32.349998,32.790001,32.029999,32.150002,25.740629,115800
2017-08-04,31.930000,32.360001,31.930000,32.290001,25.852711,212000
2017-08-07,32.150002,32.209999,32.009998,32.049999,25.660563,91000
2017-08-08,31.950001,32.230000,31.830000,31.930000,25.564484,120400
2017-08-09,31.990000,32.119999,31.830000,31.900000,25.540459,237100
2017-08-10,31.760000,32.009998,31.500000,31.520000,25.236219,315500
2017-08-11,31.490000,31.600000,31.410000,31.450001,25.180168,192100
2017-08-14,31.299999,31.660000,31.299999,31.389999,25.132132,95000
2017-08-15,31.209999,31.299999,31.070000,31.209999,24.988020,137000
2017-08-16,31.250000,31.379999,31.030001,31.100000,24.899950,120700
2017-08-17,30.809999,31.070000,30.680000,30.680000,24.563681,180200
2017-08-18,30.700001,31.010000,30.639999,30.830000,24.683777,69900
2017-08-21,30.750000,30.809999,30.590000,30.670000,24.555670,70000
2017-08-22,30.680000,30.930000,30.680000,30.900000,24.739820,91000
2017-08-23,30.620001,31.200001,30.620001,31.110001,24.907953,90100
2017-08-24,31.000000,31.190001,30.889999,31.129999,24.923969,57200
2017-08-25,31.120001,31.299999,31.120001,31.219999,24.996029,65200
2017-08-28,31.180000,31.299999,30.959999,31.170000,24.955992,67300
2017-08-29,30.990000,31.180000,30.889999,31.180000,24.964001,78000
2017-08-30,31.049999,31.240000,30.959999,31.200001,24.980013,303900
2017-08-31,31.290001,31.520000,31.250000,31.469999,25.196184,342800
2017-09-01,31.570000,31.870001,31.490000,31.830000,25.484415,159800
2017-09-05,31.930000,32.020000,31.650000,31.879999,25.524448,156000
2017-09-06,31.980000,32.340000,31.980000,32.250000,25.820686,153800
2017-09-07,32.240002,32.349998,32.139999,32.320000,25.876728,159300
2017-09-08,32.240002,32.240002,31.830000,31.959999,25.588501,113000
2017-09-11,32.009998,32.250000,31.990000,32.189999,25.772648,69200
2017-09-12,32.200001,32.490002,32.200001,32.450001,25.980814,100600
2017-09-13,32.330002,32.750000,32.330002,32.750000,26.221008,77900
2017-09-14,32.799999,33.040001,32.770000,32.880001,26.325090,109600
2017-09-15,32.869999,32.910000,32.730000,32.869999,26.317083,123800
2017-09-18,32.919998,33.070000,32.840000,33.020000,26.437178,104900
2017-09-19,33.049999,33.139999,32.990002,33.119999,26.517242,73700
2017-09-20,33.180000,33.540001,33.180000,33.349998,26.701387,102100
2017-09-21,33.279999,33.400002,33.180000,33.349998,26.701387,78900
2017-09-22,33.230000,33.500000,33.230000,33.419998,26.757431,60500
2017-09-25,33.450001,33.910000,33.450001,33.880001,27.125736,308900
2017-09-26,33.570000,33.580002,33.380001,33.540001,27.092607,138400
2017-09-27,33.540001,33.639999,33.340000,33.639999,27.173389,171700
2017-09-28,33.639999,33.830002,33.580002,33.689999,27.213776,65800
2017-09-29,33.730000,33.730000,33.490002,33.669998,27.197620,117600
2017-10-02,33.470001,33.689999,33.389999,33.680000,27.205702,139600
2017-10-03,33.750000,33.770000,33.610001,33.740002,27.254166,60800
2017-10-04,33.669998,33.799999,33.610001,33.689999,27.213776,66300
2017-10-05,33.790001,33.840000,33.759998,33.779999,27.286478,32400
2017-10-06,33.220001,33.599998,33.220001,33.500000,27.060301,29100
2017-10-09,33.450001,33.639999,33.450001,33.549999,27.100689,21700
2017-10-10,33.950001,33.950001,33.549999,33.590000,27.132999,58600
2017-10-11,33.590000,33.660000,33.470001,33.660000,27.189543,42400
2017-10-12,33.320000,33.570000,33.320000,33.490002,27.052221,49000
2017-10-13,33.639999,33.799999,33.509998,33.509998,27.068373,120900
2017-10-16,33.669998,33.720001,33.470001,33.520000,27.076460,44100
2017-10-17,33.389999,33.540001,33.320000,33.520000,27.076460,45300
2017-10-18,33.459999,33.599998,33.270000,33.290001,26.890671,69100
2017-10-19,33.080002,33.290001,33.080002,33.169998,26.793736,68700
2017-10-20,33.119999,33.200001,33.029999,33.169998,26.793736,74900
2017-10-23,33.150002,33.250000,32.880001,32.880001,26.559483,59600
2017-10-24,32.869999,33.060001,32.860001,32.910000,26.583717,91900
2017-10-25,32.799999,32.889999,32.480000,32.599998,26.333311,93600
2017-10-26,32.610001,32.709999,32.480000,32.650002,26.373697,226800
2017-10-27,32.310001,32.910000,32.310001,32.910000,26.583717,95100
2017-10-30,32.310001,33.160000,32.310001,33.070000,26.712963,42400
2017-10-31,32.990002,33.279999,32.950001,33.200001,26.817966,116200
2017-11-01,33.299999,33.740002,33.299999,33.549999,27.100689,81900
2017-11-02,33.490002,33.610001,33.270000,33.459999,27.027988,46300
2017-11-03,33.419998,33.720001,33.419998,33.619999,27.157240,65700
2017-11-06,33.639999,34.360001,33.639999,34.340000,27.738827,57100
2017-11-07,34.310001,34.349998,34.130001,34.270000,27.682283,152200
2017-11-08,34.009998,34.349998,34.009998,34.189999,27.617668,146900
2017-11-09,34.000000,34.250000,33.900002,34.240002,27.658056,78200
2017-11-10,34.130001,34.240002,33.869999,34.049999,27.504576,60600
2017-11-13,33.840000,34.090000,33.820000,33.840000,27.334946,73400
2017-11-14,33.730000,33.730000,33.240002,33.240002,26.850288,65100
2017-11-15,33.029999,33.049999,32.750000,32.919998,26.591791,80200
2017-11-16,32.619999,33.029999,32.619999,32.889999,26.567562,51200
2017-11-17,32.900002,33.160000,32.900002,33.110001,26.745272,36700
2017-11-20,32.970001,33.060001,32.849998,32.980000,26.640259,69800
2017-11-21,33.080002,33.270000,33.049999,33.119999,26.753349,35900
2017-11-22,33.320000,33.369999,33.259998,33.299999,26.898750,34300
2017-11-24,33.389999,33.439999,33.360001,33.369999,26.955292,13200
2017-11-27,33.259998,33.259998,32.919998,32.939999,26.607950,30500
2017-11-28,32.950001,33.169998,32.950001,33.139999,26.769506,42000
2017-11-29,33.080002,33.240002,32.930000,33.119999,26.753349,39900
2017-11-30,33.099998,33.740002,33.099998,33.709999,27.229933,289700
2017-12-01,33.939999,34.220001,33.689999,34.029999,27.488422,266000
2017-12-04,33.990002,34.450001,33.939999,33.970001,27.439957,120100
2017-12-05,33.740002,34.020000,33.740002,33.830002,27.326866,57400
2017-12-06,33.740002,33.750000,33.310001,33.330002,26.922981,82300
2017-12-07,33.250000,33.540001,33.250000,33.540001,27.092607,70700
2017-12-08,33.680000,33.820000,33.580002,33.790001,27.294559,55500
2017-12-11,33.810001,34.139999,33.810001,34.009998,27.472265,66700
2017-12-12,34.049999,34.099998,33.849998,33.889999,27.375332,92900
2017-12-13,33.860001,34.099998,33.810001,33.880001,27.367258,67200
2017-12-14,33.720001,33.939999,33.689999,33.700001,27.221857,108700
2017-12-15,33.810001,33.919998,33.599998,33.619999,27.157240,150100
2017-12-18,33.660000,34.130001,33.660000,34.029999,27.488422,124700
2017-12-19,34.029999,34.060001,33.849998,33.869999,27.499784,172000
2017-12-20,34.060001,34.380001,33.770000,34.349998,27.889509,169100
2017-12-21,34.349998,35.040001,34.340000,34.970001,28.392899,51600
2017-12-22,34.889999,35.189999,34.860001,35.060001,28.465973,301300
2017-12-26,35.200001,35.500000,35.139999,35.470001,28.798866,140400
2017-12-27,35.459999,35.480000,35.320000,35.400002,28.742031,95300
2017-12-28,35.450001,35.529999,35.330002,35.520000,28.839460,41500
2017-12-29,35.580002,35.599998,35.369999,35.439999,28.774498,75500
2018-01-02,35.650002,36.130001,35.540001,36.099998,29.310369,76100
2018-01-03,36.110001,36.599998,36.110001,36.520000,29.651373,86500
2018-01-04,36.509998,36.779999,36.430000,36.779999,29.862482,87500
2018-01-05,36.680000,36.740002,36.520000,36.730000,29.821877,46100
2018-01-08,36.750000,36.910000,36.610001,36.889999,29.951792,225500
2018-01-09,36.970001,36.970001,36.730000,36.730000,29.821877,72300
2018-01-10,36.810001,36.840000,36.650002,36.650002,29.756931,93800
2018-01-11,36.660000,37.419998,36.660000,37.310001,30.292797,54600
2018-01-12,37.310001,37.669998,37.310001,37.669998,30.585091,92200
2018-01-16,37.770000,37.880001,37.169998,37.230000,30.227835,125800
2018-01-17,37.320000,37.669998,37.090000,37.490002,30.438944,130600
2018-01-18,37.349998,37.380001,37.110001,37.139999,30.154776,62900
2018-01-19,37.029999,37.139999,36.959999,37.139999,30.154776,130700
2018-01-22,37.130001,37.720001,37.130001,37.720001,30.625690,197700
2018-01-23,37.799999,37.849998,37.520000,37.770000,30.666279,62200
2018-01-24,37.790001,38.020000,37.599998,37.740002,30.641926,59800
2018-01-25,37.889999,37.889999,37.299999,37.380001,30.349628,46400
2018-01-26,37.410000,37.590000,37.340000,37.529999,30.471422,44000
2018-01-29,37.369999,37.520000,36.930000,36.980000,30.024864,64400
2018-01-30,36.639999,36.820000,36.220001,36.270000,29.448399,73900
2018-01-31,36.419998,36.419998,36.049999,36.240002,29.424044,156400
2018-02-01,36.230000,36.430000,36.070000,36.410000,29.562065,51400
2018-02-02,35.939999,35.959999,35.029999,35.119999,28.514692,108900
2018-02-05,34.880001,35.099998,33.560001,33.880001,27.507910,238200
2018-02-06,33.180000,34.279999,33.070000,34.180000,27.751480,219900
2018-02-07,34.500000,34.580002,33.660000,33.660000,27.329279,205800
2018-02-08,33.669998,33.810001,32.509998,32.520000,26.403696,94400
2018-02-09,32.830002,32.849998,31.490000,32.490002,26.379335,118200
2018-02-12,32.630001,33.310001,32.630001,33.070000,26.850250,90900
2018-02-13,32.759998,33.099998,32.759998,33.009998,26.801533,35700
2018-02-14,32.730000,33.750000,32.730000,33.700001,27.361767,70800
2018-02-15,33.590000,33.720001,33.150002,33.689999,27.353638,45100
2018-02-16,33.720001,33.919998,33.389999,33.590000,27.272449,89700
2018-02-20,33.450001,33.669998,33.230000,33.340000,27.069464,69500
2018-02-21,33.230000,33.560001,32.869999,32.869999,26.687864,97300
2018-02-22,33.119999,33.610001,33.090000,33.150002,26.915205,74900
2018-02-23,33.230000,33.779999,33.230000,33.770000,27.418592,64300
2018-02-26,33.860001,34.000000,33.730000,33.930000,27.548504,40100
2018-02-27,33.790001,34.099998,33.430000,33.430000,27.142540,37100
2018-02-28,33.490002,33.740002,32.660000,32.660000,26.517365,58300
2018-03-01,32.540001,32.959999,32.320000,32.610001,26.476761,85500
2018-03-02,32.430000,32.810001,32.160000,32.730000,26.574196,88200
2018-03-05,32.459999,33.139999,32.459999,33.080002,26.858372,83200
2018-03-06,33.230000,33.360001,33.000000,33.180000,26.939564,31500
2018-03-07,32.950001,33.139999,32.660000,32.910000,26.720341,91300
2018-03-08,32.919998,32.950001,32.639999,32.880001,26.695984,47900
2018-03-09,33.080002,33.419998,33.080002,33.400002,27.118181,204400
2018-03-12,33.349998,33.570000,33.299999,33.439999,27.150656,54100
2018-03-13,33.450001,33.689999,33.189999,33.290001,27.028875,98200
2018-03-14,33.310001,33.439999,33.099998,33.169998,26.931438,83100
2018-03-15,33.200001,33.310001,32.639999,32.840000,26.663506,38800
2018-03-16,32.869999,33.270000,32.860001,33.110001,26.882727,69200
2018-03-19,32.950001,33.009998,32.380001,32.580002,26.452406,54400
2018-03-20,32.720001,32.950001,32.720001,32.770000,26.606672,75300
2018-03-21,32.910000,33.880001,32.889999,33.730000,27.386114,87600
2018-03-22,33.450001,33.450001,32.810001,32.830002,26.772068,48300
2018-03-23,32.840000,33.369999,32.610001,32.650002,26.625278,73400
2018-03-26,33.020000,33.259998,32.700001,33.240002,27.106417,57700
2018-03-27,33.380001,33.459999,32.740002,32.900002,26.829145,97000
2018-03-28,32.930000,32.950001,32.320000,32.369999,26.396946,223800
2018-03-29,32.560001,33.169998,32.560001,33.099998,26.992239,68500
2018-04-02,32.820000,32.959999,31.940001,32.349998,26.380636,126000
2018-04-03,32.459999,32.939999,32.200001,32.939999,26.861765,59600
2018-04-04,32.369999,33.020000,32.320000,32.980000,26.894384,69700
2018-04-05,33.000000,33.779999,33.000000,33.639999,27.432598,63200
2018-04-06,33.520000,33.560001,32.660000,33.049999,26.951471,115700
2018-04-09,33.110001,33.529999,33.049999,33.130001,27.016708,56000
2018-04-10,33.619999,34.410000,33.619999,34.180000,27.872953,92000
2018-04-11,34.029999,34.650002,34.029999,34.560001,28.182837,67000
2018-04-12,34.410000,34.720001,34.410000,34.549999,28.174683,35500
2018-04-13,34.660000,35.080002,34.660000,34.950001,28.500874,46700
2018-04-16,34.950001,35.340000,34.869999,35.220001,28.721046,36500
2018-04-17,35.200001,35.599998,35.200001,35.459999,28.916765,55100
2018-04-18,35.730000,36.310001,35.730000,36.029999,29.381580,76900
2018-04-19,36.189999,36.279999,35.889999,35.990002,29.348970,47400
2018-04-20,35.730000,35.910000,35.599998,35.779999,29.177719,49700
2018-04-23,35.689999,35.849998,35.439999,35.840000,29.226643,92600
2018-04-24,35.939999,36.029999,35.230000,35.400002,28.867836,43700
2018-04-25,35.400002,35.669998,35.139999,35.630001,29.055395,62700
2018-04-26,35.770000,36.000000,35.590000,36.000000,29.357115,36600
2018-04-27,36.119999,36.119999,35.590000,35.669998,29.088018,73100
2018-04-30,35.740002,35.980000,35.639999,35.639999,29.063551,113300
2018-05-01,35.750000,35.750000,35.099998,35.540001,28.982002,149800
2018-05-02,35.529999,35.980000,35.529999,35.680000,29.096165,76600
2018-05-03,35.639999,35.660000,35.200001,35.590000,29.022779,39800
2018-05-04,35.459999,35.959999,35.410000,35.900002,29.275578,54900
2018-05-07,36.189999,36.580002,35.900002,35.930000,29.300041,34200
2018-05-08,35.939999,36.169998,35.389999,36.160000,29.487597,351600
2018-05-09,36.639999,37.110001,36.639999,36.770000,29.985046,405800
2018-05-10,37.009998,37.110001,36.810001,37.060001,30.221525,51800
2018-05-11,37.099998,37.259998,37.009998,37.070000,30.229675,37500
2018-05-14,37.230000,37.419998,37.220001,37.299999,30.417229,92700
2018-05-15,37.250000,37.270000,36.970001,37.250000,30.376465,48200
2018-05-16,37.259998,37.470001,37.119999,37.430000,30.523262,42700
2018-05-17,37.599998,38.040001,37.520000,37.970001,30.963612,54700
2018-05-18,37.860001,37.910000,37.689999,37.730000,30.767895,51300
2018-05-21,37.959999,38.070000,37.730000,38.040001,31.020693,44200
2018-05-22,38.110001,38.330002,37.529999,37.580002,30.645578,85700
2018-05-23,37.369999,37.560001,37.070000,37.520000,30.596645,79000
2018-05-24,37.150002,37.259998,36.959999,37.099998,30.254141,70800
2018-05-25,36.549999,36.669998,35.930000,36.230000,29.544680,83800
2018-05-29,35.919998,36.310001,35.869999,36.110001,29.446821,63700
2018-05-30,36.290001,37.180000,36.290001,37.070000,30.229675,68200
2018-05-31,36.810001,37.139999,36.639999,36.720001,29.944265,51200
2018-06-01,36.860001,37.090000,36.709999,36.860001,30.058434,229600
2018-06-04,37.049999,37.259998,36.500000,36.590000,29.838251,58500
2018-06-05,36.540001,36.759998,36.450001,36.549999,29.805632,42600
2018-06-06,36.790001,36.799999,36.419998,36.669998,29.903486,155600
2018-06-07,36.840000,37.290001,36.840000,37.130001,30.278610,54700
2018-06-08,37.150002,37.189999,36.869999,37.070000,30.229675,39900
2018-06-11,37.220001,37.419998,36.959999,37.270000,30.392778,65300
2018-06-12,37.240002,37.349998,36.950001,37.040001,30.205219,77200
2018-06-13,36.939999,37.080002,36.790001,36.849998,30.050276,194500
2018-06-14,36.990002,37.020000,36.750000,36.770000,29.985046,59000
2018-06-15,36.490002,36.490002,35.959999,36.000000,29.357115,54400
2018-06-18,35.900002,36.610001,35.900002,36.400002,29.683310,92600
2018-06-19,36.060001,36.360001,35.849998,36.250000,29.560989,65100
2018-06-20,36.349998,36.529999,36.189999,36.480000,29.748547,80400
2018-06-21,36.360001,36.360001,35.680000,35.759998,29.161407,58100
2018-06-22,36.570000,36.790001,36.520000,36.540001,29.797483,70400
2018-06-25,36.459999,36.459999,35.639999,35.779999,29.177719,85200
2018-06-26,35.799999,36.250000,35.619999,36.150002,29.617683,150300
2018-06-27,36.430000,36.950001,36.400002,36.480000,29.888048,115400
2018-06-28,36.470001,36.619999,36.169998,36.470001,29.879858,563300
2018-06-29,36.730000,37.130001,36.709999,36.860001,30.199385,131100
2018-07-02,36.650002,36.650002,36.160000,36.310001,29.748772,91300
2018-07-03,36.759998,37.049999,36.540001,36.619999,30.002747,119600
2018-07-05,36.799999,36.820000,36.509998,36.599998,29.986364,115000
2018-07-06,36.529999,37.029999,36.430000,36.959999,30.281311,57200
2018-07-09,37.090000,37.450001,37.090000,37.419998,30.658190,72000
2018-07-10,37.580002,37.849998,37.520000,37.639999,30.838432,34500
2018-07-11,37.230000,37.490002,36.650002,36.860001,30.199385,112500
2018-07-12,36.990002,36.990002,36.790001,36.959999,30.281311,31400
2018-07-13,36.860001,37.230000,36.860001,37.080002,30.379625,118800
2018-07-16,36.750000,36.910000,36.380001,36.630001,30.010944,50600
2018-07-17,36.389999,36.689999,36.330002,36.520000,29.920816,43500
2018-07-18,36.310001,36.580002,36.029999,36.520000,29.920816,183800
2018-07-19,36.320000,36.639999,36.320000,36.529999,29.929024,37200
2018-07-20,36.529999,36.669998,36.369999,36.400002,29.822506,55500
2018-07-23,36.430000,36.450001,36.189999,36.230000,29.683226,65200
2018-07-24,36.389999,36.790001,36.389999,36.549999,29.945404,64100
2018-07-25,36.540001,36.840000,36.480000,36.840000,30.182991,71000
2018-07-26,36.700001,37.110001,36.700001,37.049999,30.355047,27500
2018-07-27,36.849998,37.160000,36.790001,36.919998,30.248535,68600
2018-07-30,37.130001,37.400002,37.130001,37.220001,30.494331,97500
2018-07-31,37.110001,37.400002,37.070000,37.230000,30.502522,59600
2018-08-01,37.049999,37.049999,36.650002,36.790001,30.142031,86000
2018-08-02,36.650002,36.720001,36.279999,36.669998,30.043713,60000
2018-08-03,36.570000,36.720001,36.459999,36.580002,29.969980,53500
2018-08-06,36.740002,36.889999,36.500000,36.759998,30.117447,185600
2018-08-07,37.099998,37.099998,36.730000,36.750000,30.109262,67500
2018-08-08,36.669998,36.669998,36.330002,36.540001,29.937210,86500
2018-08-09,36.490002,36.520000,36.270000,36.290001,29.732384,80500
2018-08-10,36.230000,36.389999,36.160000,36.349998,29.781542,89300
2018-08-13,36.180000,36.380001,35.830002,35.840000,29.363697,345000
2018-08-14,36.000000,36.200001,35.880001,36.000000,29.494780,74600
2018-08-15,35.770000,35.770000,34.549999,34.680000,28.413309,277100
2018-08-16,34.810001,35.060001,34.810001,34.820000,28.528004,88500
2018-08-17,34.849998,35.130001,34.849998,35.070000,28.732840,49600
2018-08-20,35.169998,35.380001,35.090000,35.290001,28.913086,52800
2018-08-21,35.560001,35.730000,35.470001,35.509998,29.093325,591300
2018-08-22,35.860001,36.000000,35.779999,35.919998,29.429243,80000
2018-08-23,35.849998,35.849998,35.570000,35.689999,29.240799,70100
2018-08-24,36.009998,36.160000,35.939999,35.980000,29.478401,133500
2018-08-27,36.119999,36.340000,36.090000,36.259998,29.707800,81100
2018-08-28,36.369999,36.459999,35.990002,36.020000,29.511171,47400
2018-08-29,36.090000,36.410000,36.049999,36.240002,29.691418,143900
2018-08-30,36.279999,36.279999,35.900002,36.049999,29.535749,73500
2018-08-31,35.860001,35.889999,35.639999,35.779999,29.314541,86600
2018-09-04,35.759998,35.759998,35.360001,35.419998,29.019592,117200
2018-09-05,35.320000,35.380001,34.900002,35.340000,28.954046,81000
2018-09-06,35.250000,35.340000,34.650002,34.759998,28.478851,85000
2018-09-07,34.540001,34.669998,34.299999,34.660000,28.396925,141500
2018-09-10,34.849998,34.930000,34.590000,34.599998,28.347769,100500
2018-09-11,34.430000,35.000000,34.430000,34.900002,28.593557,87400
2018-09-12,35.060001,35.380001,35.060001,35.169998,28.814766,94700
2018-09-13,35.070000,35.270000,34.919998,35.169998,28.814766,65800
2018-09-14,35.040001,35.480000,35.029999,35.320000,28.937662,123000
2018-09-17,35.380001,35.630001,35.310001,35.360001,28.970440,95700
2018-09-18,35.480000,35.830002,35.480000,35.740002,29.281778,58100
2018-09-19,35.740002,35.990002,35.740002,35.860001,29.380083,62800
2018-09-20,36.110001,36.110001,35.799999,35.810001,29.339123,23000
2018-09-21,35.820000,36.130001,35.820000,35.970001,29.470209,40400
2018-09-24,36.360001,36.549999,36.209999,36.360001,29.789732,110500
2018-09-25,36.560001,36.700001,36.400002,36.419998,29.838886,409600
2018-09-26,36.240002,36.240002,35.820000,35.849998,29.513710,57600
2018-09-27,35.980000,36.060001,35.840000,35.930000,29.579571,74900
2018-09-28,35.779999,36.200001,35.650002,35.849998,29.513710,113700
2018-10-01,35.910000,36.500000,35.910000,36.400002,29.966497,128500
2018-10-02,36.480000,36.500000,36.150002,36.410000,29.974724,92200
2018-10-03,36.570000,36.810001,36.439999,36.700001,30.213470,122300
2018-10-04,36.520000,36.750000,36.250000,36.470001,30.024124,138500
2018-10-05,36.369999,36.509998,36.180000,36.380001,29.950027,75600
2018-10-08,36.020000,36.299999,36.000000,36.279999,29.867708,78200
2018-10-09,36.240002,36.580002,36.130001,36.380001,29.950027,103400
2018-10-10,36.290001,36.290001,35.070000,35.080002,28.879797,171100
2018-10-11,34.830002,34.950001,34.139999,34.240002,28.188267,259400
2018-10-12,34.730000,34.730000,33.950001,34.419998,28.336449,166500
2018-10-15,34.570000,34.580002,34.299999,34.310001,28.245897,104700
2018-10-16,34.450001,34.720001,34.410000,34.689999,28.558729,70800
2018-10-17,34.570000,34.599998,34.110001,34.279999,28.221195,191300
2018-10-18,33.910000,34.349998,33.860001,33.980000,27.974213,132600
2018-10-19,33.939999,34.230000,33.709999,33.730000,27.768396,74400
2018-10-22,33.689999,33.700001,33.200001,33.360001,27.463802,89000
2018-10-23,32.889999,32.889999,32.110001,32.549999,26.796965,127100
2018-10-24,32.750000,32.750000,31.260000,31.290001,25.759661,171500
2018-10-25,31.680000,31.780001,31.400000,31.540001,25.965473,247000
2018-10-26,31.209999,31.740000,30.820000,31.360001,25.817287,199400
2018-10-29,31.510000,31.750000,30.330000,30.709999,25.282169,186400
2018-10-30,30.490000,31.430000,30.490000,31.379999,25.833752,197900
2018-10-31,31.559999,32.070000,31.520000,31.549999,25.973703,317900
2018-11-01,31.610001,32.119999,31.580000,32.020000,26.360636,220500
2018-11-02,32.340000,32.380001,31.549999,31.820000,26.195984,250200
2018-11-05,32.060001,32.430000,32.040001,32.340000,26.624081,135000
2018-11-06,32.380001,32.529999,32.150002,32.500000,26.755795,103500
2018-11-07,32.820000,33.020000,32.619999,32.950001,27.126266,132900
2018-11-08,32.709999,32.939999,32.189999,32.290001,26.582914,215200
2018-11-09,31.830000,32.240002,31.610001,32.080002,26.410032,197900
2018-11-12,32.189999,32.189999,31.370001,31.400000,25.850218,166700
2018-11-13,31.299999,31.559999,30.709999,30.780001,25.339800,261700
2018-11-14,31.250000,31.440001,30.639999,30.889999,25.430359,166700
2018-11-15,30.850000,31.400000,30.650000,31.370001,25.825520,293800
2018-11-16,31.459999,31.719999,31.320000,31.629999,26.039570,195800
2018-11-19,31.469999,31.700001,31.330000,31.520000,25.949013,112400
2018-11-20,30.969999,31.120001,30.420000,30.610001,25.199846,174600
2018-11-21,30.850000,31.440001,30.850000,31.190001,25.677332,327000
2018-11-23,30.389999,30.530001,30.139999,30.219999,24.878775,88800
2018-11-26,30.459999,30.830000,30.459999,30.629999,25.216312,192300
2018-11-27,30.440001,30.650000,30.250000,30.420000,25.043428,232800
2018-11-28,30.459999,30.889999,30.110001,30.889999,25.430359,257000
2018-11-29,30.889999,31.309999,30.879999,31.049999,25.562080,240000
2018-11-30,30.770000,31.010000,30.590000,30.910000,25.446821,297200
2018-12-03,31.730000,31.870001,31.270000,31.639999,26.047800,505000
2018-12-04,31.559999,31.730000,30.750000,30.790001,25.348028,221000
2018-12-06,30.100000,30.200001,29.610001,30.200001,24.862310,559000
2018-12-07,30.799999,31.139999,30.070000,30.110001,24.788221,410000
2018-12-10,30.000000,30.010000,29.100000,29.620001,24.384823,269800
2018-12-11,30.129999,30.150000,29.309999,29.540001,24.318966,571700
2018-12-12,29.940001,30.309999,29.799999,29.809999,24.541243,366500
2018-12-13,29.830000,29.990000,29.610001,29.809999,24.541243,486000
2018-12-14,29.709999,29.709999,29.049999,29.129999,23.981428,393900
2018-12-17,28.870001,29.020000,28.180000,28.330000,23.516577,529200
2018-12-18,28.469999,28.469999,27.760000,27.870001,23.134733,588600
2018-12-19,28.080000,28.430000,27.330000,27.490000,22.819296,730700
2018-12-20,27.370001,27.680000,26.740000,26.930000,22.354443,1235100
2018-12-21,26.950001,27.230000,26.370001,26.520000,22.014105,1117500
2018-12-24,26.360001,26.389999,25.610001,25.629999,21.275318,631200
2018-12-26,25.709999,27.030001,25.420000,27.030001,22.437454,901000
2018-12-27,26.510000,27.219999,26.240000,27.209999,22.586870,760900
2018-12-28,27.290001,27.420000,26.870001,26.980000,22.395950,689800
2018-12-31,27.139999,27.250000,26.830000,27.180000,22.561964,652400
2019-01-02,26.709999,27.799999,26.520000,27.620001,22.927208,567400
2019-01-03,27.680000,27.809999,27.129999,27.469999,22.802691,309600
2019-01-04,27.850000,28.469999,27.850000,28.430000,23.599585,377700
2019-01-07,28.700001,29.049999,28.330000,28.840000,23.939922,302300
2019-01-08,29.230000,29.309999,28.959999,29.150000,24.197254,253500
2019-01-09,29.440001,29.700001,29.230000,29.580000,24.554193,233700
2019-01-10,29.430000,29.780001,29.290001,29.770000,24.711912,228700
2019-01-11,29.590000,29.750000,29.389999,29.620001,24.587397,575000
2019-01-14,29.420000,29.709999,29.389999,29.600000,24.570793,384300
2019-01-15,29.690001,29.920000,29.580000,29.719999,24.670404,180500
2019-01-16,29.670000,29.850000,29.610001,29.670000,24.628899,231300
2019-01-17,29.430000,30.080000,29.430000,29.950001,24.861324,341900
2019-01-18,30.290001,30.469999,30.120001,30.459999,25.284676,380300
2019-01-22,30.139999,30.160000,29.760000,29.830000,24.761719,530400
2019-01-23,29.910000,29.950001,29.309999,29.530001,24.512691,367100
2019-01-24,29.520000,29.879999,29.389999,29.670000,24.628899,788300
2019-01-25,29.879999,30.309999,29.860001,30.180000,25.052256,399400
2019-01-28,29.730000,29.940001,29.650000,29.930000,24.844730,347100
2019-01-29,30.150000,30.250000,30.080000,30.129999,25.010746,240900
2019-01-30,30.290001,30.670000,30.139999,30.530001,25.342783,1342700
2019-01-31,30.620001,30.830000,30.500000,30.660000,25.450697,297300
2019-02-01,30.850000,31.059999,30.690001,30.889999,25.641617,318200
2019-02-04,30.469999,31.059999,30.469999,31.049999,25.774435,254400
2019-02-05,31.020000,31.150000,30.930000,31.080000,25.799335,354100
2019-02-06,30.930000,31.040001,30.830000,30.850000,25.608414,279200
2019-02-07,30.660000,30.730000,29.950001,30.190001,25.060553,362400
2019-02-08,30.129999,30.170000,29.600000,30.020000,24.919436,182400
2019-02-11,29.840000,30.190001,29.830000,30.150000,25.027348,186200
2019-02-12,30.549999,30.610001,30.330000,30.440001,25.268078,244600
2019-02-13,30.520000,30.990000,30.520000,30.719999,25.500504,229600
2019-02-14,30.660000,31.090000,30.650000,30.870001,25.625019,208300
2019-02-15,31.170000,31.400000,31.160000,31.379999,26.048363,101300
2019-02-19,31.250000,31.709999,31.250000,31.580000,26.214386,130500
2019-02-20,31.540001,31.930000,31.540001,31.799999,26.397005,139900
2019-02-21,31.709999,31.730000,31.240000,31.340000,26.015163,212200
2019-02-22,31.500000,31.600000,31.360001,31.440001,26.098169,92300
2019-02-25,31.370001,31.549999,31.370001,31.430000,26.089870,438900
2019-02-26,31.350000,31.580000,31.299999,31.320000,25.998558,145300
2019-02-27,31.389999,31.620001,31.230000,31.350000,26.023457,116200
2019-02-28,31.340000,31.340000,30.900000,31.030001,25.757833,92200
2019-03-01,31.180000,31.459999,31.170000,31.440001,26.098169,296600
2019-03-04,31.469999,31.500000,30.940001,31.379999,26.048363,180100
2019-03-05,31.400000,31.440001,31.150000,31.340000,26.015163,92600
2019-03-06,31.139999,31.209999,30.850000,30.920000,25.666523,155900
2019-03-07,30.990000,30.990000,30.620001,30.740000,25.517101,161300
2019-03-08,30.420000,30.420000,30.020000,30.260000,25.118658,364200
2019-03-11,30.440001,30.770000,30.440001,30.719999,25.500504,179800
2019-03-12,30.820000,31.100000,30.820000,31.000000,25.732927,124000
2019-03-13,31.260000,31.320000,31.110001,31.290001,25.973656,155300
2019-03-14,31.260000,31.410000,31.230000,31.270000,25.957052,128700
2019-03-15,31.280001,31.340000,31.170000,31.190001,25.890644,131000
2019-03-18,31.290001,31.660000,31.190001,31.610001,26.239283,199200
2019-03-19,31.780001,31.920000,31.450001,31.520000,26.164579,259500
2019-03-20,31.370001,31.900000,31.209999,31.670000,26.423223,176500
2019-03-21,31.500000,31.930000,31.500000,31.879999,26.598431,119200
2019-03-22,31.680000,31.680000,30.959999,31.059999,25.914278,167200
2019-03-25,30.940001,31.160000,30.820000,31.120001,25.964338,211600
2019-03-26,31.410000,31.690001,31.320000,31.530001,26.306416,174200
2019-03-27,31.610001,31.629999,31.120001,31.330000,26.139545,88500
2019-03-28,31.230000,31.410000,31.139999,31.400000,26.197948,1019700
2019-03-29,31.740000,31.879999,31.340000,31.379999,26.181263,147500
2019-04-01,31.610001,31.809999,31.610001,31.790001,26.523340,160900
2019-04-02,31.860001,31.860001,31.540001,31.590000,26.356476,84700
2019-04-03,31.660000,31.750000,31.240000,31.320000,26.131205,138400
2019-04-04,31.309999,31.570000,31.160000,31.570000,26.339785,90500
2019-04-05,31.639999,32.080002,31.629999,32.070000,26.756954,107600
2019-04-08,32.169998,32.360001,32.130001,32.240002,26.898790,79400
2019-04-09,32.110001,32.110001,31.809999,31.870001,26.590090,52200
2019-04-10,31.930000,32.150002,31.920000,32.040001,26.731924,192000
2019-04-11,31.809999,32.230000,31.809999,32.009998,26.706890,147400
2019-04-12,32.419998,32.500000,32.200001,32.279999,26.932159,60900
2019-04-15,32.189999,32.299999,32.029999,32.090000,26.773640,125400
2019-04-16,32.119999,32.200001,31.959999,32.150002,26.823700,83900
2019-04-17,32.279999,32.380001,32.060001,32.090000,26.773640,40100
2019-04-18,32.180000,32.220001,31.910000,31.959999,26.665173,78900
2019-04-22,32.180000,32.500000,32.130001,32.470001,27.090687,74400
2019-04-23,32.459999,32.580002,32.310001,32.500000,27.115709,89700
2019-04-24,32.580002,32.580002,32.020000,32.020000,26.715235,130100
2019-04-25,32.000000,32.049999,31.809999,31.809999,26.540026,80300
2019-04-26,31.660000,31.730000,31.379999,31.639999,26.398190,116600
2019-04-29,31.620001,31.700001,31.510000,31.559999,26.331440,74400
2019-04-30,31.709999,31.760000,31.420000,31.490000,26.273039,83900
2019-05-01,31.430000,31.540001,30.830000,30.850000,25.739069,1455600
2019-05-02,30.709999,30.770000,30.360001,30.379999,25.346937,132800
2019-05-03,30.549999,30.870001,30.549999,30.719999,25.630610,117700
2019-05-06,30.400000,30.780001,30.330000,30.670000,25.588890,101800
2019-05-07,30.430000,30.490000,30.150000,30.469999,25.422022,110600
2019-05-08,30.450001,30.730000,30.430000,30.440001,25.396996,128700
2019-05-09,30.299999,30.500000,30.059999,30.410000,25.371962,110800
2019-05-10,30.340000,30.610001,30.059999,30.500000,25.447052,110400
2019-05-13,30.240000,30.360001,29.889999,30.049999,25.071606,171400
2019-05-14,30.280001,30.590000,30.230000,30.410000,25.371962,94800
2019-05-15,30.260000,30.590000,30.170000,30.540001,25.480429,176300
2019-05-16,30.700001,30.809999,30.549999,30.690001,25.605576,90200
2019-05-17,30.490000,30.680000,30.400000,30.420000,25.380308,145600
2019-05-20,30.340000,30.469999,30.290001,30.350000,25.321903,93700
2019-05-21,30.400000,30.730000,30.400000,30.700001,25.613918,40600
2019-05-22,30.469999,30.530001,30.080000,30.150000,25.155039,92200
2019-05-23,29.770000,29.770000,29.139999,29.299999,24.445854,144800
2019-05-24,29.459999,29.459999,29.190001,29.379999,24.512606,118300
2019-05-28,29.450001,29.469999,29.160000,29.160000,24.329054,145200
2019-05-29,28.709999,29.059999,28.690001,29.040001,24.228933,828600
2019-05-30,29.010000,29.070000,28.690001,28.730000,23.970289,158400
2019-05-31,28.440001,28.680000,28.440001,28.490000,23.770052,862000
2019-06-03,28.610001,28.900000,28.590000,28.750000,23.986980,178400
2019-06-04,28.950001,29.290001,28.920000,29.260000,24.412485,54400
2019-06-05,29.280001,29.280001,28.799999,28.969999,24.170530,164200
2019-06-06,29.070000,29.430000,29.070000,29.360001,24.495920,99700
2019-06-07,29.420000,29.650000,29.389999,29.490000,24.604380,221100
2019-06-10,29.520000,29.719999,29.459999,29.500000,24.612724,139500
2019-06-11,29.680000,29.790001,29.520000,29.520000,24.629408,103300
2019-06-12,29.309999,29.400000,29.110001,29.129999,24.304022,163300
2019-06-13,29.420000,29.540001,29.379999,29.469999,24.587690,134500
2019-06-14,29.450001,29.469999,29.190001,29.270000,24.420828,122400
2019-06-17,29.030001,29.299999,28.959999,29.260000,24.593977,107700
2019-06-18,29.360001,29.790001,29.360001,29.650000,24.921785,93200
2019-06-19,29.600000,29.770000,29.510000,29.650000,24.921785,94700
2019-06-20,30.090000,30.379999,30.090000,30.309999,25.476536,225000
2019-06-21,30.400000,30.500000,30.350000,30.430000,25.577402,69800
2019-06-24,30.480000,30.549999,30.230000,30.260000,25.434509,83200
2019-06-25,30.250000,30.280001,30.049999,30.059999,25.266403,88300
2019-06-26,30.250000,30.620001,30.250000,30.440001,25.585808,151600
2019-06-27,30.410000,30.490000,30.240000,30.280001,25.451326,774600
2019-06-28,30.360001,30.719999,30.360001,30.700001,25.804344,140700
2019-07-01,31.000000,31.000000,30.600000,30.670000,25.779129,55200
2019-07-02,30.610001,30.610001,30.219999,30.280001,25.451326,99100
2019-07-03,30.350000,30.490000,30.290001,30.480000,25.619429,19100
2019-07-05,30.360001,30.540001,30.230000,30.530001,25.661457,99000
2019-07-08,30.440001,30.570000,30.379999,30.430000,25.577402,40400
2019-07-09,30.370001,30.530001,30.230000,30.530001,25.661457,40000
2019-07-10,30.740000,30.959999,30.730000,30.900000,25.972454,70600
2019-07-11,30.969999,30.969999,30.750000,30.910000,25.980858,51200
2019-07-12,30.870001,31.049999,30.870001,30.980000,26.039692,48100
2019-07-15,31.030001,31.030001,30.650000,30.670000,25.779129,80100
2019-07-16,30.670000,30.680000,30.330000,30.410000,25.560593,97200
2019-07-17,30.350000,30.420000,30.160000,30.170000,25.358862,100300
2019-07-18,30.139999,30.219999,29.920000,30.209999,25.392487,70700
2019-07-19,30.209999,30.410000,30.129999,30.360001,25.518560,81900
2019-07-22,30.379999,30.520000,30.270000,30.450001,25.594213,56000
2019-07-23,30.430000,30.570000,30.430000,30.520000,25.653048,88500
2019-07-24,30.510000,30.770000,30.450001,30.629999,25.745510,107100
2019-07-25,30.740000,30.740000,30.059999,30.129999,25.325237,49600
2019-07-26,30.170000,30.170000,29.950001,30.020000,25.232780,80500
2019-07-29,30.049999,30.049999,29.670000,29.860001,25.098295,77800
2019-07-30,29.760000,30.280001,29.730000,30.219999,25.400888,65200
2019-07-31,30.270000,30.379999,29.780001,29.990000,25.207565,129700
2019-08-01,29.709999,29.879999,29.350000,29.480000,24.778894,133900
2019-08-02,29.549999,29.650000,28.969999,29.139999,24.493114,123100
2019-08-05,28.740000,28.740000,28.299999,28.400000,23.871122,163400
2019-08-06,28.530001,28.629999,28.150000,28.389999,23.862715,196300
2019-08-07,28.070000,28.469999,27.950001,28.350000,23.829094,272500
2019-08-08,28.469999,29.020000,28.469999,29.020000,24.392250,171400
2019-08-09,28.969999,28.980000,28.719999,28.719999,24.140091,134400
2019-08-12,28.680000,28.680000,28.370001,28.410000,23.879526,492200
2019-08-13,28.340000,28.860001,28.270000,28.690001,24.114878,188000
2019-08-14,28.250000,28.250000,27.690001,27.690001,23.274345,157700
2019-08-15,27.709999,27.709999,27.370001,27.600000,23.198698,365600
2019-08-16,27.660000,28.040001,27.660000,27.990000,23.526503,125500
2019-08-19,28.230000,28.530001,28.230000,28.450001,23.913147,204000
2019-08-20,28.379999,28.400000,28.209999,28.260000,23.753447,64100
2019-08-21,28.480000,28.580000,28.389999,28.450001,23.913147,138200
2019-08-22,28.520000,28.600000,28.309999,28.309999,23.795473,55900
2019-08-23,28.010000,28.290001,27.480000,27.559999,23.165073,117500
2019-08-26,27.809999,27.840000,27.629999,27.700001,23.282745,143100
2019-08-27,27.830000,27.920000,27.540001,27.629999,23.223913,80900
2019-08-28,27.690001,28.170000,27.690001,28.049999,23.576933,152700
2019-08-29,28.299999,28.510000,28.290001,28.420000,23.887928,80100
2019-08-30,28.490000,28.639999,28.280001,28.410000,23.879526,142900
2019-09-03,28.030001,28.360001,27.990000,28.299999,23.787064,83800
2019-09-04,28.510000,28.799999,28.510000,28.730000,24.148495,232800
2019-09-05,28.900000,29.150000,28.879999,28.910000,24.299795,175900
2019-09-06,28.760000,28.980000,28.730000,28.910000,24.299795,81700
2019-09-09,29.049999,29.389999,29.010000,29.320000,24.644411,109300
2019-09-10,29.370001,29.940001,29.360001,29.629999,24.904974,78800
2019-09-11,29.790001,29.980000,29.580000,29.709999,24.972216,128600
2019-09-12,29.540001,29.750000,29.389999,29.570000,24.854546,124700
2019-09-13,29.650000,29.879999,29.650000,29.730000,24.989029,89000
2019-09-16,30.780001,30.799999,30.360001,30.680000,25.787533,160700
2019-09-17,30.670000,30.670000,30.150000,30.370001,25.526970,215300
2019-09-18,30.190001,30.299999,29.969999,30.190001,25.375673,49500
2019-09-19,30.299999,30.360001,30.090000,30.120001,25.316837,55900
2019-09-20,30.150000,30.290001,30.080000,30.209999,25.392487,131200
2019-09-23,30.100000,30.340000,30.040001,30.270000,25.442921,50300
2019-09-24,30.080000,30.080000,29.540001,29.700001,25.138214,284000
2019-09-25,29.469999,29.690001,29.469999,29.660000,25.104353,126300
2019-09-26,29.650000,29.650000,29.260000,29.379999,24.867359,69300
2019-09-27,29.129999,29.480000,29.129999,29.299999,24.799644,524800
2019-09-30,29.230000,29.240000,29.070000,29.080000,24.613441,149600
2019-10-01,29.090000,29.230000,28.469999,28.500000,24.122526,144800
2019-10-02,28.340000,28.340000,27.830000,27.900000,23.614679,120400
2019-10-03,27.719999,28.160000,27.610001,28.120001,23.800892,157100
2019-10-04,28.170000,28.330000,28.000000,28.299999,23.953241,79700
2019-10-07,28.270000,28.440001,28.110001,28.110001,23.792429,127300
2019-10-08,27.870001,28.010000,27.709999,27.719999,23.462332,281000
2019-10-09,27.940001,28.030001,27.879999,27.920000,23.631611,108000
2019-10-10,27.950001,28.290001,27.950001,28.240000,23.902462,176600
2019-10-11,28.490000,28.719999,28.490000,28.530001,24.147919,104000
2019-10-14,28.309999,28.559999,28.230000,28.440001,24.071741,81200
2019-10-15,28.410000,28.719999,28.370001,28.459999,24.088667,702500
2019-10-16,28.400000,28.540001,28.250000,28.270000,23.927853,99500
2019-10-17,28.340000,28.490000,28.320000,28.370001,24.012489,82500
2019-10-18,28.360001,28.540001,28.309999,28.320000,23.970171,64500
2019-10-21,28.350000,28.660000,28.350000,28.629999,24.232557,66200
2019-10-22,28.660000,29.170000,28.639999,28.920000,24.478016,136700
2019-10-23,28.790001,29.180000,28.790001,29.120001,24.647297,95200
2019-10-24,29.240000,29.240000,28.940001,29.070000,24.604979,88500
2019-10-25,29.049999,29.370001,29.049999,29.340000,24.833508,87800
2019-10-28,29.370001,29.490000,29.160000,29.160000,24.681154,155600
2019-10-29,29.040001,29.480000,28.990000,29.270000,24.774258,166200
2019-10-30,29.290001,29.290001,28.700001,28.820000,24.393377,160500
2019-10-31,28.750000,28.780001,28.469999,28.690001,24.283344,224200
2019-11-01,28.809999,29.299999,28.809999,29.299999,24.799644,129200
2019-11-04,29.590000,29.959999,29.570000,29.879999,25.290562,113000
2019-11-05,29.990000,30.080000,29.740000,29.870001,25.282101,110500
2019-11-06,29.799999,29.860001,29.340000,29.400000,24.884285,135500
2019-11-07,29.719999,29.830000,29.570000,29.719999,25.155136,138800
2019-11-08,29.510000,29.719999,29.400000,29.709999,25.146673,103300
2019-11-11,29.430000,29.670000,29.420000,29.580000,25.036642,118700
2019-11-12,29.700001,29.790001,29.389999,29.500000,24.968927,147500
2019-11-13,29.379999,29.530001,29.350000,29.410000,24.892756,275900
2019-11-14,29.430000,29.549999,29.270000,29.350000,24.841969,185200
2019-11-15,29.410000,29.690001,29.400000,29.580000,25.036642,421400
2019-11-18,29.540001,29.540001,29.260000,29.330000,24.825037,155700
2019-11-19,29.230000,29.270000,29.010000,29.020000,24.562654,121200
2019-11-20,29.040001,29.389999,28.900000,29.209999,24.723473,693100
2019-11-21,29.250000,29.510000,29.219999,29.490000,24.960468,170500
2019-11-22,29.510000,29.610001,29.350000,29.360001,24.850431,357200
2019-11-25,29.299999,29.480000,29.280001,29.450001,24.926613,242700
2019-11-26,29.540001,29.540001,29.209999,29.280001,24.782722,1506900
2019-11-27,29.270000,29.410000,29.150000,29.379999,24.867359,112400
2019-11-29,29.209999,29.240000,29.080000,29.160000,24.681154,73900
2019-12-02,29.230000,29.350000,29.120001,29.139999,24.664227,227500
2019-12-03,28.889999,28.980000,28.740000,28.840000,24.410303,195300
2019-12-04,29.020000,29.299999,29.010000,29.180000,24.698082,323600
2019-12-05,29.240000,29.350000,29.070000,29.139999,24.664227,337200
2019-12-06,29.180000,29.639999,29.180000,29.590000,25.045109,282100
2019-12-09,29.510000,29.670000,29.450001,29.570000,25.028181,174600
2019-12-10,29.580000,29.709999,29.540001,29.639999,25.087427,264800
2019-12-11,29.590000,29.799999,29.590000,29.730000,25.163603,207300
2019-12-12,29.709999,30.200001,29.709999,30.160000,25.527557,262300
2019-12-13,30.150000,30.379999,29.959999,29.980000,25.375204,202400
2019-12-16,29.070000,29.320000,29.070000,29.219999,25.659727,174100
2019-12-17,29.250000,29.450001,29.190001,29.280001,25.712420,222900
2019-12-18,29.270000,29.530001,29.270000,29.420000,25.835360,194400
2019-12-19,29.389999,29.500000,29.379999,29.450001,25.861702,159300
2019-12-20,29.549999,29.690001,29.500000,29.590000,25.984648,358000
2019-12-23,29.590000,29.950001,29.510000,29.950001,26.300779,317300
2019-12-24,29.940001,30.049999,29.940001,30.000000,26.344688,47200
2019-12-26,30.059999,30.260000,30.049999,30.100000,26.432505,186000
2019-12-27,30.110001,30.160000,29.930000,29.940001,26.291998,156500
2019-12-30,29.990000,30.100000,29.900000,29.920000,26.274439,172700
2019-12-31,29.799999,30.100000,29.799999,30.100000,26.432505,142700
2020-01-02,30.219999,30.330000,30.049999,30.170000,26.493975,201000
2020-01-03,30.420000,30.420000,30.040001,30.090000,26.423721,294900
2020-01-06,30.230000,30.400000,30.110001,30.290001,26.599352,322300
2020-01-07,30.209999,30.260000,30.000000,30.250000,26.564232,177300
2020-01-08,30.180000,30.219999,29.730000,29.760000,26.133932,232600
2020-01-09,29.740000,29.950001,29.480000,29.920000,26.274439,148400
2020-01-10,29.930000,29.980000,29.760000,29.840000,26.204182,105000
2020-01-13,29.799999,29.920000,29.680000,29.840000,26.204182,167700
2020-01-14,29.799999,29.920000,29.690001,29.900000,26.256874,146400
2020-01-15,29.809999,29.889999,29.709999,29.830000,26.195402,168900
2020-01-16,29.940001,30.030001,29.870001,29.889999,26.248089,117100
2020-01-17,29.889999,29.959999,29.740000,29.750000,26.125156,146700
2020-01-21,29.559999,29.570000,29.340000,29.350000,25.773884,169800
2020-01-22,29.280001,29.330000,29.120001,29.139999,25.589472,170000
2020-01-23,28.969999,29.129999,28.719999,29.080000,25.536789,183900
2020-01-24,28.990000,28.990000,28.620001,28.799999,25.290899,183800
2020-01-27,28.320000,28.400000,28.150000,28.150000,24.720098,188800
2020-01-28,28.330000,28.370001,28.170000,28.250000,24.807917,73800
2020-01-29,28.410000,28.459999,28.080000,28.080000,24.658628,117900
2020-01-30,27.840000,28.250000,27.790001,28.240000,24.799135,131700
2020-01-31,27.930000,27.980000,27.480000,27.590000,24.228331,617000
2020-02-03,27.459999,27.639999,27.309999,27.420000,24.079046,538500
2020-02-04,27.740000,27.820000,27.480000,27.520000,24.166859,566300
2020-02-05,27.750000,28.389999,27.750000,28.309999,24.860605,186000
2020-02-06,28.290001,28.340000,28.080000,28.100000,24.676191,172800
2020-02-07,27.889999,27.969999,27.809999,27.850000,24.456650,145400
2020-02-10,27.730000,27.820000,27.629999,27.799999,24.412743,158500
2020-02-11,28.080000,28.180000,27.980000,28.040001,24.623503,99400
2020-02-12,28.309999,28.410000,28.150000,28.280001,24.834257,307700
2020-02-13,28.170000,28.299999,28.120001,28.209999,24.772787,151200
2020-02-14,28.209999,28.240000,27.990000,28.110001,24.684973,80900
2020-02-18,27.850000,28.030001,27.820000,28.030001,24.614719,135800
2020-02-19,28.139999,28.430000,28.080000,28.350000,24.895729,214200
2020-02-20,28.400000,28.629999,28.320000,28.379999,24.922071,137800
2020-02-21,28.290001,28.290001,28.010000,28.180000,24.746445,122200
2020-02-24,27.469999,27.469999,27.150000,27.150000,23.841944,259500
2020-02-25,27.219999,27.219999,26.030001,26.100000,22.919882,294300
2020-02-26,26.129999,26.299999,25.480000,25.480000,22.375423,560500
2020-02-27,24.950001,25.170000,24.200001,24.200001,21.251381,559900
2020-02-28,23.299999,24.209999,23.110001,24.209999,21.260159,719600
2020-03-02,24.549999,24.830000,23.969999,24.830000,21.804623,683600
2020-03-03,24.920000,25.290001,24.160000,24.400000,21.427015,579200
2020-03-04,24.820000,24.930000,24.440001,24.910000,21.874872,296200
2020-03-05,24.320000,24.469999,23.990000,24.270000,21.312855,360800
2020-03-06,23.570000,23.650000,22.850000,23.170000,20.346880,481400
2020-03-09,20.930000,20.930000,18.760000,19.010000,16.693750,493500
2020-03-10,20.230000,20.230000,18.530001,19.690001,17.290899,465300
2020-03-11,19.090000,19.290001,18.299999,18.559999,16.298578,1270400
2020-03-12,16.500000,17.330000,16.170000,16.250000,14.270039,599300
2020-03-13,16.780001,17.469999,15.890000,17.360001,15.244791,391800
2020-03-16,15.730000,16.629999,15.240000,15.530000,13.637766,239800
2020-03-17,15.560000,16.469999,15.240000,15.760000,13.839743,285100
2020-03-18,14.710000,15.060000,13.310000,13.930000,12.232717,253900
2020-03-19,14.000000,14.780000,13.280000,14.680000,12.891334,340400
2020-03-20,14.900000,15.440000,14.310000,14.650000,12.864989,314300
2020-03-23,14.670000,14.670000,13.850000,13.940000,12.241497,243300
2020-03-24,14.880000,16.000000,14.880000,16.000000,14.050500,785300
2020-03-25,15.870000,17.090000,15.490000,16.379999,14.562591,275300
2020-03-26,16.330000,17.360001,16.330000,17.120001,15.220486,310000
2020-03-27,16.440001,16.450001,15.980000,16.110001,14.322548,308500
2020-03-30,15.880000,16.330000,15.600000,16.299999,14.491467,166700
2020-03-31,16.719999,17.059999,16.450001,16.629999,14.784851,808000
2020-04-01,16.059999,16.420000,15.830000,16.040001,14.260317,530600
2020-04-02,16.340000,17.740000,16.340000,17.049999,15.158255,648700
2020-04-03,17.250000,17.469999,16.610001,16.809999,14.944880,425800
2020-04-06,17.170000,17.790001,17.170000,17.719999,15.753913,532000
2020-04-07,18.490000,18.730000,17.930000,17.950001,15.958398,513600
2020-04-08,18.120001,18.820000,18.080000,18.780001,16.696306,590400
2020-04-09,19.600000,19.930000,18.559999,19.139999,17.016357,540300
2020-04-13,19.590000,19.590000,18.860001,19.230000,17.096376,455600
2020-04-14,19.200001,19.590000,19.059999,19.230000,17.096376,240500
2020-04-15,18.469999,18.580000,18.049999,18.459999,16.411808,246400
2020-04-16,18.379999,18.400000,17.940001,18.020000,16.020628,276300
2020-04-17,18.150000,19.219999,18.150000,19.180000,17.051926,326700
2020-04-20,18.250000,19.280001,18.250000,18.840000,16.749647,473700
2020-04-21,18.030001,18.690001,18.030001,18.500000,16.447372,743400
2020-04-22,19.010000,19.330000,18.920000,19.150000,17.025249,462500
2020-04-23,19.440001,20.000000,19.440001,19.590000,17.416433,461500
2020-04-24,19.990000,20.059999,19.450001,19.709999,17.523119,395400
2020-04-27,19.690001,20.190001,19.340000,20.090000,17.860954,335300
2020-04-28,20.230000,20.650000,20.150000,20.540001,18.261028,454100
2020-04-29,20.940001,21.780001,20.940001,21.760000,19.345665,412600
2020-04-30,21.830000,21.830000,20.990000,21.120001,18.776678,694500
2020-05-01,20.809999,20.809999,20.160000,20.350000,18.092110,683200
2020-05-04,20.240000,20.879999,20.120001,20.850000,18.536636,416700
2020-05-05,21.370001,21.580000,20.860001,20.950001,18.625536,410400
2020-05-06,20.950001,21.049999,20.430000,20.430000,18.163231,378600
2020-05-07,20.790001,21.200001,20.790001,20.920000,18.598866,988900
2020-05-08,21.340000,21.600000,21.240000,21.590000,19.194529,175900
2020-05-11,21.360001,21.440001,21.100000,21.240000,18.883360,324800
2020-05-12,21.379999,21.480000,20.910000,20.920000,18.598866,271700
2020-05-13,20.840000,20.840000,20.010000,20.200001,17.958754,557800
2020-05-14,19.969999,20.570000,19.610001,20.450001,18.181013,582100
2020-05-15,20.459999,20.840000,20.340000,20.620001,18.332151,482200
2020-05-18,21.530001,21.860001,21.379999,21.750000,19.336777,374200
2020-05-19,21.879999,21.879999,21.440001,21.440001,19.061171,467900
2020-05-20,21.760000,22.080000,21.760000,21.930000,19.496801,260800
2020-05-21,21.870001,21.940001,21.389999,21.570000,19.176748,282000
2020-05-22,21.540001,21.570000,21.219999,21.469999,19.087841,167400
2020-05-26,22.070000,22.070000,21.790001,21.860001,19.434570,287100
2020-05-27,22.080000,22.100000,21.459999,22.100000,19.647942,702100
2020-05-28,22.150000,22.309999,21.650000,21.740000,19.327883,251100
2020-05-29,21.620001,21.780001,21.360001,21.629999,19.230089,390200
2020-06-01,21.570000,22.120001,21.490000,22.040001,19.594604,408600
2020-06-02,22.320000,22.500000,22.200001,22.410000,19.923548,260900
2020-06-03,22.549999,22.879999,22.549999,22.809999,20.279167,246400
2020-06-04,22.650000,22.940001,22.549999,22.860001,20.323620,291700
2020-06-05,23.510000,24.160000,23.230000,24.090000,21.417147,525400
2020-06-08,24.610001,24.920000,24.320000,24.900000,22.137278,455600
2020-06-09,24.150000,24.350000,23.969999,24.160000,21.479378,357600
2020-06-10,24.000000,24.000000,23.230000,23.360001,20.768141,456000
2020-06-11,22.299999,22.549999,21.379999,21.430000,19.052280,269300
2020-06-12,22.160000,22.360001,21.400000,21.860001,19.434570,496000
2020-06-15,20.840000,22.040001,20.740000,21.900000,19.622730,705200
2020-06-16,22.629999,22.740000,21.980000,22.370001,20.043863,969400
2020-06-17,22.299999,22.330000,21.780001,21.790001,19.524172,377900
2020-06-18,21.700001,22.110001,21.530001,21.930000,19.649612,413200
2020-06-19,22.500000,22.500000,21.750000,21.770000,19.506252,837100
2020-06-22,21.770000,22.010000,21.639999,21.959999,19.676495,426100
2020-06-23,22.209999,22.290001,22.000000,22.020000,19.730255,576400
2020-06-24,21.740000,21.740000,20.950001,21.070000,18.879042,958900
2020-06-25,20.930000,21.389999,20.870001,21.360001,19.138884,838500
2020-06-26,21.180000,21.180000,20.730000,20.840000,18.672958,927000
2020-06-29,20.920000,21.260000,20.840000,21.190001,18.986563,420100
2020-06-30,21.059999,21.770000,20.920000,21.680000,19.425610,569800
2020-07-01,21.680000,21.830000,21.250000,21.299999,19.085121,550800
2020-07-02,21.559999,21.879999,21.500000,21.510000,19.273285,426100
2020-07-06,21.840000,21.990000,21.469999,21.670000,19.416651,890200
2020-07-07,21.440001,21.580000,21.280001,21.280001,19.067205,303000
2020-07-08,21.340000,21.629999,21.200001,21.320000,19.103043,617800
2020-07-09,21.320000,21.320000,20.580000,20.639999,18.493753,878200
2020-07-10,20.680000,21.080000,20.660000,21.080000,18.887999,705800
2020-07-13,21.190001,21.320000,20.830000,20.850000,18.681917,498500
2020-07-14,20.790001,21.580000,20.760000,21.580000,19.336008,712700
2020-07-15,21.900000,22.000000,21.700001,21.920000,19.640654,640200
2020-07-16,21.740000,22.030001,21.660000,21.840000,19.568974,321200
2020-07-17,21.910000,22.100000,21.709999,21.780001,19.515211,254100
2020-07-20,21.760000,21.959999,21.650000,21.650000,19.398726,441600
2020-07-21,21.950001,22.680000,21.950001,22.559999,20.214106,475700
2020-07-22,22.490000,22.500000,22.260000,22.480000,20.142418,357700
2020-07-23,22.400000,22.540001,22.150000,22.360001,20.034901,411600
2020-07-24,22.340000,22.549999,22.270000,22.340000,20.016979,268200
2020-07-27,22.469999,22.639999,22.350000,22.580000,20.232025,182700
2020-07-28,22.370001,22.500000,22.219999,22.240000,19.927376,183900
2020-07-29,22.270000,22.540001,22.160000,22.530001,20.187225,173300
2020-07-30,22.120001,22.120001,21.690001,21.889999,19.613768,255800
2020-07-31,21.799999,21.930000,21.590000,21.920000,19.640654,238800
2020-08-03,21.950001,22.040001,21.770000,21.969999,19.685455,267400
2020-08-04,21.889999,22.540001,21.889999,22.530001,20.187225,195200
2020-08-05,22.870001,23.070000,22.690001,22.780001,20.411230,762900
2020-08-06,22.780001,22.900000,22.600000,22.680000,20.321629,148500
2020-08-07,22.480000,22.639999,22.320000,22.610001,20.258904,131900
2020-08-10,22.809999,23.100000,22.809999,23.049999,20.653149,227500
2020-08-11,23.160000,23.360001,22.620001,22.690001,20.330585,260300
2020-08-12,23.080000,23.110001,22.809999,22.879999,20.500828,158100
2020-08-13,22.930000,22.980000,22.650000,22.709999,20.348505,167200
2020-08-14,22.629999,22.840000,22.590000,22.820000,20.447067,279500
2020-08-17,22.990000,23.090000,22.889999,23.059999,20.662115,170800
2020-08-18,23.120001,23.209999,22.809999,22.840000,20.464985,340300
2020-08-19,22.799999,22.910000,22.530001,22.580000,20.232025,153400
2020-08-20,22.330000,22.459999,22.250000,22.360001,20.034901,106300
2020-08-21,22.129999,22.209999,22.000000,22.139999,19.837774,106500
2020-08-24,22.350000,22.580000,22.209999,22.500000,20.160343,170800
2020-08-25,22.570000,22.570000,22.129999,22.320000,19.999060,107600
2020-08-26,22.330000,22.330000,22.080000,22.100000,19.801937,81700
2020-08-27,22.190001,22.260000,21.889999,22.100000,19.801937,179900
2020-08-28,22.280001,22.490000,22.180000,22.459999,20.124500,125800
2020-08-31,22.480000,22.500000,22.120001,22.120001,19.819857,141100
2020-09-01,22.200001,22.200001,21.959999,22.110001,19.810896,157200
2020-09-02,22.070000,22.190001,21.879999,22.180000,19.873621,340000
2020-09-03,22.150000,22.350000,21.719999,21.920000,19.640654,247600
2020-09-04,22.110001,22.110001,21.469999,21.809999,19.542093,187900
2020-09-08,21.400000,21.459999,21.020000,21.150000,18.950720,194800
2020-09-09,21.350000,21.639999,21.309999,21.520000,19.282244,163400
2020-09-10,21.610001,21.610001,20.930000,20.950001,18.771517,340500
2020-09-11,21.020000,21.139999,20.860001,21.020000,18.834240,225900
2020-09-14,21.100000,21.370001,21.090000,21.270000,19.058241,110400
2020-09-15,21.469999,21.590000,21.200001,21.230000,19.022404,130300
2020-09-16,21.410000,21.969999,21.260000,21.700001,19.443531,234200
2020-09-17,21.430000,21.680000,21.170000,21.680000,19.425610,222800
2020-09-18,21.730000,21.730000,21.360001,21.410000,19.183685,124200
2020-09-21,21.070000,21.070000,20.450001,20.690001,18.538557,193800
2020-09-22,20.709999,20.980000,20.580000,20.690001,18.538557,129200
2020-09-23,20.459999,20.510000,19.580000,19.580000,17.723005,286300
2020-09-24,19.480000,19.969999,19.280001,19.740000,17.867836,240500
2020-09-25,19.570000,19.900000,19.500000,19.790001,17.913088,895500
2020-09-28,20.059999,20.290001,20.020000,20.139999,18.229895,216200
2020-09-29,20.170000,20.170000,19.700001,19.830000,17.949295,140700
2020-09-30,19.850000,20.030001,19.709999,19.799999,17.922140,215500
2020-10-01,19.709999,19.830000,19.400000,19.459999,17.614388,647000
2020-10-02,19.100000,19.690001,19.100000,19.570000,17.713955,788900
2020-10-05,19.740000,20.059999,19.740000,20.059999,18.157484,198300
2020-10-06,20.200001,20.320000,19.629999,19.650000,17.786366,1177600
2020-10-07,19.860001,19.980000,19.730000,19.950001,18.057913,323100
2020-10-08,20.080000,20.570000,20.080000,20.570000,18.619114,454800
2020-10-09,20.740000,20.850000,20.450001,20.530001,18.582907,281100
2020-10-12,20.510000,20.610001,20.430000,20.570000,18.619114,298000
2020-10-13,20.459999,20.520000,20.270000,20.340000,18.410923,471500
2020-10-14,20.420000,20.770000,20.420000,20.440001,18.501448,416600
2020-10-15,20.170000,20.540001,20.049999,20.540001,18.591961,348500
2020-10-16,20.480000,20.520000,20.250000,20.260000,18.338514,360400
2020-10-19,20.330000,20.410000,19.910000,19.920000,18.030764,351000
2020-10-20,19.980000,20.219999,19.969999,20.090000,18.184637,322900
2020-10-21,20.059999,20.230000,19.910000,19.910000,18.021708,249300
2020-10-22,19.820000,20.340000,19.780001,20.309999,18.383772,215100
2020-10-23,20.410000,20.440001,20.120001,20.240000,18.320410,346900
2020-10-26,20.000000,20.030001,19.530001,19.690001,17.822573,429400
2020-10-27,19.690001,19.740000,19.510000,19.590000,17.732061,287700
2020-10-28,19.100000,19.120001,18.740000,18.780001,16.998880,457600
2020-10-29,18.620001,19.250000,18.520000,19.180000,17.360947,434400
2020-10-30,19.170000,19.330000,18.920000,19.320000,17.487665,604100
2020-11-02,19.540001,19.980000,19.370001,19.860001,17.976452,417900
2020-11-03,20.170000,20.190001,19.900000,20.010000,18.112228,410000
2020-11-04,20.020000,20.240000,19.559999,19.860001,17.976452,229500
2020-11-05,20.040001,20.450001,20.040001,20.209999,18.293255,191400
2020-11-06,20.270000,20.410000,19.910000,19.959999,18.066959,283100
2020-11-09,21.100000,21.740000,21.000000,21.330000,19.307034,393100
2020-11-10,21.469999,21.700001,21.290001,21.700001,19.641941,336000
2020-11-11,21.830000,21.830000,21.459999,21.610001,19.560478,236100
2020-11-12,21.450001,21.540001,20.910000,21.070000,19.071695,378700
2020-11-13,21.219999,21.639999,21.219999,21.580000,19.533325,175300
2020-11-16,22.059999,22.459999,21.980000,22.459999,20.329861,223700
2020-11-17,22.150000,22.590000,22.059999,22.580000,20.438482,195400
2020-11-18,22.700001,22.709999,22.040001,22.040001,19.949697,216700
2020-11-19,21.910000,22.270000,21.750000,22.250000,20.139778,184200
2020-11-20,22.209999,22.330000,22.129999,22.219999,20.112619,114600
2020-11-23,22.400000,23.040001,22.400000,23.030001,20.845806,279400
2020-11-24,23.379999,23.889999,23.379999,23.830000,21.569929,223400
2020-11-25,23.680000,23.700001,23.420000,23.559999,21.325537,181400
2020-11-27,23.440001,23.549999,23.299999,23.430000,21.207869,127700
2020-11-30,23.209999,23.240000,22.590000,22.600000,20.456585,654000
2020-12-01,23.200001,23.219999,22.799999,22.830000,20.664772,308100
2020-12-02,22.830000,23.469999,22.760000,23.250000,21.044941,236600
2020-12-03,23.340000,23.620001,23.200001,23.400000,21.180714,210700
2020-12-04,23.840000,24.290001,23.840000,24.290001,21.986307,303500
2020-12-07,24.219999,24.250000,23.840000,24.059999,21.778116,382600
2020-12-08,23.889999,24.420000,23.889999,24.290001,21.986307,397800
2020-12-09,24.389999,24.600000,23.930000,24.209999,21.913891,580900
2020-12-10,24.190001,24.790001,24.190001,24.629999,22.294058,459500
2020-12-11,24.430000,24.510000,24.200001,24.430000,22.113028,407400
2020-12-14,24.570000,24.570000,23.490000,23.500000,21.450346,457600
2020-12-15,23.700001,24.070000,23.620001,24.010000,21.915867,464500
2020-12-16,24.049999,24.049999,23.780001,23.900000,21.815456,185600
2020-12-17,24.070000,24.139999,23.820000,23.940001,21.851973,232700
2020-12-18,24.049999,24.049999,23.549999,23.629999,21.569006,329900
2020-12-21,22.959999,23.440001,22.889999,23.330000,21.295172,389000
2020-12-22,23.250000,23.299999,22.930000,22.950001,20.948315,201300
2020-12-23,23.059999,23.540001,23.059999,23.379999,21.340813,293700
2020-12-24,23.370001,23.370001,23.170000,23.340000,21.304302,106300
2020-12-28,23.459999,23.590000,23.120001,23.150000,21.130873,167300
2020-12-29,23.230000,23.370001,23.020000,23.070000,21.057850,300400
2020-12-30,23.030001,23.580000,23.030001,23.490000,21.441219,311800
2020-12-31,23.379999,23.430000,23.270000,23.290001,21.258667,252400
2021-01-04,23.580000,23.860001,23.330000,23.530001,21.477732,215600
2021-01-05,23.700001,24.700001,23.700001,24.370001,22.244471,298600
2021-01-06,24.709999,25.110001,24.559999,25.000000,22.819519,222200
2021-01-07,25.150000,25.400000,25.049999,25.309999,23.102478,170500
2021-01-08,25.459999,25.459999,24.780001,25.030001,22.846899,183700
2021-01-11,24.549999,25.219999,24.420000,25.129999,22.938181,172000
2021-01-12,25.370001,25.799999,25.180000,25.730000,23.485847,152800
2021-01-13,25.690001,25.690001,25.430000,25.510000,23.285034,172000
2021-01-14,25.670000,26.230000,25.540001,26.020000,23.750553,161100
2021-01-15,25.680000,25.680000,25.059999,25.230000,23.029455,139600
2021-01-19,25.450001,25.610001,25.320000,25.520000,23.294167,148000
2021-01-20,25.709999,25.750000,25.520000,25.700001,23.458466,89300
2021-01-21,25.680000,25.680000,24.950001,25.120001,22.929050,160000
2021-01-22,24.629999,25.010000,24.580000,24.959999,22.783007,63700
2021-01-25,24.820000,24.820000,24.360001,24.750000,22.591320,147800
2021-01-26,24.850000,25.090000,24.299999,24.299999,22.180571,135100
2021-01-27,23.920000,24.250000,23.500000,23.709999,21.642027,164100
2021-01-28,24.059999,24.270000,23.920000,24.110001,22.007143,211400
2021-01-29,24.000000,24.190001,23.510000,23.580000,21.523369,222100
2021-02-01,24.020000,24.070000,23.510000,23.889999,21.806328,180900
2021-02-02,24.180000,24.410000,24.030001,24.030001,21.934118,132100
2021-02-03,24.110001,24.719999,24.110001,24.690001,22.536554,86300
2021-02-04,24.680000,24.760000,24.379999,24.760000,22.600452,104100
2021-02-05,24.950001,25.129999,24.910000,25.070000,22.883413,81600
2021-02-08,25.350000,25.860001,25.309999,25.799999,23.549742,100300
2021-02-09,25.670000,25.709999,25.430000,25.620001,23.385443,118800
2021-02-10,25.830000,26.020000,25.570000,25.959999,23.695786,159100
2021-02-11,25.940001,25.940001,25.299999,25.670000,23.431084,113400
2021-02-12,25.469999,25.980000,25.469999,25.969999,23.704912,147600
2021-02-16,26.360001,26.520000,26.260000,26.360001,24.060900,140500
2021-02-17,26.410000,26.580000,26.110001,26.480000,24.170433,227700
2021-02-18,26.370001,26.370001,25.950001,26.010000,23.741426,107900
2021-02-19,26.110001,26.459999,26.110001,26.400000,24.097408,122200
2021-02-22,26.459999,27.360001,26.430000,27.090000,24.727230,145000
2021-02-23,27.129999,27.360001,26.340000,27.299999,24.918913,585500
2021-02-24,27.379999,28.129999,27.219999,28.010000,25.566986,193300
2021-02-25,28.049999,28.170000,27.250000,27.370001,24.982809,277900
2021-02-26,27.100000,27.100000,26.150000,26.660000,24.334738,221000
2021-03-01,27.139999,27.520000,27.110001,27.270000,24.891527,301900
2021-03-02,27.309999,27.600000,27.290001,27.340000,24.955423,201100
2021-03-03,27.450001,28.040001,27.430000,27.570000,25.165365,253600
2021-03-04,27.719999,28.420000,27.320000,27.910000,25.475708,581500
2021-03-05,28.540001,28.820000,27.870001,28.760000,26.251572,221500
2021-03-08,28.959999,29.129999,28.590000,28.799999,26.288082,484100
2021-03-09,28.910000,29.070000,28.520000,28.530001,26.041636,263800
2021-03-10,28.740000,29.219999,28.610001,29.150000,26.607553,328900
2021-03-11,29.389999,29.629999,29.250000,29.370001,26.808371,592200
2021-03-12,29.280001,29.510000,29.280001,29.440001,26.872261,305000
2021-03-15,29.500000,29.500000,29.030001,29.340000,26.780987,414500
2021-03-16,29.049999,29.120001,28.600000,28.680000,26.178549,415200
2021-03-17,28.620001,29.049999,28.430000,29.010000,26.479767,357000
2021-03-18,28.690001,28.870001,27.879999,27.959999,25.521349,530900
2021-03-19,27.900000,28.280001,27.690001,27.980000,25.539606,460300
2021-03-22,27.950001,27.950001,27.730000,27.740000,25.320538,364800
2021-03-23,27.190001,27.629999,27.070000,27.190001,24.818508,389800
2021-03-24,27.480000,28.010000,27.480000,27.639999,25.229258,359700
2021-03-25,27.020000,27.590000,26.700001,27.530001,25.344337,1089600
2021-03-26,27.900000,28.190001,27.750000,28.180000,25.942730,363400
2021-03-29,28.040001,28.110001,27.600000,27.930000,25.712578,335900
2021-03-30,27.650000,27.879999,27.530001,27.709999,25.510046,380500
2021-03-31,27.760000,27.799999,27.520000,27.570000,25.381159,210400
2021-04-01,27.760000,28.250000,27.629999,28.250000,26.007175,260300
2021-04-05,28.209999,28.209999,27.830000,27.940001,25.721786,223000
2021-04-06,28.090000,28.360001,27.959999,27.980000,25.758610,273100
2021-04-07,27.930000,28.040001,27.820000,27.930000,25.712578,185000
2021-04-08,27.920000,27.920000,27.500000,27.790001,25.583694,261800
2021-04-09,27.719999,27.940001,27.600000,27.740000,25.537664,202300
2021-04-12,27.860001,27.959999,27.510000,27.570000,25.381159,450500
2021-04-13,27.530001,27.690001,27.459999,27.580000,25.390366,196800
2021-04-14,27.730000,28.410000,27.730000,28.170000,25.933527,261700
2021-04-15,28.330000,28.350000,28.100000,28.270000,26.025585,215400
2021-04-16,28.400000,28.500000,28.129999,28.200001,25.961143,172200
2021-04-19,28.260000,28.389999,27.959999,28.150000,25.915112,124200
2021-04-20,28.030001,28.030001,27.430000,27.590000,25.399570,265000
2021-04-21,27.389999,28.010000,27.379999,27.990000,25.767813,197100
2021-04-22,27.990000,27.990000,27.540001,27.600000,25.408781,151300
2021-04-23,27.670000,27.969999,27.639999,27.889999,25.675751,71400
2021-04-26,27.950001,28.219999,27.889999,28.100000,25.869083,72300
2021-04-27,28.100000,28.320000,28.100000,28.260000,26.016380,70600
2021-04-28,28.389999,29.000000,28.389999,28.910000,26.614773,190700
2021-04-29,29.070000,29.290001,28.780001,29.070000,26.762072,170900
2021-04-30,28.799999,29.030001,28.500000,28.520000,26.255739,106900
2021-05-03,28.790001,29.370001,28.790001,29.270000,26.946194,136400
2021-05-04,29.240000,29.500000,29.129999,29.389999,27.056662,193400
2021-05-05,29.639999,30.139999,29.480000,30.129999,27.737917,424500
2021-05-06,30.150000,30.410000,29.809999,30.410000,27.995684,214400
2021-05-07,30.250000,30.930000,30.150000,30.930000,28.474403,140700
2021-05-10,31.360001,31.600000,30.840000,30.850000,28.400757,313100
2021-05-11,30.490000,30.770000,30.129999,30.500000,28.078539,239400
2021-05-12,30.639999,31.040001,30.250000,30.340000,27.931240,428100
2021-05-13,30.139999,30.500000,29.790001,30.100000,27.710299,430000
2021-05-14,30.430000,30.930000,30.430000,30.870001,28.419168,249000
2021-05-17,30.920000,31.600000,30.780001,31.600000,29.091208,149900
2021-05-18,31.650000,31.660000,31.059999,31.070000,28.603285,199400
2021-05-19,30.420000,30.670000,30.070000,30.320000,27.912834,227400
2021-05-20,30.280001,30.540001,30.059999,30.430000,28.014097,198400
2021-05-21,30.719999,30.809999,30.389999,30.430000,28.014097,131200
2021-05-24,30.580000,30.730000,30.350000,30.670000,28.235046,131900
2021-05-25,30.660000,30.660000,30.129999,30.160000,27.765533,284700
2021-05-26,30.219999,30.450001,30.150000,30.400000,27.986481,203500
2021-05-27,30.450001,30.690001,30.420000,30.510000,28.087746,81500
2021-05-28,30.559999,30.590000,30.420000,30.540001,28.115364,92500
2021-06-01,31.010000,31.420000,31.000000,31.400000,28.907085,202200
2021-06-02,31.459999,31.809999,31.299999,31.700001,29.183270,189500
2021-06-03,31.530001,31.690001,31.280001,31.610001,29.100414,205700
2021-06-04,31.889999,31.900000,31.520000,31.830000,29.302950,169800
2021-06-07,31.870001,31.910000,31.700001,31.740000,29.220095,102700
2021-06-08,31.790001,31.930000,31.410000,31.860001,29.330568,146500
2021-06-09,31.980000,31.990000,31.680000,31.680000,29.164858,135800
2021-06-10,31.750000,31.900000,31.299999,31.510000,29.166708,146800
2021-06-11,31.709999,31.709999,31.459999,31.490000,29.148197,90800
2021-06-14,31.440001,31.650000,31.139999,31.309999,28.981583,264100
2021-06-15,31.450001,31.610001,31.299999,31.590000,29.240761,213200
2021-06-16,31.590000,31.730000,31.200001,31.350000,29.018606,182300
2021-06-17,31.080000,31.250000,29.870001,30.209999,27.963385,313800
2021-06-18,29.830000,29.990000,29.469999,29.490000,27.296925,251300
2021-06-21,29.719999,30.520000,29.719999,30.480000,28.213305,175700
2021-06-22,30.480000,30.719999,30.180000,30.620001,28.342897,172200
2021-06-23,30.870001,31.120001,30.629999,30.629999,28.352148,207800
2021-06-24,30.719999,30.900000,30.590000,30.879999,28.583557,98000
2021-06-25,31.100000,31.100000,30.889999,30.969999,28.666864,95700
2021-06-28,30.990000,30.990000,30.129999,30.219999,27.972643,138500
2021-06-29,30.379999,30.450001,30.100000,30.120001,27.880075,128900
2021-06-30,30.120001,30.459999,30.120001,30.430000,28.167023,301800
2021-07-01,31.010000,31.010000,30.660000,30.799999,28.509506,235700
2021-07-02,30.889999,30.889999,30.520000,30.780001,28.490995,283000
2021-07-06,30.860001,30.860001,29.910000,30.070000,27.833796,101700
2021-07-07,30.150000,30.270000,29.549999,29.820000,27.602386,174600
2021-07-08,29.340000,29.790001,29.219999,29.559999,27.361721,421700
2021-07-09,29.840000,30.190001,29.820000,30.160000,27.917105,99500
2021-07-12,30.010000,30.230000,29.750000,30.080000,27.843052,195600
2021-07-13,29.950001,30.080000,29.809999,29.879999,27.657925,198700
2021-07-14,29.969999,30.240000,29.209999,29.270000,27.093288,130500
2021-07-15,29.080000,29.270000,28.870001,28.980000,26.824860,281200
2021-07-16,29.200001,29.200001,28.219999,28.280001,26.176916,222600
2021-07-19,27.559999,27.670000,27.049999,27.350000,25.316078,525800
2021-07-20,27.370001,27.950001,27.260000,27.740000,25.677073,219000
2021-07-21,28.110001,28.650000,28.020000,28.500000,26.380552,152100
2021-07-22,28.469999,28.469999,28.049999,28.250000,26.149145,123800
2021-07-23,28.309999,28.309999,27.920000,28.170000,26.075092,85200
2021-07-26,28.150000,28.830000,28.150000,28.730000,26.593445,94800
2021-07-27,28.549999,28.590000,28.280001,28.510000,26.389809,439800
2021-07-28,28.549999,28.969999,28.379999,28.820000,26.676752,133300
2021-07-29,29.090000,29.320000,29.010000,29.129999,26.963697,124700
2021-07-30,29.040001,29.100000,28.660000,28.809999,26.667500,130200
2021-08-02,28.959999,29.309999,28.520000,28.520000,26.399065,242400
2021-08-03,28.549999,28.980000,28.250000,28.969999,26.815598,191600
2021-08-04,28.730000,28.820000,28.309999,28.309999,26.204681,169200
2021-08-05,28.379999,28.770000,28.360001,28.530001,26.408323,134200
2021-08-06,28.580000,28.780001,28.490000,28.690001,26.556421,150400
2021-08-09,28.450001,28.540001,28.240000,28.370001,26.260220,84500
2021-08-10,28.440001,28.910000,28.440001,28.820000,26.676752,130900
2021-08-11,28.809999,29.139999,28.770000,29.100000,26.935930,179900
2021-08-12,29.020000,29.120001,28.709999,29.010000,26.852625,211500
2021-08-13,29.000000,29.000000,28.750000,28.760000,26.621214,119900
2021-08-16,28.420000,28.459999,28.160000,28.350000,26.241711,160600
2021-08-17,28.120001,28.400000,27.870001,28.059999,25.973274,151100
2021-08-18,28.110001,28.110001,27.520000,27.540001,25.491943,177100
2021-08-19,27.080000,27.190001,26.629999,26.900000,24.899536,247400
2021-08-20,26.719999,27.139999,26.719999,27.030001,25.019873,192600
2021-08-23,27.540001,27.950001,27.530001,27.900000,25.825172,122500
2021-08-24,28.070000,28.370001,28.070000,28.260000,26.158401,110700
2021-08-25,28.190001,28.559999,28.090000,28.430000,26.315758,119400
2021-08-26,28.370001,28.430000,28.020000,28.070000,25.982531,434300
2021-08-27,28.260000,28.959999,28.260000,28.840000,26.695265,215500
2021-08-30,28.990000,29.000000,28.590000,28.600000,26.473118,316700
2021-08-31,28.500000,28.680000,28.410000,28.490000,26.371294,327800
2021-09-01,28.459999,28.570000,28.260000,28.290001,26.186171,232100
2021-09-02,28.670000,28.950001,28.600000,28.889999,26.741547,354500
2021-09-03,28.980000,29.040001,28.770000,28.870001,26.723034,211600
2021-09-07,28.650000,28.940001,28.540001,28.590000,26.463860,175000
2021-09-08,28.639999,28.790001,28.309999,28.330000,26.223194,196500
2021-09-09,28.240000,28.580000,28.190001,28.290001,26.186171,206400
2021-09-10,28.559999,28.639999,28.240000,28.240000,26.139889,741800
2021-09-13,28.480000,29.000000,28.480000,28.840000,26.695265,400100
2021-09-14,29.030001,29.030001,28.389999,28.490000,26.371294,726600
2021-09-15,28.719999,29.330000,28.709999,29.309999,27.130314,330600
2021-09-16,29.240000,29.250000,28.709999,28.830000,26.686010,202000
2021-09-17,28.930000,28.930000,28.410000,28.459999,26.343525,219800
2021-09-20,27.870001,27.980000,27.389999,27.770000,25.704838,392700
2021-09-21,28.080000,28.120001,27.620001,27.830000,25.760378,340300
2021-09-22,28.219999,28.799999,28.219999,28.490000,26.371294,447200
2021-09-23,28.650000,29.260000,28.650000,29.150000,26.982212,146800
2021-09-24,28.680000,29.100000,28.680000,28.980000,27.076582,173100
2021-09-27,29.400000,29.889999,29.400000,29.770000,27.814690,423600
2021-09-28,29.879999,30.100000,29.660000,29.709999,27.758627,483100
2021-09-29,29.650000,29.790001,29.430000,29.650000,27.702574,425800
2021-09-30,29.660000,29.840000,29.370001,29.370001,27.440964,589200
2021-10-01,29.580000,30.010000,29.379999,29.950001,27.982870,562800
2021-10-04,30.160000,30.650000,30.160000,30.379999,28.384624,737500
2021-10-05,30.580000,30.830000,30.240000,30.520000,28.515434,595100
2021-10-06,30.190001,30.370001,29.790001,30.309999,28.319221,576700
2021-10-07,30.389999,30.790001,30.389999,30.660000,28.646235,276100
2021-10-08,30.959999,31.320000,30.959999,31.250000,29.197483,262700
2021-10-11,31.580000,31.799999,31.200001,31.209999,29.160109,449100
2021-10-12,31.260000,31.510000,31.080000,31.309999,29.253544,478200
2021-10-13,31.280001,31.570000,30.940001,31.459999,29.393692,529500
2021-10-14,31.770000,31.980000,31.709999,31.950001,29.851511,395700
2021-10-15,32.139999,32.279999,32.080002,32.080002,29.972973,263100
2021-10-18,32.259998,32.439999,32.000000,32.090000,29.982311,557900
2021-10-19,32.220001,32.419998,32.099998,32.310001,30.187864,294900
2021-10-20,32.150002,32.590000,32.110001,32.590000,30.449472,298700
2021-10-21,32.369999,32.439999,31.930000,32.139999,30.029028,351000
2021-10-22,32.349998,32.470001,32.029999,32.360001,30.234579,288300
2021-10-25,32.660000,32.919998,32.590000,32.750000,30.598961,234100
2021-10-26,32.840000,32.930000,32.639999,32.750000,30.598961,268800
2021-10-27,32.490002,32.610001,31.969999,32.000000,29.898222,244900
2021-10-28,31.940001,32.290001,31.940001,32.270000,30.150492,306800
2021-10-29,32.250000,32.310001,31.889999,31.980000,29.879538,200800
2021-11-01,32.139999,32.509998,32.119999,32.419998,30.290636,485300
2021-11-02,32.360001,32.419998,32.110001,32.240002,30.122461,201500
2021-11-03,31.950001,32.270000,31.889999,32.139999,30.029028,314600
2021-11-04,32.549999,32.549999,31.860001,32.060001,29.954285,212000
2021-11-05,32.459999,32.630001,32.279999,32.540001,30.402758,130600
2021-11-08,32.810001,33.020000,32.689999,32.810001,30.655024,170900
2021-11-09,32.790001,32.910000,32.490002,32.910000,30.748453,116400
2021-11-10,32.880001,32.970001,32.110001,32.270000,30.150492,209700
2021-11-11,32.450001,32.669998,32.419998,32.509998,30.374727,149700
2021-11-12,32.389999,32.570000,32.320000,32.509998,30.374727,99200
2021-11-15,32.490002,32.790001,32.240002,32.650002,30.505533,122200
2021-11-16,32.740002,32.779999,32.509998,32.560001,30.421444,102000
2021-11-17,32.400002,32.720001,32.130001,32.209999,30.094431,156400
2021-11-18,32.139999,32.360001,31.730000,32.029999,29.926254,133400
2021-11-19,31.549999,31.610001,31.100000,31.120001,29.076023,149300
2021-11-22,30.980000,31.750000,30.969999,31.389999,29.328287,140300
2021-11-23,31.590000,32.070000,31.559999,32.029999,29.926254,211500
2021-11-24,31.879999,32.369999,31.879999,32.240002,30.122461,136100
2021-11-26,31.100000,31.260000,30.580000,31.160000,29.113396,140200
2021-11-29,31.670000,31.840000,31.160000,31.320000,29.262888,156800
2021-11-30,30.790001,31.150000,30.410000,30.530001,28.524775,299600
2021-12-01,31.139999,31.370001,30.030001,30.040001,28.066957,255300
2021-12-02,30.000000,30.830000,29.799999,30.730000,28.711637,300000
2021-12-03,31.110001,31.150000,30.299999,30.510000,28.506088,130300
2021-12-06,30.770000,31.330000,30.600000,31.040001,29.001280,189700
2021-12-07,31.450001,31.980000,31.450001,31.740000,29.655302,147800
2021-12-08,31.910000,31.910000,31.670000,31.740000,29.655302,104500
2021-12-09,31.520000,31.520000,31.250000,31.340000,29.281574,222300
2021-12-10,31.690001,31.690001,31.090000,31.500000,29.431065,146900
2021-12-13,31.070000,31.139999,30.549999,30.629999,28.837921,118500
2021-12-14,30.360001,30.879999,30.360001,30.459999,28.677866,174800
2021-12-15,30.350000,30.480000,29.760000,30.370001,28.593136,224500
2021-12-16,30.629999,31.170000,30.629999,30.719999,28.922655,300000
2021-12-17,30.590000,30.650000,30.120001,30.230000,28.461325,320000
2021-12-20,29.600000,29.870001,29.260000,29.850000,28.103558,222900
2021-12-21,30.129999,30.700001,30.129999,30.629999,28.837921,172300
2021-12-22,30.610001,30.950001,30.370001,30.840000,29.035637,135000
2021-12-23,30.930000,31.170000,30.930000,30.959999,29.148615,202500
2021-12-27,30.879999,31.590000,30.709999,31.580000,29.732340,121500
2021-12-28,31.600000,31.820000,31.450001,31.559999,29.713507,196400
2021-12-29,31.500000,31.690001,31.309999,31.469999,29.628777,232700
2021-12-30,31.530001,31.700001,31.320000,31.340000,29.506384,103600
2021-12-31,31.430000,31.590000,31.299999,31.480000,29.638191,103400
2022-01-03,31.520000,32.029999,31.510000,31.990000,30.118355,142900
2022-01-04,32.139999,32.869999,32.139999,32.720001,30.805647,251700
2022-01-05,32.939999,33.310001,32.549999,32.560001,30.655005,344400
2022-01-06,32.930000,33.180000,32.599998,32.990002,31.059849,261100
2022-01-07,33.160000,33.459999,32.959999,33.389999,31.436443,233300
2022-01-10,33.380001,33.439999,32.869999,33.320000,31.370539,330100
2022-01-11,33.500000,34.240002,33.299999,34.209999,32.208469,179100
2022-01-12,34.459999,34.590000,34.180000,34.509998,32.490913,198700
2022-01-13,34.540001,34.740002,34.209999,34.330002,32.321445,167700
2022-01-14,34.369999,34.820000,34.299999,34.799999,32.763950,130900
2022-01-18,35.070000,35.200001,34.369999,34.750000,32.716873,247700
2022-01-19,34.970001,35.060001,34.490002,34.830002,32.792194,314000
2022-01-20,34.830002,35.250000,34.330002,34.369999,32.359104,632300
2022-01-21,34.060001,34.139999,33.369999,33.540001,31.577669,822000
2022-01-24,32.830002,33.669998,32.160000,33.560001,31.596504,876800
2022-01-25,33.360001,34.570000,32.830002,34.419998,32.406181,491500
2022-01-26,34.820000,35.049999,33.910000,34.270000,32.264961,560500
2022-01-27,34.759998,35.139999,34.009998,34.450001,32.434429,745200
2022-01-28,34.250000,34.529999,33.750000,34.410000,32.396767,525400
2022-01-31,34.450001,34.869999,34.020000,34.750000,32.716873,672200
2022-02-01,34.639999,35.720001,34.639999,35.660000,33.573631,879400
2022-02-02,35.730000,35.869999,35.250000,35.810001,33.714855,772500
2022-02-03,35.650002,35.709999,35.160000,35.389999,33.319427,1115800
2022-02-04,35.700001,36.169998,35.540001,35.689999,33.601879,1157400
2022-02-07,35.650002,36.299999,35.349998,36.020000,33.912567,957700
2022-02-08,36.020000,36.020000,35.340000,35.599998,33.517147,1431400
2022-02-09,35.830002,36.200001,35.700001,35.990002,33.884327,1435700
2022-02-10,35.740002,36.490002,35.560001,35.730000,33.639534,1092900
2022-02-11,35.939999,36.730000,35.790001,36.639999,34.496288,1783600
2022-02-14,36.590000,36.590000,35.750000,36.070000,33.959648,1935400
2022-02-15,35.560001,35.930000,35.240002,35.880001,33.780758,1260800
2022-02-16,36.169998,36.650002,36.099998,36.250000,34.129112,1927600
2022-02-17,36.290001,36.520000,36.029999,36.259998,34.138523,1477000
2022-02-18,36.090000,36.360001,35.770000,35.990002,33.884327,1979400
2022-02-22,36.689999,36.750000,35.090000,35.509998,33.432404,2434100
2022-02-23,35.759998,36.110001,35.590000,35.740002,33.648949,1909100
2022-02-24,36.369999,36.369999,34.810001,35.590000,33.507729,2956900
2022-02-25,35.599998,36.570000,35.599998,36.560001,34.420975,1425200
2022-02-28,36.490002,37.220001,36.270000,37.180000,35.004696,1149900
2022-03-01,37.549999,38.049999,37.099998,37.480000,35.287148,1302100
2022-03-02,37.980000,38.480000,37.830002,38.250000,36.012096,1087000
2022-03-03,38.189999,38.509998,38.029999,38.349998,36.106247,1139600
2022-03-04,38.419998,39.349998,38.259998,39.330002,37.028915,856000
2022-03-07,39.830002,40.259998,38.930000,39.560001,37.245457,1623800
2022-03-08,40.029999,40.950001,39.099998,39.799999,37.471409,1388700
2022-03-09,38.919998,39.730000,38.259998,39.119999,36.831196,1113700
2022-03-10,39.270000,40.110001,39.270000,40.049999,37.706783,1307400
2022-03-11,39.500000,40.139999,39.500000,39.700001,37.377266,626100
2022-03-14,39.189999,39.220001,38.209999,38.619999,36.360455,780300
2022-03-15,37.529999,38.110001,37.119999,37.889999,35.673157,1379100
2022-03-16,38.130001,38.330002,37.419998,37.959999,35.739063,828800
2022-03-17,38.430000,39.200001,38.430000,39.150002,36.859444,1022200
2022-03-18,39.070000,39.250000,38.849998,39.119999,36.831196,431100
2022-03-21,39.520000,40.389999,39.520000,40.340000,37.979813,334600
2022-03-22,40.419998,40.419998,39.740002,40.130001,37.782104,380500
2022-03-23,40.500000,40.889999,40.490002,40.660000,38.281090,447400
2022-03-24,40.680000,40.860001,40.410000,40.619999,38.455292,622800
2022-03-25,40.540001,41.500000,40.439999,41.500000,39.288395,404200
2022-03-28,40.880001,40.880001,40.330002,40.580002,38.417419,405600
2022-03-29,39.959999,40.619999,39.439999,40.619999,38.455292,660300
2022-03-30,41.009998,41.290001,40.770000,40.970001,38.786640,497200
2022-03-31,40.779999,41.299999,40.439999,40.450001,38.294353,618400
2022-04-01,40.410000,41.060001,40.410000,40.959999,38.777168,557600
2022-04-04,41.200001,41.270000,40.619999,40.980000,38.796101,520100
2022-04-05,41.180000,41.590000,40.250000,40.330002,38.180740,1805600
2022-04-06,40.580002,40.750000,40.060001,40.340000,38.190208,666700
2022-04-07,40.459999,40.810001,39.900002,40.709999,38.540489,465800
2022-04-08,40.860001,41.709999,40.860001,41.610001,39.392529,488900
2022-04-11,41.250000,41.480000,40.580002,40.660000,38.493149,604200
2022-04-12,41.299999,41.759998,41.070000,41.150002,38.957043,770800
2022-04-13,41.630001,41.840000,41.070000,41.830002,39.600811,1166900
2022-04-14,41.740002,42.180000,41.619999,41.889999,39.657608,389000
2022-04-18,42.310001,42.610001,42.000000,42.380001,40.121498,333800
2022-04-19,42.139999,42.490002,41.869999,42.099998,39.856419,420200
2022-04-20,42.330002,42.630001,41.910000,42.450001,40.187771,745600
2022-04-21,42.639999,42.650002,40.840000,40.990002,38.805573,721700
2022-04-22,40.810001,41.009998,39.709999,39.790001,37.669518,657800
2022-04-25,38.560001,38.889999,37.389999,38.700001,36.637608,2235500
2022-04-26,38.709999,39.279999,38.400002,38.419998,36.372524,1695700
2022-04-27,38.580002,39.320000,38.169998,38.950001,36.874290,927200
2022-04-28,39.320000,40.330002,38.639999,40.040001,37.906200,1132600
2022-04-29,40.209999,40.400002,39.020000,39.119999,37.035229,769900
2022-05-02,38.849998,39.410000,38.549999,39.349998,37.252968,773700
2022-05-03,39.439999,40.570000,39.389999,40.439999,38.284882,884200
2022-05-04,40.970001,41.980000,40.490002,41.900002,39.667076,633100
2022-05-05,42.189999,42.189999,40.270000,41.060001,38.871841,1105200
2022-05-06,41.369999,41.660000,40.500000,41.610001,39.392529,757700
2022-05-09,40.869999,40.869999,38.430000,38.580002,36.524006,1428700
2022-05-10,39.020000,39.639999,37.889999,38.650002,36.590275,1018300
2022-05-11,39.250000,40.250000,38.860001,38.950001,36.874290,837000
2022-05-12,38.790001,39.009998,37.939999,38.790001,36.722816,877900
2022-05-13,39.369999,40.209999,39.270000,39.950001,37.820992,642700
2022-05-16,40.139999,41.090000,40.139999,40.779999,38.606762,728600
2022-05-17,41.220001,41.650002,40.970001,41.459999,39.250526,830100
2022-05-18,41.660000,41.660000,39.939999,40.310001,38.161812,753900
2022-05-19,39.650002,41.009998,39.650002,40.450001,38.294353,1141000
2022-05-20,40.759998,41.139999,39.770000,40.549999,38.389019,1545000
2022-05-23,40.980000,41.730000,40.810001,41.580002,39.364124,904200
2022-05-24,41.259998,41.779999,40.810001,41.639999,39.420929,1048100
2022-05-25,41.599998,42.419998,41.599998,42.340000,40.083630,878100
2022-05-26,42.660000,43.119999,42.599998,42.869999,40.585381,1155100
2022-05-27,42.959999,43.700001,42.770000,43.700001,41.371155,572300
2022-05-31,44.270000,44.470001,42.919998,43.070000,40.774719,1273700
2022-06-01,43.560001,43.930000,43.029999,43.680000,41.352215,880200
2022-06-02,43.650002,44.200001,43.500000,43.930000,41.588890,545800
2022-06-03,43.919998,44.369999,43.880001,44.240002,41.882378,550800
2022-06-06,44.529999,44.529999,44.040001,44.330002,41.967579,360500
2022-06-07,44.110001,45.450001,44.110001,45.430000,43.008957,377900
2022-06-08,45.570000,45.700001,44.970001,45.189999,42.781742,484100
2022-06-09,44.720001,44.720001,43.860001,43.880001,41.753143,455600
2022-06-10,43.439999,43.790001,42.849998,43.290001,41.191738,796000
2022-06-13,41.930000,41.930000,40.410000,41.080002,39.088856,926900
2022-06-14,41.650002,41.970001,40.340000,40.830002,38.850979,1244200
2022-06-15,40.970001,41.070000,39.500000,40.270000,38.318115,706100
2022-06-16,39.189999,39.480000,38.040001,38.299999,36.443604,665400
2022-06-17,38.049999,38.259998,36.200001,36.639999,34.864063,837200
2022-06-21,37.389999,38.349998,37.389999,38.110001,36.262814,548600
2022-06-22,36.689999,37.310001,36.369999,36.709999,34.930668,594400
2022-06-23,36.840000,36.959999,34.959999,35.400002,33.684170,787900
2022-06-24,35.799999,36.680000,35.580002,36.209999,34.454903,584400
2022-06-27,36.580002,37.330002,36.470001,37.150002,35.349342,671900
2022-06-28,37.919998,38.410000,37.389999,37.799999,35.967834,658800
2022-06-29,38.189999,38.380001,36.669998,36.770000,34.987759,602800
2022-06-30,36.200001,36.630001,35.610001,35.980000,34.236053,682500
2022-07-01,36.110001,36.580002,35.290001,36.430000,34.664242,1069000
2022-07-05,35.750000,35.750000,34.200001,34.959999,33.265488,810900
2022-07-06,34.630001,35.180000,33.490002,34.450001,32.780209,823900
2022-07-07,35.230000,35.869999,35.230000,35.630001,33.903023,1233100
2022-07-08,36.009998,36.029999,35.110001,35.500000,33.779316,874400
2022-07-11,35.020000,35.419998,34.750000,35.130001,33.427250,1079900
2022-07-12,34.380001,34.740002,34.070000,34.480000,32.808758,832400
2022-07-13,34.080002,34.950001,34.080002,34.520000,32.846817,976600
2022-07-14,33.459999,33.869999,32.880001,33.849998,32.209293,1627200
2022-07-15,34.410000,34.490002,33.910000,34.369999,32.704086,915600
2022-07-18,35.180000,35.509998,34.910000,35.020000,33.322590,648100
2022-07-19,35.200001,36.119999,35.099998,36.070000,34.321690,334300
2022-07-20,35.910000,36.430000,35.590000,36.320000,34.559570,373800
2022-07-21,35.610001,35.950001,35.009998,35.939999,34.197990,579100
2022-07-22,36.119999,36.380001,35.380001,35.570000,33.845924,638500
2022-07-25,35.830002,36.590000,35.639999,36.570000,34.797455,311100
2022-07-26,36.970001,37.090000,36.180000,36.410000,34.645206,360900
2022-07-27,36.580002,37.380001,36.320000,37.230000,35.425461,427200
2022-07-28,37.700001,37.799999,36.799999,37.459999,35.644314,372700
2022-07-29,37.980000,38.740002,37.950001,38.669998,36.795666,323000
2022-08-01,38.119999,38.169998,37.549999,37.950001,36.110565,398700
2022-08-02,37.889999,38.200001,37.570000,37.770000,35.939293,232000
2022-08-03,38.090000,38.090000,36.750000,37.000000,35.206612,425400
2022-08-04,36.910000,36.910000,35.849998,35.930000,34.188477,452200
2022-08-05,35.419998,36.619999,35.380001,36.419998,34.654724,519000
2022-08-08,36.470001,36.990002,36.470001,36.700001,34.921154,346700
2022-08-09,37.110001,37.470001,36.919998,37.099998,35.301765,179500
2022-08-10,37.410000,37.779999,36.810001,37.570000,35.748985,340100
2022-08-11,38.250000,38.869999,38.150002,38.590000,36.719543,555700
2022-08-12,38.470001,38.980000,38.320000,38.970001,37.081127,296100
2022-08-15,37.880001,38.430000,37.400002,38.270000,36.415062,971900
2022-08-16,38.330002,38.740002,38.099998,38.340000,36.481667,350600
2022-08-17,38.150002,38.680000,37.980000,38.349998,36.491177,774300
2022-08-18,38.740002,39.310001,38.740002,39.270000,37.366585,533600
2022-08-19,39.060001,39.200001,38.820000,39.000000,37.109680,164500
2022-08-22,38.599998,39.070000,38.180000,38.910000,37.024036,169800
2022-08-23,39.360001,40.369999,39.360001,40.020000,38.080231,189400
2022-08-24,40.090000,40.570000,39.910000,40.520000,38.556004,445700
2022-08-25,40.820000,40.959999,40.570000,40.889999,38.908066,292100
2022-08-26,40.919998,41.139999,40.139999,40.189999,38.241997,262600
2022-08-29,40.099998,41.029999,39.980000,40.590000,38.622608,335400
2022-08-30,40.189999,40.189999,38.939999,39.230000,37.328526,707900
2022-08-31,38.610001,39.419998,38.279999,38.869999,36.985977,323200
2022-09-01,38.400002,38.400002,37.580002,37.990002,36.148628,670100
2022-09-02,38.849998,39.169998,38.459999,38.700001,36.824215,462100
2022-09-06,39.070000,39.090000,38.099998,38.180000,36.329418,602800
2022-09-07,37.509998,38.160000,37.299999,38.049999,36.205723,443000
2022-09-08,38.119999,38.470001,37.900002,38.349998,36.491177,560700
2022-09-09,39.020000,39.459999,38.860001,39.290001,37.385620,312600
2022-09-12,39.880001,40.290001,39.560001,39.950001,38.013630,300800
2022-09-13,39.389999,39.830002,38.740002,38.889999,37.005005,380300
2022-09-14,39.130001,40.009998,39.130001,39.700001,37.775749,317900
2022-09-15,39.200001,39.369999,38.599998,38.759998,36.881302,315200
2022-09-16,38.459999,38.490002,37.410000,37.930000,36.091537,272800
2022-09-19,37.009998,38.230000,36.939999,38.200001,36.348450,286800
2022-09-20,37.830002,37.939999,37.340000,37.759998,35.929771,303100
2022-09-21,38.330002,38.389999,37.110001,37.130001,35.330318,231200
2022-09-22,37.669998,37.770000,36.830002,36.830002,35.044857,418300
2022-09-23,35.619999,35.619999,34.169998,34.490002,32.818279,922200
2022-09-26,33.830002,34.259998,33.099998,33.169998,31.948521,1354300
2022-09-27,33.660000,34.080002,33.270000,33.490002,32.256744,1032000
2022-09-28,33.810001,35.130001,33.709999,35.020000,33.730400,467400
2022-09-29,34.720001,34.959999,34.020000,34.889999,33.605183,412800
2022-09-30,34.759998,35.279999,34.430000,34.759998,33.479973,389100
2022-10-03,35.799999,36.720001,35.799999,36.549999,35.204056,499500
2022-10-04,37.349998,38.049999,37.130001,38.029999,36.629555,374700
2022-10-05,37.860001,38.700001,37.380001,38.439999,37.024456,184800
2022-10-06,38.160000,38.840000,38.160000,38.730000,37.303780,522500
2022-10-07,38.750000,39.000000,38.049999,38.320000,36.908878,380800
2022-10-10,38.400002,38.750000,37.540001,37.619999,36.234653,190900
2022-10-11,37.060001,37.970001,36.860001,37.349998,35.974598,169800
2022-10-12,37.279999,37.720001,36.799999,37.490002,36.109444,244700
2022-10-13,36.900002,38.910000,36.820000,38.790001,37.361568,594300
2022-10-14,38.439999,38.849998,37.259998,37.340000,35.964970,460600
2022-10-17,37.919998,38.459999,37.849998,37.950001,36.552505,179300
2022-10-18,38.369999,38.639999,37.599998,38.270000,36.860718,168300
2022-10-19,38.290001,39.080002,38.189999,38.950001,37.515678,204900
2022-10-20,39.270000,39.709999,38.790001,38.980000,37.544571,485400
2022-10-21,39.189999,40.220001,39.070000,40.169998,38.690750,247900
2022-10-24,40.080002,40.439999,39.900002,40.160000,38.681122,203000
2022-10-25,40.099998,40.419998,39.869999,40.380001,38.893021,135900
2022-10-26,40.700001,41.330002,40.599998,40.959999,39.451660,751000
2022-10-27,41.439999,41.709999,40.930000,41.000000,39.490189,275700
2022-10-28,41.250000,41.480000,40.340000,41.009998,39.499821,354000
2022-10-31,40.639999,41.680000,40.639999,41.250000,39.730980,324300
2022-11-01,42.029999,42.029999,41.459999,41.580002,40.048832,184100
2022-11-02,41.450001,41.880001,40.509998,40.570000,39.076019,645500
2022-11-03,40.299999,41.400002,40.150002,41.150002,39.634666,245900
2022-11-04,42.270000,42.590000,41.380001,42.060001,40.511154,441800
2022-11-07,42.270000,42.759998,42.110001,42.660000,41.089058,279800
2022-11-08,42.759998,43.060001,42.230000,42.889999,41.310589,227400
2022-11-09,42.459999,42.459999,40.919998,41.000000,39.490189,182500
2022-11-10,41.980000,42.439999,41.560001,42.410000,40.848263,396600
2022-11-11,43.160000,43.660000,43.049999,43.459999,41.859600,321800
2022-11-14,43.380001,43.910000,43.160000,43.160000,41.570648,207700
2022-11-15,43.369999,43.750000,43.220001,43.660000,42.052235,350000
2022-11-16,43.389999,43.470001,42.700001,42.869999,41.291328,156200
2022-11-17,42.189999,42.779999,42.000000,42.759998,41.185375,277500
2022-11-18,42.139999,42.660000,41.730000,42.570000,41.002373,178400
2022-11-21,41.840000,42.150002,40.880001,42.040001,40.491894,356300
2022-11-22,42.470001,43.450001,42.470001,43.410000,41.811440,210400
2022-11-23,42.799999,43.250000,42.689999,43.099998,41.512856,151700
2022-11-25,43.090000,43.360001,42.919998,42.959999,41.378014,39500
2022-11-28,42.060001,42.400002,41.799999,41.810001,40.270363,225600
2022-11-29,42.290001,42.619999,42.080002,42.340000,40.780842,92200
2022-11-30,42.759998,42.869999,41.980000,42.799999,41.223904,206600
2022-12-01,43.110001,43.349998,42.639999,42.680000,41.108322,319600
2022-12-02,42.310001,42.730000,42.310001,42.520000,40.954212,116000
2022-12-05,42.830002,42.910000,40.990002,41.230000,39.711716,183600
2022-12-06,40.970001,41.520000,40.130001,40.369999,38.883389,186800
2022-12-07,40.400002,40.860001,40.009998,40.259998,38.777435,111800
2022-12-08,40.990002,41.080002,39.930000,40.090000,38.613701,237700
2022-12-09,40.080002,40.389999,39.310001,39.310001,37.862423,121000
2022-12-12,39.490002,40.180000,39.299999,40.150002,38.671490,159700
2022-12-13,40.840000,41.009998,40.310001,40.570000,39.400845,234300
2022-12-14,40.740002,40.840000,40.110001,40.369999,39.206612,222700
2022-12-15,39.830002,40.029999,39.369999,39.880001,38.730732,191800
2022-12-16,39.049999,39.509998,38.939999,39.349998,38.216003,135000
2022-12-19,39.689999,39.820000,38.900002,39.169998,38.041187,127300
2022-12-20,39.160000,39.930000,39.160000,39.770000,38.623905,89100
2022-12-21,40.389999,40.630001,40.049999,40.509998,39.342575,130900
2022-12-22,40.430000,40.430000,38.910000,39.619999,38.478222,107200
2022-12-23,39.919998,40.740002,39.840000,40.730000,39.556232,102000
2022-12-27,41.020000,41.270000,40.779999,41.160000,39.973843,94300
2022-12-28,41.060001,41.060001,39.990002,40.080002,38.924973,261300
2022-12-29,40.009998,40.689999,40.009998,40.529999,39.362000,91800
2022-12-30,40.310001,40.709999,40.310001,40.660000,39.488255,103200
2023-01-03,40.570000,40.750000,39.110001,39.480000,38.342258,212100
2023-01-04,39.090000,39.970001,39.090000,39.779999,38.633614,212600
2023-01-05,39.650002,40.340000,39.590000,40.160000,39.002663,132000
2023-01-06,40.669998,41.400002,40.660000,41.060001,39.876728,237700
2023-01-09,41.720001,41.779999,41.090000,41.119999,39.934998,136200
2023-01-10,41.230000,41.450001,40.779999,41.410000,40.216637,79700
2023-01-11,41.720001,41.830002,41.180000,41.570000,40.372032,129500
2023-01-12,41.910000,42.590000,41.759998,42.349998,41.129547,101200
2023-01-13,42.240002,42.590000,41.990002,42.500000,41.275227,103200
2023-01-17,42.599998,42.779999,42.270000,42.389999,41.168392,161000
2023-01-18,42.740002,43.080002,41.709999,41.720001,40.517704,457700
2023-01-19,41.500000,42.299999,41.470001,42.130001,40.915890,204900
2023-01-20,42.299999,42.689999,41.880001,42.689999,41.459751,150400
2023-01-23,42.770000,43.009998,42.619999,42.770000,41.537445,351400
2023-01-24,42.599998,42.630001,41.910000,42.570000,41.343208,232800
2023-01-25,42.330002,42.610001,41.799999,42.610001,41.382057,184700
2023-01-26,43.160000,43.529999,42.540001,43.509998,42.256119,305600
2023-01-27,43.330002,43.669998,42.950001,43.009998,41.770531,220600
2023-01-30,42.639999,42.779999,42.150002,42.160000,40.945026,434400
2023-01-31,42.119999,42.680000,41.849998,42.669998,41.440327,123500
2023-02-01,42.459999,42.549999,41.389999,42.070000,40.857620,107500
2023-02-02,41.959999,42.040001,40.939999,41.299999,40.109806,309700
2023-02-03,41.200001,41.849998,40.930000,41.000000,39.818455,133900
2023-02-06,40.900002,41.119999,40.299999,40.689999,39.517387,102700
2023-02-07,40.869999,41.779999,40.700001,41.680000,40.478855,95500
2023-02-08,41.759998,41.820000,41.070000,41.310001,40.119522,184900
2023-02-09,41.439999,41.520000,40.840000,40.910000,39.731049,176700
2023-02-10,41.349998,42.150002,41.349998,42.110001,40.896469,80100
2023-02-13,41.930000,42.189999,41.650002,42.060001,40.847908,78200
2023-02-14,41.840000,42.349998,41.650002,42.150002,40.935314,48600
2023-02-15,41.619999,41.619999,41.130001,41.610001,40.410873,51400
2023-02-16,41.299999,41.689999,41.150002,41.169998,39.983555,108700
2023-02-17,40.610001,40.680000,39.810001,39.959999,38.808426,84500
2023-02-21,39.759998,40.049999,39.500000,39.570000,38.429665,71800
2023-02-22,39.520000,39.700001,39.099998,39.330002,38.196583,72500
2023-02-23,39.660000,39.990002,39.320000,39.759998,38.614189,105000
2023-02-24,39.299999,39.830002,39.040001,39.799999,38.653034,97500
2023-02-27,39.849998,40.139999,39.709999,39.980000,38.827850,243000
2023-02-28,40.270000,40.270000,39.509998,39.509998,38.371395,76300
2023-03-01,39.680000,40.490002,39.630001,40.330002,39.167763,93300
2023-03-02,40.200001,40.860001,40.090000,40.720001,39.546524,119700
2023-03-03,40.480000,41.439999,40.430000,41.320000,40.129230,39100
2023-03-06,41.099998,41.130001,40.830002,41.009998,39.828167,197600
2023-03-07,40.849998,40.849998,40.070000,40.169998,39.012371,46400
2023-03-08,40.070000,40.500000,39.619999,39.919998,38.769581,79500
2023-03-09,40.090000,40.570000,39.240002,39.270000,38.138309,93700
2023-03-10,39.290001,39.700001,38.570000,38.709999,37.594448,88800
2023-03-13,38.040001,38.860001,37.540001,38.160000,37.060299,151200
2023-03-14,38.279999,39.139999,37.869999,38.410000,37.303093,104300
2023-03-15,37.419998,37.419998,36.020000,36.580002,35.525837,231800
2023-03-16,35.970001,37.040001,35.790001,36.980000,35.914307,352500
2023-03-17,36.779999,37.000000,36.240002,36.540001,35.486988,163300
2023-03-20,36.639999,37.490002,36.639999,37.299999,36.225082,275200
2023-03-21,37.810001,38.279999,37.709999,38.169998,37.070011,69000
2023-03-22,38.200001,38.490002,37.520000,37.520000,36.438744,119500
2023-03-23,37.410000,37.830002,36.570000,36.880001,36.099091,126700
2023-03-24,36.330002,37.130001,36.119999,37.029999,36.245911,148700
2023-03-27,37.299999,37.849998,37.070000,37.660000,36.862572,118700
2023-03-28,37.580002,38.349998,37.580002,38.230000,37.420502,96400
2023-03-29,38.560001,38.759998,38.439999,38.720001,37.900127,205700
2023-03-30,39.029999,39.029999,38.689999,38.869999,38.046951,101800
2023-03-31,39.029999,39.189999,38.930000,39.169998,38.340599,143200
2023-04-03,40.430000,40.830002,40.290001,40.680000,39.818630,164500
2023-04-04,40.740002,40.740002,39.770000,40.139999,39.290062,167300
2023-04-05,40.020000,40.450001,39.790001,40.450001,39.593498,139800
2023-04-06,40.340000,40.340000,39.959999,40.029999,39.182388,149300
2023-04-10,39.970001,40.540001,39.970001,40.240002,39.387947,105800
2023-04-11,40.470001,40.860001,40.380001,40.639999,39.779472,70300
2023-04-12,40.900002,40.959999,40.580002,40.689999,39.828415,137300
2023-04-13,40.779999,41.209999,40.709999,41.090000,40.219944,54900
2023-04-14,41.119999,41.310001,40.820000,41.049999,40.180794,52200
2023-04-17,40.939999,41.009998,40.509998,40.650002,39.789261,215500
2023-04-18,40.619999,40.779999,40.480000,40.700001,39.838203,72400
2023-04-19,40.360001,40.490002,40.160000,40.490002,39.632648,73100
2023-04-20,40.110001,40.160000,39.849998,40.139999,39.290062,376500
2023-04-21,40.209999,40.209999,39.650002,39.830002,38.986626,62200
2023-04-24,39.720001,40.380001,39.709999,40.270000,39.417309,51800
2023-04-25,39.959999,39.959999,39.330002,39.480000,38.644039,120100
2023-04-26,39.439999,39.520000,38.779999,38.959999,38.135044,133900
2023-04-27,38.959999,39.330002,38.779999,39.220001,38.389542,85600
2023-04-28,39.169998,40.020000,39.169998,39.860001,39.015991,105600
2023-05-01,39.560001,39.930000,39.450001,39.560001,38.722343,65000
2023-05-02,39.240002,39.240002,37.930000,38.259998,37.449867,607400
2023-05-03,37.860001,38.220001,37.650002,37.689999,36.891933,170200
2023-05-04,37.779999,38.009998,37.520000,37.570000,36.774483,309800
2023-05-05,38.270000,38.740002,38.270000,38.509998,37.694572,158000
2023-05-08,39.000000,39.060001,38.509998,38.520000,37.704365,59700
2023-05-09,38.270000,38.799999,38.270000,38.540001,37.723938,307100
2023-05-10,38.799999,38.799999,37.919998,38.240002,37.430290,72000
2023-05-11,37.790001,37.889999,37.480000,37.669998,36.872360,76000
2023-05-12,37.820000,38.020000,37.480000,37.730000,36.931091,108700
2023-05-15,37.860001,38.220001,37.700001,38.049999,37.244316,93000
2023-05-16,37.910000,37.990002,37.060001,37.060001,36.275280,77800
2023-05-17,37.389999,37.750000,37.169998,37.610001,36.813633,222800
2023-05-18,37.389999,37.770000,37.080002,37.740002,36.940884,134800
2023-05-19,38.020000,38.189999,37.810001,37.919998,37.117065,81700
2023-05-22,37.880001,38.240002,37.830002,37.950001,37.146435,71000
2023-05-23,38.160000,38.459999,37.980000,38.080002,37.273682,70100
2023-05-24,38.279999,38.279999,37.779999,37.990002,37.185585,92200
2023-05-25,37.549999,37.549999,37.049999,37.310001,36.519985,120800
2023-05-26,37.560001,37.630001,37.099998,37.270000,36.480835,64700
2023-05-30,36.930000,36.980000,36.619999,36.919998,36.138241,75500
2023-05-31,36.509998,36.540001,36.330002,36.419998,35.648827,250000
2023-06-01,36.480000,37.340000,36.400002,37.009998,36.226334,1843300
2023-06-02,37.590000,38.230000,37.529999,38.099998,37.293255,624700
2023-06-05,38.520000,38.580002,37.869999,37.889999,37.087704,206200
2023-06-06,37.500000,38.230000,37.500000,38.209999,37.400925,725200
2023-06-07,38.110001,38.779999,38.110001,38.730000,38.143509,135900
2023-06-08,38.720001,38.889999,38.119999,38.639999,38.054874,220800
2023-06-09,38.599998,38.779999,38.369999,38.450001,37.867752,165300
2023-06-12,38.000000,38.360001,37.860001,38.080002,37.503353,475000
2023-06-13,38.490002,38.959999,38.330002,38.340000,37.759418,132300
2023-06-14,38.700001,38.820000,37.770000,38.029999,37.454109,234200
2023-06-15,38.009998,38.630001,38.009998,38.410000,37.828358,233000
2023-06-16,38.570000,38.630001,38.320000,38.459999,37.877598,80400
2023-06-20,38.139999,38.139999,37.430000,37.650002,37.079868,75000
2023-06-21,37.560001,38.130001,37.509998,37.930000,37.355625,138400
2023-06-22,37.570000,37.590000,37.320000,37.490002,36.922291,240600
2023-06-23,37.160000,37.259998,36.939999,37.130001,36.567741,101600
2023-06-26,37.130001,37.930000,37.130001,37.740002,37.168503,105800
2023-06-27,37.759998,37.959999,37.570000,37.910000,37.335926,66100
2023-06-28,37.930000,38.080002,37.500000,38.070000,37.493504,108200
2023-06-29,38.070000,38.500000,38.070000,38.500000,37.916992,46800
2023-06-30,38.669998,38.980000,38.520000,38.820000,38.232147,168200
2023-07-03,38.849998,39.240002,38.849998,39.009998,38.419270,35200
2023-07-05,39.110001,39.110001,38.480000,38.590000,38.005630,69600
2023-07-06,38.290001,38.290001,37.529999,37.810001,37.237446,45500
2023-07-07,37.680000,38.889999,37.660000,38.610001,38.025326,68200
2023-07-10,38.509998,38.880001,38.470001,38.860001,38.271545,75800
2023-07-11,39.040001,39.660000,39.009998,39.610001,39.010185,54400
2023-07-12,39.930000,40.160000,39.869999,40.049999,39.443520,69900
2023-07-13,40.090000,40.410000,39.910000,40.169998,39.561703,202600
2023-07-14,39.970001,40.110001,39.240002,39.259998,38.665482,64700
2023-07-17,39.080002,39.349998,39.070000,39.209999,38.616241,462900
2023-07-18,39.189999,39.990002,39.139999,39.730000,39.128365,56400
2023-07-19,39.720001,40.060001,39.689999,39.869999,39.266247,43900
2023-07-20,40.049999,40.230000,39.860001,40.099998,39.492764,28800
2023-07-21,40.220001,40.360001,40.000000,40.349998,39.738976,204100
2023-07-24,40.439999,41.110001,40.439999,40.880001,40.260952,71300
2023-07-25,40.830002,41.400002,40.799999,41.180000,40.556408,78600
2023-07-26,40.889999,41.279999,40.840000,41.150002,40.526867,76000
2023-07-27,41.290001,41.389999,40.669998,40.750000,40.132923,52900
2023-07-28,40.610001,41.029999,40.529999,41.029999,40.408680,89200
2023-07-31,41.270000,41.730000,41.270000,41.680000,41.048840,57100
2023-08-01,41.490002,41.490002,41.049999,41.419998,40.792774,34400
2023-08-02,41.150002,41.150002,40.490002,40.790001,40.172318,62600
2023-08-03,40.790001,41.470001,40.669998,41.150002,40.526867,59600
2023-08-04,41.340000,41.779999,41.209999,41.230000,40.605652,59300
2023-08-07,41.349998,41.480000,41.160000,41.279999,40.654896,125800
2023-08-08,40.720001,41.410000,40.430000,41.400002,40.773079,90000
2023-08-09,41.720001,42.160000,41.560001,41.759998,41.127625,131300
2023-08-10,41.889999,42.169998,41.520000,41.759998,41.127625,180500
2023-08-11,41.680000,42.240002,41.680000,42.209999,41.570812,65500
2023-08-14,42.049999,42.070000,41.660000,41.950001,41.314751,74300
2023-08-15,41.509998,41.520000,41.009998,41.060001,40.438229,28900
2023-08-16,41.080002,41.389999,40.759998,40.790001,40.172318,168200
2023-08-17,41.250000,41.610001,41.119999,41.119999,40.497318,57500
2023-08-18,40.970001,41.400002,40.830002,41.360001,40.733685,37600
2023-08-21,41.459999,41.639999,40.970001,41.200001,40.576111,51900
2023-08-22,41.250000,41.360001,40.990002,40.990002,40.369289,58900
2023-08-23,40.750000,41.090000,40.459999,41.020000,40.398834,56900
2023-08-24,40.689999,41.099998,40.660000,40.689999,40.073830,51500
2023-08-25,40.970001,41.130001,40.529999,40.959999,40.339741,49200
2023-08-28,41.040001,41.560001,41.040001,41.349998,40.723835,93300
2023-08-29,41.180000,41.700001,41.110001,41.689999,41.058685,442200
2023-08-30,41.860001,42.000000,41.820000,41.889999,41.255657,44300
2023-08-31,42.060001,42.130001,41.730000,41.900002,41.265511,63600
2023-09-01,42.240002,42.669998,42.240002,42.610001,41.964756,49400
2023-09-05,42.810001,42.970001,42.500000,42.500000,41.856422,146500
2023-09-06,42.389999,42.599998,42.090000,42.349998,41.708691,109900
2023-09-07,42.279999,42.520000,42.169998,42.230000,41.590508,42900
2023-09-08,42.380001,42.799999,42.380001,42.560001,41.915516,31800
2023-09-11,42.830002,43.000000,42.080002,42.189999,41.551117,34400
2023-09-12,42.480000,43.000000,42.480000,42.939999,42.289757,40900
2023-09-13,42.970001,43.099998,42.500000,42.680000,42.033695,59800
2023-09-14,43.119999,43.369999,43.119999,43.270000,42.614761,127100
2023-09-15,43.150002,43.349998,42.830002,42.880001,42.230667,110800
2023-09-18,43.139999,43.209999,42.799999,43.029999,42.378395,72300
2023-09-19,43.270000,43.330002,42.380001,42.590000,41.945057,60100
2023-09-20,42.459999,42.900002,42.279999,42.299999,41.659447,54900
2023-09-21,42.299999,42.400002,41.570000,41.590000,40.960201,70500
2023-09-22,41.889999,42.160000,41.610001,41.610001,40.979900,43500
2023-09-25,41.580002,42.119999,41.570000,42.090000,41.452629,51100
2023-09-26,41.450001,41.700001,41.320000,41.400002,41.084457,46200
2023-09-27,41.840000,42.279999,41.700001,42.119999,41.798969,80200
2023-09-28,42.110001,42.450001,42.029999,42.279999,41.957748,62900
2023-09-29,42.419998,42.419998,41.509998,41.590000,41.273010,67600
2023-10-02,41.500000,41.529999,40.410000,40.660000,40.350098,385900
2023-10-03,40.389999,40.669998,40.180000,40.560001,40.250858,191700
2023-10-04,40.180000,40.180000,39.180000,39.470001,39.169167,467900
2023-10-05,39.070000,39.689999,39.070000,39.459999,39.159241,162900
2023-10-06,39.590000,40.189999,39.200001,39.840000,39.536346,200600
2023-10-09,40.810001,41.189999,40.570000,41.049999,40.737122,93900
2023-10-10,41.139999,41.389999,41.000000,41.180000,40.866135,46200
2023-10-11,40.950001,41.060001,40.529999,41.040001,40.727200,64700
2023-10-12,41.389999,41.389999,40.619999,40.889999,40.578342,83700
2023-10-13,41.490002,41.750000,41.389999,41.580002,41.263088,63800
2023-10-16,41.840000,42.000000,41.529999,41.910000,41.590569,170700
2023-10-17,41.779999,42.410000,41.779999,42.299999,41.977596,45700
2023-10-18,42.400002,42.619999,42.230000,42.380001,42.056988,89900
2023-10-19,42.189999,42.580002,41.959999,42.240002,41.918056,55300
2023-10-20,42.119999,42.119999,41.570000,41.580002,41.263088,98800
2023-10-23,41.279999,41.380001,40.919998,41.049999,40.737122,149800
2023-10-24,41.099998,41.130001,40.700001,40.700001,40.389793,58100
2023-10-25,40.639999,40.770000,40.459999,40.549999,40.240932,69000
2023-10-26,40.279999,40.430000,39.959999,40.279999,39.972992,56400
2023-10-27,40.290001,40.290001,39.560001,39.730000,39.427185,158800
2023-10-30,39.830002,40.000000,39.490002,39.820000,39.516499,60800
2023-10-31,39.889999,40.040001,39.619999,39.910000,39.605812,85100
2023-11-01,40.139999,40.320000,39.880001,39.959999,39.655430,41200
2023-11-02,40.090000,41.150002,40.090000,41.110001,40.796669,144800
2023-11-03,41.180000,41.380001,40.820000,41.020000,40.707352,42900
2023-11-06,41.169998,41.169998,40.439999,40.529999,40.221085,197800
2023-11-07,40.070000,40.070000,39.490002,39.590000,39.288254,81500
2023-11-08,39.470001,39.639999,39.049999,39.099998,38.801987,89700
2023-11-09,39.360001,39.529999,39.009998,39.020000,38.722595,74900
2023-11-10,39.330002,39.389999,39.000000,39.380001,39.079853,111100
2023-11-13,39.349998,39.689999,39.330002,39.560001,39.258480,93800
2023-11-14,39.880001,40.290001,39.830002,40.169998,39.863831,54100
2023-11-15,40.110001,40.570000,40.080002,40.110001,39.804291,46500
2023-11-16,39.820000,39.950001,39.130001,39.480000,39.179089,134900
2023-11-17,39.709999,40.369999,39.709999,40.160000,39.853909,48600
2023-11-20,40.369999,40.439999,40.169998,40.220001,39.913452,194300
2023-11-21,40.139999,40.320000,40.009998,40.189999,39.883678,72800
2023-11-22,39.599998,40.230000,39.400002,40.209999,39.903526,98100
2023-11-24,40.130001,40.619999,40.130001,40.389999,40.082153,22900
2023-11-27,40.209999,40.259998,39.980000,40.230000,39.923374,206500
2023-11-28,40.310001,40.689999,40.240002,40.430000,40.121849,52800
2023-11-29,40.660000,40.660000,40.250000,40.349998,40.042458,78200
2023-11-30,40.599998,41.020000,40.259998,40.669998,40.360020,43200
2023-12-01,40.560001,41.340000,40.560001,41.000000,40.687504,57700
2023-12-04,40.650002,40.880001,40.529999,40.650002,40.340176,97800
2023-12-05,40.580002,40.630001,39.950001,39.950001,39.645508,42400
2023-12-06,39.889999,40.049999,39.340000,39.349998,39.050079,68400
2023-12-07,39.540001,39.650002,39.080002,39.220001,38.921074,41500
2023-12-08,39.430000,39.700001,39.400002,39.590000,39.288254,99200
2023-12-11,39.509998,39.650002,39.400002,39.570000,39.268406,255900
2023-12-12,39.270000,39.270000,38.820000,39.029999,38.732517,105700
2023-12-13,39.029999,39.849998,38.950001,39.849998,39.546268,178900
2023-12-14,40.270000,41.040001,40.270000,40.930000,40.618038,126400
2023-12-15,40.799999,40.799999,40.490002,40.610001,40.300480,70000
2023-12-18,41.060001,41.410000,40.919998,40.919998,40.608112,59400
2023-12-19,41.029999,41.470001,41.029999,41.459999,41.143997,56300